age,gender,zip_code,daily_kcal,protein_g,carbs_g,fat_g,fruit_portions
37,female,6216,1799,161,169,58,3
38,female,3534,2355,220,217,56,4
32,female,9721,2543,88,242,133,1
18,female,3026,1926,78,324,28,5
62,male,5014,2313,91,460,20,4
40,female,5012,2012,176,149,75,2
52,male,2517,2098,118,289,48,10
41,female,1823,1783,204,209,21,5
84,female,5646,1793,30,254,77,6
55,female,9711,2074,178,279,31,3
65,female,3515,2063,220,275,20,4
85,female,6211,1627,65,213,53,4
22,male,2014,2375,78,160,158,5
88,female,5022,1854,119,217,57,6
53,male,9731,2066,152,354,20,6
87,female,1036,1818,47,247,71,4
30,male,1036,2516,55,421,70,2
34,male,4816,2514,220,311,22,1
44,male,1028,2368,204,273,49,3
72,male,2014,2223,107,334,49,4
29,female,1825,2350,30,362,93,1
77,female,3531,1890,47,212,93,5
18,female,4816,2003,43,286,78,3
57,female,1033,1986,57,342,41,2
67,male,9735,2514,62,257,143,2
49,male,3024,2206,132,390,20,3
59,female,1046,2139,30,474,20,1
53,female,1046,1860,152,304,20,1
75,male,3026,1752,220,110,30,5
56,male,5022,2186,119,406,20,7
24,female,2014,2162,104,373,28,0
78,female,4825,2552,185,242,92,5
54,male,1033,2481,85,426,41,2
21,other,5622,2857,220,357,20,5
47,female,5634,1629,105,127,78,3
23,male,9712,2315,75,168,150,0
86,female,5014,1592,99,287,20,6
60,female,9731,1704,167,147,46,2
42,female,3548,2044,220,201,20,2
38,male,3531,2252,207,346,20,4
67,female,3024,1961,110,257,57,4
42,female,1028,1382,97,199,20,4
77,male,6224,1903,220,190,20,5
53,male,6514,2411,141,282,80,5
63,female,1046,1588,88,157,68,4
28,male,4817,2484,98,349,82,2
49,male,3534,2226,79,161,144,3
33,female,5012,2414,74,328,93,8
24,male,3542,1974,55,199,108,3
45,male,6535,1963,87,359,20,4
77,male,9735,1952,88,123,117,4
36,male,4816,2615,220,268,20,2
75,female,3534,2145,153,352,20,4
60,male,9731,1721,189,219,20,2
77,male,1046,1775,61,324,24,8
76,male,3035,2014,58,445,20,2
87,female,5033,1631,41,280,35,2
59,male,9721,2087,86,216,98,3
72,other,1813,1992,137,271,46,2
88,male,4811,2357,72,258,110,2
75,female,6224,1797,35,224,84,2
83,male,1813,1995,114,298,33,4
40,male,5612,2322,42,297,102,3
24,female,5634,2265,122,362,39,3
37,male,3514,2702,206,367,50,5
59,female,3511,2146,83,349,48,3
46,female,5634,1991,132,327,20,0
57,male,5612,2342,220,197,71,5
59,male,5033,2424,68,259,122,3
32,female,9712,2227,58,222,121,1
62,female,1031,1896,82,306,42,4
68,male,1023,2160,70,386,37,3
89,female,3542,2176,220,195,31,2
66,female,9728,2151,143,354,20,5
19,female,5025,1715,184,237,20,5
64,female,6211,1844,59,257,67,3
35,female,4811,2340,195,352,20,3
41,male,6211,2286,54,366,74,4
58,male,3041,2137,211,244,35,1
25,female,3035,2172,46,285,97,2
86,male,3534,2110,82,323,53,3
63,female,3514,2280,181,261,62,3
27,male,5616,1756,126,275,20,2
80,female,9735,1845,44,91,145,4
58,female,4822,1542,57,245,36,4
85,male,3542,1953,30,156,131,8
50,female,6221,2114,88,421,20,3
78,female,5022,2135,91,434,20,8
25,male,5621,2311,106,448,20,2
60,male,3542,2212,220,284,20,3
85,female,1023,2022,78,410,20,4
25,female,6211,2046,188,308,20,3
51,other,3035,2167,90,282,67,4
60,male,5012,2282,142,238,79,10
35,male,1031,1889,156,176,63,2
72,male,8927,2515,199,357,29,4
37,male,5621,2069,139,307,33,4
67,male,3035,2543,104,406,49,4
72,female,6224,1640,90,208,46,3
42,male,6211,2252,128,318,49,1
37,female,1031,2052,175,246,38,3
52,male,3023,2453,41,436,68,2
54,male,6216,2163,99,433,20,3
72,female,4822,1929,97,173,90,2
47,male,3515,2252,122,345,39,1
40,male,3515,2369,168,397,20,4
54,male,3024,2546,80,239,143,1
59,female,9711,1983,95,331,28,3
22,female,1046,2266,220,207,57,3
50,male,1825,1857,162,248,20,2
21,female,6216,2171,107,408,20,2
87,male,5014,2053,165,236,49,7
21,male,6535,2009,161,293,21,5
84,male,1031,2132,47,325,72,1
18,male,1031,2186,57,242,107,0
63,female,1823,1716,140,276,20,5
50,female,2014,1804,67,167,90,0
26,male,3516,2305,54,342,84,0
71,other,3511,2215,51,329,84,3
82,male,5621,1936,50,253,86,0
54,female,1825,1635,136,219,20,1
40,male,5632,2443,180,407,20,4
60,male,3548,2119,86,223,94,3
85,female,1036,1801,90,197,70,5
70,female,5646,2113,120,293,51,8
84,male,4816,2332,220,264,38,2
24,male,5616,2512,220,192,56,4
78,female,5045,2172,30,477,24,7
82,female,4811,1836,39,416,20,5
88,female,1028,1606,149,114,57,6
60,female,3515,1811,59,273,57,1
59,female,3024,2090,114,387,20,3
75,female,3515,1939,184,300,20,3
47,male,3024,2289,30,303,116,3
84,female,6535,1433,51,231,35,4
44,male,6221,2548,62,458,54,2
82,male,5622,2056,106,391,20,6
44,male,6224,1874,57,404,20,5
58,female,6211,2300,148,324,43,9
38,female,3511,1981,97,201,80,3
75,female,9721,1851,37,153,116,3
57,female,5632,2299,64,283,105,5
77,male,5622,2187,135,398,20,5
31,female,5025,2118,56,432,21,2
35,male,1813,2178,107,224,91,2
81,female,4811,1868,179,179,47,1
35,female,4817,1658,129,237,20,2
72,male,1028,2113,103,251,81,3
61,male,5612,2192,114,414,20,4
85,female,3516,1626,72,213,51,1
68,female,6216,1743,37,253,69,5
33,female,1028,1825,175,256,20,2
87,male,9712,2091,34,440,22,1
51,male,6221,2588,154,364,53,5
75,male,9721,1818,98,210,62,1
73,female,1036,2189,220,145,72,1
71,female,3514,1873,122,161,78,4
35,male,1825,1998,95,255,71,5
72,female,8921,1515,30,196,74,2
84,female,9721,1859,78,315,33,3
48,female,6221,2093,107,336,42,0
71,female,2517,2045,146,359,20,5
29,female,5014,1998,55,316,54,4
51,female,5045,1583,220,156,20,5
39,male,9721,2752,174,347,73,3
43,female,2014,1995,75,87,151,5
63,female,6216,1764,170,222,20,1
33,male,6535,1679,125,271,20,2
83,male,3024,2178,66,379,39,4
79,female,1036,1886,64,282,57,5
27,male,1046,2619,111,390,68,4
43,female,5022,2433,110,492,20,2
24,female,1035,2260,220,155,53,2
66,male,6514,1756,177,177,39,3
82,male,1823,2421,182,414,20,4
65,female,1028,1660,70,80,119,1
20,female,2014,2189,68,438,20,7
50,male,6514,2256,98,437,20,1
38,male,4816,2257,79,269,95,3
71,female,2014,2495,129,366,60,3
41,male,6216,2351,101,288,91,1
44,female,5612,2145,95,372,28,7
82,male,4825,2269,220,213,41,1
82,female,5616,1647,214,201,20,4
56,female,5622,2532,102,404,58,4
30,male,3548,1845,209,185,28,1
19,male,5033,2447,144,216,111,3
22,male,5022,2558,190,427,20,5
79,female,1023,2235,103,440,20,4
27,male,9711,2458,218,169,103,1
18,female,5022,2103,108,327,36,3
57,male,3026,2003,99,324,32,8
55,female,9731,1853,220,116,44,3
43,male,6224,1838,169,169,56,2
19,female,5014,2233,120,337,45,4
26,male,8921,2734,220,227,100,4
86,male,4816,1974,40,373,40,3
48,female,1033,1797,30,342,41,4
87,male,1046,1548,45,186,63,4
67,female,4816,2227,213,308,20,3
43,male,3515,2126,67,404,27,3
29,female,5022,2257,171,335,25,4
85,female,4817,1986,30,407,38,3
31,female,5622,2426,80,262,112,4
61,female,6514,1682,115,254,25,1
21,female,5045,2436,220,167,93,4
55,female,2517,2223,206,337,20,3
20,male,6514,2320,103,282,87,1
75,female,8927,2335,160,392,20,5
53,male,4825,2288,170,349,26,2
55,male,1028,2319,153,136,132,2
70,female,5632,1677,40,290,44,2
55,female,3531,2106,39,428,30,6
74,male,2545,2047,56,439,20,0
53,male,8912,2217,105,188,110,1
43,female,5632,2006,89,346,32,3
44,other,5646,2223,208,231,55,5
84,male,9712,1930,48,94,149,3
32,female,5025,1946,65,414,20,4
56,female,3511,2231,108,237,90,3
54,male,8921,2773,220,102,120,1
87,female,1031,1843,43,221,84,6
22,female,4817,2245,207,286,34,3
31,female,3035,2483,220,323,20,2
32,female,3514,2311,162,241,83,3
35,male,5022,2459,220,359,20,7
74,female,8912,1571,45,210,59,5
44,female,1823,1915,98,333,28,5
87,male,5632,2352,220,196,49,1
52,female,2545,2062,65,353,43,1
18,female,3024,2465,207,249,63,2
32,female,9712,2055,30,297,80,1
81,male,5012,1691,184,121,55,1
84,female,5616,2175,51,366,55,7
29,female,5644,1907,220,126,28,2
75,female,4816,1895,30,412,30,4
74,female,1046,1783,61,379,20,1
21,female,5022,2653,99,572,20,3
33,male,3516,2609,105,345,96,3
31,female,5612,2168,157,221,72,2
64,female,3023,2053,152,80,131,4
24,female,2517,2230,220,253,20,5
69,female,1825,1643,69,216,58,0
57,female,5014,2111,171,348,20,0
74,female,1825,1200,30,240,20,4
83,female,5634,1769,131,178,64,7
53,male,9728,2686,220,332,20,3
29,male,5033,2435,30,230,158,2
56,female,1825,2384,117,442,20,4
88,female,1031,1604,32,292,38,4
56,female,5622,2133,154,321,26,4
25,male,4825,2511,220,253,31,3
45,male,5634,1947,167,195,54,5
77,female,3534,1485,127,171,38,7
52,female,9728,2301,116,345,53,6
55,male,5045,2480,190,382,29,1
87,female,1036,1970,70,242,73,5
67,female,9728,1903,113,347,20,0
21,male,5025,1912,45,413,20,4
44,female,4817,1991,125,195,84,2
35,male,6535,1822,70,310,36,0
57,female,2517,2066,153,357,20,5
50,male,1031,2095,109,339,33,5
40,male,9712,2620,90,151,180,2
26,male,1825,2173,150,152,103,4
55,female,5632,1636,95,274,20,1
46,male,6211,2575,51,435,76,2
78,male,3534,2296,78,378,57,1
21,male,1035,2369,121,183,121,1
62,female,5022,2215,91,435,20,5
39,female,5621,1829,91,264,44,3
88,female,5045,2250,96,335,58,5
83,male,5612,2053,30,474,20,2
57,female,5616,1645,116,206,36,6
23,female,8927,2673,165,370,59,2
38,male,1023,2143,220,229,20,1
73,female,6216,1950,164,271,20,6
80,female,5621,1288,79,206,20,3
79,female,6535,1349,45,262,21,6
58,male,9711,2212,124,248,84,2
38,male,1031,2213,220,150,77,2
20,female,4816,2456,100,496,20,3
88,female,5621,1707,149,194,42,5
22,male,3511,2647,30,251,173,1
46,male,6221,2574,132,388,59,2
45,male,5621,1840,37,300,50,4
42,female,5622,1991,163,335,20,3
71,female,4817,2239,220,242,43,1
86,male,6216,1791,30,283,61,3
63,female,4817,2204,220,243,38,1
78,male,1823,1734,215,209,20,3
77,male,5646,2283,142,388,24,3
74,other,5012,1759,69,258,50,4
34,female,5033,1758,75,270,39,4
22,male,9712,2308,98,163,142,2
48,male,4817,2072,30,221,126,3
61,female,5014,2030,139,291,32,4
60,female,3542,1701,30,379,20,4
58,female,5045,1774,117,253,40,3
62,female,3542,1635,30,376,20,4
53,female,1813,1919,138,162,78,7
75,male,9711,1726,118,105,93,2
56,female,6211,1795,72,120,116,3
61,male,3041,2107,52,383,36,6
63,female,9728,1878,136,212,53,5
23,male,5622,2582,143,402,38,4
35,female,9721,2537,82,478,33,3
25,male,6216,2571,220,185,66,0
49,male,6514,2178,99,381,25,1
33,male,5616,2127,80,231,89,1
18,female,9711,2436,30,98,180,1
35,female,5025,1392,79,257,20,4
55,female,1028,1912,108,228,74,0
46,female,1825,1549,113,205,20,3
25,female,8912,2097,96,310,45,2
39,male,5632,2928,86,365,123,1
77,other,5644,1565,149,151,36,4
49,male,6221,2748,219,216,109,5
80,female,9728,1634,30,376,20,0
66,male,2545,2426,51,431,54,1
41,male,6514,2046,61,404,23,1
57,female,6535,2020,86,265,69,3
81,male,3515,1529,36,292,27,5
40,female,5022,2237,122,385,26,4
29,female,5622,2537,30,432,79,5
78,female,1031,2189,200,197,64,4
41,male,5646,2400,220,286,29,3
61,male,5014,2279,149,419,20,3
56,male,1028,1643,77,268,26,4
39,male,6221,2148,96,279,72,4
28,male,5634,2398,213,343,24,3
38,female,6221,2049,105,408,20,2
84,female,4822,1349,62,126,69,2
68,female,3516,1514,147,192,20,3
77,other,3531,2471,79,467,30,5
35,male,6211,2156,186,277,37,3
35,male,1033,2036,108,257,66,2
62,female,4817,1908,98,212,76,6
27,female,9711,2407,30,388,89,3
69,male,3041,2268,188,299,36,4
34,male,5644,2103,72,284,79,4
69,male,4811,2206,85,395,33,3
36,male,6221,2417,110,409,42,8
48,other,5025,1833,93,369,20,1
49,male,3035,2369,220,329,23,0
27,male,5616,2742,210,396,44,3
49,male,4811,2004,177,218,52,4
82,female,5644,2223,104,310,56,4
61,male,2545,2242,144,230,78,2
41,female,6211,2097,120,311,44,4
79,female,5014,2150,119,416,20,8
62,male,9735,2125,64,204,111,2
56,male,6535,1785,30,402,20,4
19,male,3023,2565,102,233,133,3
44,male,5632,2415,44,480,37,3
65,female,8921,1956,51,372,28,1
29,female,3542,2043,155,204,67,2
85,female,6216,1597,76,294,23,3
36,female,6535,1622,146,178,36,1
77,male,5621,1777,83,246,52,5
21,male,1813,2272,131,326,48,5
74,other,5616,2382,94,285,93,3
71,female,1031,1859,78,146,110,4
44,male,5012,2108,220,145,57,1
18,male,5634,1938,99,325,29,3
80,female,8912,1734,59,190,75,7
79,male,5621,1537,30,243,59,2
55,female,9735,1944,61,104,146,2
55,male,9721,2512,63,243,142,5
29,female,8921,2889,30,486,94,3
72,male,5612,2415,113,410,39,5
84,male,3534,2055,142,201,80,4
62,female,1031,2300,30,374,93,2
41,female,3026,1694,220,138,20,1
72,male,6221,2386,47,267,123,6
35,female,6221,2308,135,322,49,6
88,female,2517,1650,74,116,95,7
44,male,5612,2771,64,575,20,3
67,male,3024,2296,91,391,47,2
55,male,1036,2522,220,228,66,4
62,male,3511,2169,215,210,58,3
84,female,6224,1402,30,265,28,6
62,female,4825,1812,159,290,20,1
21,female,3023,2398,176,272,70,1
85,male,1825,2446,220,209,21,2
70,male,3026,1917,47,309,57,9
59,male,3023,2282,38,462,32,0
49,male,3516,1858,44,300,58,0
22,male,4817,2769,220,139,63,2
84,male,6221,2118,130,259,63,2
28,female,1028,2190,80,346,62,4
68,male,5022,2290,160,393,20,3
59,male,5632,2159,220,150,76,2
35,male,3516,2352,47,143,180,1
43,female,5644,1914,58,295,62,1
76,female,1825,1889,101,186,78,2
81,female,5632,2249,220,166,41,4
32,female,2014,2108,154,289,33,1
28,male,1046,2530,40,358,100,1
73,male,5612,2184,76,315,70,9
68,female,5621,1612,77,147,77,3
70,male,3548,2187,192,124,99,6
47,female,2517,2538,150,481,20,10
74,female,3511,2404,148,282,71,5
83,female,5632,2221,55,409,43,4
34,male,5025,1858,38,402,20,0
64,female,9711,1972,136,221,62,3
56,male,3534,2305,115,187,127,4
56,female,4825,2417,140,341,50,4
66,female,3531,2240,115,370,37,7
86,other,3511,2142,92,315,59,0
63,female,1031,1649,192,80,76,2
54,female,9711,2309,63,225,138,1
82,male,6224,1553,78,282,20,4
84,male,9731,1790,98,224,60,0
37,male,1823,2428,220,281,24,4
57,male,1033,2184,71,245,100,3
35,female,5616,2020,134,220,74,1
40,female,9721,2272,56,322,85,2
31,male,9731,2435,220,334,20,3
55,male,3531,2347,89,384,51,6
89,male,6514,1944,78,369,20,1
37,female,6211,2622,159,333,66,4
33,female,4816,2220,139,299,53,3
24,male,6224,1994,160,284,28,4
49,other,4822,1997,86,263,72,0
34,male,2517,2503,194,400,20,2
62,male,3023,2256,33,194,151,1
36,male,5634,2116,220,82,87,4
63,male,1035,2756,220,327,26,6
38,male,5632,2756,220,195,33,2
58,female,9728,2187,178,297,31,3
49,female,6535,1601,53,332,20,5
70,female,4822,1716,30,270,58,3
89,male,5644,2000,30,434,20,3
26,male,1813,2365,119,406,26,7
46,male,4811,2307,109,412,25,6
55,other,6514,2360,57,289,101,3
79,female,3511,1574,109,228,20,4
76,male,6224,1651,166,209,20,5
36,male,8912,2211,30,322,99,2
87,female,4825,1531,46,266,39,5
26,male,1028,1934,89,188,92,3
76,male,6224,1668,30,359,20,4
54,other,9712,1951,186,204,42,3
46,female,3511,2015,94,135,125,4
64,male,3041,2020,110,190,84,4
72,female,5632,1773,214,189,20,5
63,male,6535,2007,33,425,20,3
74,female,5014,2350,30,560,20,3
59,male,1028,1789,30,232,90,4
64,male,4816,2288,137,332,44,4
20,male,2545,2552,67,380,81,4
52,female,5033,2023,87,321,37,2
72,female,9721,2050,131,200,82,3
58,male,5622,2602,125,502,20,10
74,male,1023,2165,82,457,20,4
46,male,3548,2261,139,408,20,4
19,male,3026,2461,182,424,20,4
68,female,1035,2207,102,409,20,7
72,female,3548,2181,143,361,20,2
70,female,1035,2029,140,251,49,1
23,male,9731,2141,220,190,52,1
61,female,1023,2158,193,333,20,4
59,female,5632,1920,54,297,65,6
41,male,5634,2153,220,157,51,1
46,male,2014,2171,71,201,124,3
39,female,4825,2315,135,362,38,4
19,female,3035,2380,153,250,88,3
46,female,4822,1820,182,142,56,1
35,male,3534,2437,30,559,20,1
29,male,3514,2577,220,277,30,1
70,male,6514,2115,136,273,57,3
63,female,1036,2420,120,289,84,5
68,female,5616,1914,77,229,70,3
73,female,6221,1969,85,329,31,3
85,male,1036,2385,118,414,34,5
26,female,3024,2412,139,237,94,4
20,male,5634,1998,107,353,20,1
32,male,9731,1862,45,389,20,3
61,female,1036,2130,124,281,57,5
88,female,4816,1733,145,95,86,5
83,male,5045,2350,220,279,28,5
56,female,4811,2669,220,235,62,1
88,male,4825,2524,30,585,20,5
32,female,3516,2338,82,198,138,2
47,female,5014,2337,151,376,33,8
62,male,6514,1534,99,199,30,3
57,male,3534,2270,197,264,51,6
87,male,3041,1543,59,112,99,2
51,male,1823,2372,147,418,20,3
56,male,8921,2417,220,263,38,0
42,male,9728,2227,161,239,75,5
88,male,3515,2051,104,301,44,4
69,male,9728,2336,76,336,80,4
35,male,8927,2553,46,396,90,2
32,female,5014,2119,220,220,20,4
42,female,5033,1943,90,287,45,6
83,other,3511,2046,204,148,72,4
33,male,5033,2132,139,240,65,2
70,male,1823,1817,65,392,20,4
39,female,5622,2514,220,381,20,3
65,male,9712,2557,162,203,123,1
70,female,6211,1784,174,203,33,6
82,male,4811,2068,147,196,79,1
41,male,1046,2070,119,220,81,4
47,male,5622,2555,220,356,21,2
35,female,5045,2510,217,279,61,7
60,male,5014,2084,212,247,26,8
61,male,4816,2617,206,178,117,2
74,female,2517,2001,116,358,20,4
28,female,6221,2271,77,395,47,4
41,female,8927,2523,79,375,76,8
53,female,9735,2221,30,195,145,2
85,female,2517,1416,69,248,20,8
88,male,6221,2592,197,361,34,5
22,male,1035,2457,114,485,20,3
71,female,3534,1883,70,229,81,2
74,male,5622,2058,166,332,20,2
80,female,1033,2303,220,243,37,1
84,female,1036,1890,62,386,20,1
42,female,3542,1769,30,310,40,1
64,female,3035,2410,54,345,92,7
20,other,3534,2083,30,413,44,4
47,male,4822,1847,144,183,53,2
39,female,5045,2232,178,321,34,2
76,female,3515,1710,115,303,20,7
52,male,5025,2164,144,313,39,9
55,female,8927,2488,85,215,145,7
76,female,6216,1469,87,190,39,5
56,female,1023,2371,67,375,70,6
86,female,1035,2024,81,279,72,6
45,male,1825,1999,141,225,56,4
30,male,4811,2347,220,207,24,4
33,female,1825,1746,40,341,20,2
54,female,8912,2465,39,264,136,5
32,other,6514,2147,118,355,27,2
25,male,3035,2687,168,224,131,1
89,male,1028,1654,39,115,116,6
33,male,6224,2273,74,468,20,2
30,female,5022,2197,144,357,23,6
30,male,6535,2115,195,202,72,5
34,female,5632,2053,152,304,25,1
33,female,1046,1806,59,337,22,1
84,female,5612,2229,64,372,53,5
74,male,2545,2340,220,205,54,4
88,male,4817,1787,137,241,32,2
74,female,9712,1850,105,273,34,3
88,female,5014,1806,125,298,20,7
58,female,5632,1423,178,80,54,3
54,male,3542,1908,30,383,43,0
36,male,2517,2391,107,435,25,2
78,female,5646,2310,34,507,20,8
30,female,8921,2351,147,141,136,6
86,male,1033,1866,150,247,31,6
42,female,3041,1755,181,124,56,4
19,female,9721,2269,67,298,94,3
33,female,6221,2309,96,426,22,1
55,male,8912,2170,220,275,20,5
55,male,2517,2474,220,262,20,4
45,other,8912,2068,189,220,49,5
20,female,4811,2542,148,380,50,1
80,other,9735,1951,162,128,80,3
63,male,2545,2090,108,163,109,3
18,male,4817,2601,220,221,28,4
87,male,1031,2096,129,322,33,5
69,male,3026,1736,113,297,20,10
77,male,6224,2029,220,118,41,4
33,male,5025,2304,58,514,20,4
42,male,5616,2402,154,296,65,4
73,female,3035,2789,30,600,31,3
19,male,4816,2366,165,281,59,2
79,other,1023,2261,32,477,24,6
88,male,1023,2298,30,480,29,9
39,male,3542,2495,123,272,110,3
53,female,5644,1526,99,186,41,3
88,male,9721,2551,202,216,96,3
50,male,5033,2790,64,341,131,5
26,female,3041,1798,64,286,43,6
27,female,9711,2082,30,430,26,1
23,male,2545,2527,110,414,49,2
40,male,5014,2455,185,387,20,3
69,female,5012,2099,92,348,35,7
41,male,3515,2284,125,431,20,2
34,male,4822,1864,85,229,66,3
86,female,3514,1989,146,288,30,6
62,female,5025,1785,167,282,20,4
31,female,9711,2553,206,330,48,5
56,female,5616,2165,96,318,51,2
82,male,3024,1803,65,307,33,0
69,male,4811,2074,31,445,20,6
18,male,1813,2646,34,503,54,3
64,female,5025,1536,61,244,33,4
81,female,3041,2015,30,419,20,4
22,female,3041,2250,55,327,80,4
41,female,3511,2435,117,268,106,1
71,female,1813,1963,140,209,60,6
88,male,5646,1696,138,249,20,3
59,male,3542,1976,76,345,25,1
18,female,1046,2191,215,213,61,7
76,male,1023,2462,154,375,37,7
69,male,3023,2140,61,315,70,1
43,male,3511,2586,30,501,58,3
51,female,3041,2367,78,403,45,5
43,female,3511,2001,30,366,51,4
40,female,1823,2012,182,272,20,4
37,male,2517,2168,93,438,20,6
49,female,5033,1807,35,178,110,2
26,male,4822,1802,195,92,76,2
35,male,5033,1935,88,146,113,2
39,other,1033,2204,30,452,39,3
70,male,5045,2205,214,270,31,3
42,male,5012,2346,30,306,106,3
59,female,3514,2047,44,317,74,1
78,female,2545,2148,125,278,60,3
34,male,9731,2074,116,357,20,0
40,male,1046,2231,40,415,47,3
68,male,5621,2463,142,279,92,1
61,female,3514,2178,216,257,29,5
46,other,8912,2117,177,281,30,3
27,male,5014,2152,89,323,53,4
40,female,5644,1471,82,196,43,1
75,male,4816,2396,92,466,21,4
72,female,1028,1508,72,163,70,4
75,female,1028,2124,47,453,20,4
79,female,3024,1467,135,179,28,4
57,female,4822,1379,76,211,31,3
18,female,2545,1949,35,360,41,3
27,female,1031,1728,65,256,46,6
85,male,5014,2064,120,361,20,8
55,male,5033,2384,220,304,30,6
53,female,8921,1956,42,344,44,4
82,female,1046,1720,62,351,20,4
84,male,3023,2108,94,275,76,4
39,male,5022,2229,137,398,20,1
59,female,9711,2424,101,239,110,4
80,male,4817,2226,95,251,94,9
50,female,1023,1979,114,306,28,7
72,male,9721,1976,67,298,56,6
37,male,3515,2519,186,359,31,3
40,female,3515,2157,220,154,31,4
73,male,6224,1634,30,328,22,2
79,male,3548,2080,33,218,122,5
44,female,3035,2563,81,490,31,4
79,female,6216,2024,48,345,55,4
57,male,2545,2257,59,316,86,3
52,female,5012,1855,97,343,20,0
30,male,6224,1931,35,327,59,1
50,female,1031,2064,90,378,22,4
61,male,3515,2544,171,431,20,3
60,female,1813,1752,118,231,46,4
50,female,1813,2157,65,348,58,5
35,female,3514,2593,151,440,28,0
81,female,4825,2068,220,202,20,5
76,male,3515,1823,66,216,78,5
62,female,3542,2005,105,260,62,5
44,other,5621,2636,212,301,64,2
75,female,5621,1695,36,335,27,5
64,male,4811,2409,220,86,93,2
81,male,3035,2271,165,283,52,5
19,male,9731,1916,49,373,28,3
25,female,2545,2297,73,303,89,1
48,female,1823,1932,93,312,39,5
56,female,3542,2484,48,375,91,2
37,male,9735,2341,220,159,83,4
40,male,8912,2182,69,392,40,5
75,male,3024,2397,220,274,20,4
37,female,5022,2131,82,443,20,2
64,male,3534,2315,130,299,71,4
53,female,3026,2104,30,326,84,2
89,female,1036,2306,105,310,70,3
35,female,1023,2263,112,449,20,9
63,female,3024,2554,32,572,20,3
76,female,5621,2116,34,319,81,5
60,male,1046,2234,149,394,20,2
62,female,1823,1624,164,241,20,6
89,male,3515,2061,177,288,24,1
79,male,5622,2806,35,407,113,6
21,male,5634,1862,175,206,39,0
58,male,6535,1745,115,266,31,4
38,male,9735,1792,179,127,62,1
85,female,1028,1800,94,237,50,7
89,male,4811,2702,207,247,97,7
63,male,3041,2068,220,212,29,6
47,female,1036,2318,191,254,62,5
56,male,5612,2175,45,263,108,2
63,female,8921,2015,78,117,143,3
71,female,5022,1632,127,266,20,5
36,male,5025,2335,70,398,51,3
77,male,2517,2381,147,393,25,3
68,male,4816,2410,163,335,45,4
32,female,6224,2048,30,267,106,3
41,female,1825,1629,76,145,82,3
58,female,6216,1790,141,236,29,4
42,male,5646,2334,47,523,20,4
38,female,4816,2369,168,382,20,3
82,male,3516,2123,158,344,20,2
34,female,3026,1803,80,270,42,6
65,male,5022,1814,83,257,52,2
71,other,9712,2235,30,320,93,0
29,male,5025,2110,160,311,30,3
43,other,4822,2003,30,192,131,2
30,female,5634,1911,164,144,84,1
18,male,5045,2703,220,324,48,2
22,female,1823,2191,121,382,20,8
82,male,5634,1992,30,423,26,1
35,male,8921,2211,30,286,111,4
42,female,5014,2208,42,368,60,1
56,female,3534,2011,140,273,32,9
56,male,9731,1783,58,160,103,4
18,female,1023,2038,158,343,20,3
59,female,2014,2129,194,210,56,2
60,male,4822,2657,90,296,128,3
29,other,6224,2179,31,406,49,3
50,female,1046,1736,41,244,72,3
56,female,3548,1733,37,350,22,7
50,male,3542,1949,143,236,44,2
47,male,9728,1852,76,344,21,1
37,female,5022,2071,162,324,20,3
26,male,5014,2571,191,395,22,2
41,male,1031,2401,60,374,75,3
42,male,2014,2344,147,395,22,2
34,female,1825,2155,112,331,47,6
70,female,4822,1587,30,236,64,1
52,male,5634,2002,79,262,66,4
42,male,6211,2060,125,227,74,1
62,female,6211,1890,39,390,20,6
83,female,3023,2096,168,163,83,3
27,female,3023,2084,220,80,68,3
68,male,2517,2042,220,195,20,7
71,male,9711,1758,220,86,48,3
85,male,3542,1605,120,230,32,9
40,female,5012,1770,69,262,49,1
32,male,3041,2129,125,321,35,4
86,male,5022,2362,183,348,22,6
45,male,3023,2306,162,233,84,2
84,female,4811,1936,52,182,107,0
27,male,6224,1785,117,211,54,4
87,male,3514,2436,35,541,20,6
61,female,4822,1823,51,323,39,6
78,female,9721,1860,30,303,61,2
84,female,8912,1763,195,124,52,3
30,female,3515,2106,109,342,40,1
54,male,6224,2188,62,392,43,4
21,male,9711,2337,123,300,68,1
43,female,3041,2095,81,242,85,5
74,female,5014,1971,150,337,20,4
78,female,1035,2196,160,247,62,1
51,male,3023,1891,80,308,37,2
25,male,3023,2719,110,109,180,1
39,male,1823,2076,129,390,20,5
30,female,3511,1948,210,214,31,0
51,female,1823,1621,53,321,20,5
70,female,1023,1770,84,323,20,5
64,female,1046,1802,56,348,20,1
26,female,5622,1616,130,200,41,3
52,female,3531,1807,113,220,44,3
58,female,2545,2152,166,205,69,1
51,female,5022,2281,31,542,20,3
54,female,1823,1598,100,299,20,3
84,female,8912,1865,36,287,69,3
56,female,1035,1992,37,272,83,5
48,male,6211,2174,99,365,34,4
38,female,9721,2216,97,351,52,2
66,female,3516,1859,220,134,20,1
54,female,3516,2160,108,297,66,2
64,female,1825,1958,34,383,34,2
34,female,5012,2285,166,354,23,4
44,female,5621,1805,30,363,29,0
84,male,3542,2498,117,177,144,1
32,female,5622,2242,107,439,20,6
49,female,6514,1474,35,250,37,2
61,female,3516,2112,33,291,91,4
47,male,9731,2432,134,380,42,0
26,female,3511,1770,30,191,101,3
32,female,1035,2224,194,300,28,2
74,female,5646,2186,89,413,22,3
44,male,1031,2216,30,359,83,1
73,female,4811,2440,84,475,28,3
70,male,4825,2319,187,342,22,1
24,female,5622,2519,134,370,51,2
33,male,5014,2232,77,481,20,6
34,male,9711,2204,30,483,20,2
85,male,3024,2247,130,290,65,7
84,female,3035,2064,60,436,20,3
25,male,3531,2650,56,542,30,4
50,female,6216,2316,212,341,20,4
79,female,3511,2338,30,143,176,3
79,male,5644,2551,198,295,61,4
21,male,3026,1945,220,214,20,3
84,female,8912,1618,37,257,53,6
48,male,3516,2159,56,420,26,3
42,male,3041,2148,73,308,80,4
57,male,8912,2050,220,255,20,6
61,female,5022,1994,192,192,61,10
55,male,5632,2448,220,127,69,4
48,male,5632,2323,173,345,34,2
31,female,5634,2077,76,392,25,2
36,female,5033,2211,69,246,103,1
55,male,8921,2085,32,129,161,1
56,female,3514,2216,59,464,20,4
19,male,9735,2117,57,236,103,0
72,female,5634,1682,51,215,62,2
29,male,1823,2269,149,292,51,6
53,female,3035,2312,220,303,20,5
50,male,3548,2471,118,435,34,3
48,male,1035,2474,38,441,54,1
57,female,9711,2133,220,202,44,4
41,male,2517,2338,62,310,95,1
57,male,4817,2618,30,468,68,2
47,female,5634,1987,156,321,20,2
24,male,5022,2398,207,351,20,2
34,female,8912,2094,30,386,56,4
51,male,3024,2266,81,373,48,3
23,other,5621,2070,151,214,66,3
47,female,9721,2309,122,80,177,1
57,male,9712,2108,30,419,48,2
46,male,9735,2097,220,171,20,1
81,female,5022,1800,128,259,31,4
43,male,5634,2093,199,272,30,4
33,other,3515,2083,195,236,34,3
62,male,5632,2235,86,215,116,1
49,female,9712,2206,80,264,97,4
65,female,8927,2275,220,253,25,3
30,female,2014,2006,107,370,20,2
35,female,3041,2088,164,280,36,6
35,female,5646,1788,57,321,24,6
66,female,6514,1417,43,213,39,2
44,male,1031,2044,64,261,80,6
54,other,3511,2333,72,225,129,1
51,female,1031,2422,30,378,91,5
38,female,5644,1952,30,143,150,3
71,male,6535,1389,103,140,48,6
56,male,2014,2149,129,374,20,2
27,male,5022,2139,95,431,20,5
49,male,5644,2000,136,132,101,1
57,male,5612,2508,220,287,20,4
32,male,6514,2297,53,395,56,4
77,male,5622,2154,181,245,59,2
68,other,6211,2243,220,148,43,4
41,male,9728,2391,205,293,42,1
75,female,4816,2134,124,363,20,2
52,male,6221,2373,45,256,128,1
62,male,1035,2330,116,361,44,1
34,female,1035,2412,71,344,82,7
45,female,3548,1965,184,269,20,4
79,male,3023,2150,68,219,104,4
39,male,3514,2179,54,371,52,3
25,female,1023,1994,72,418,20,3
86,female,2014,1426,30,212,66,7
47,female,3531,2483,88,436,47,2
43,female,6211,2065,45,308,75,3
54,female,9735,2032,42,136,146,0
25,male,5022,1867,173,255,20,10
35,female,1813,2449,186,323,42,2
40,male,3548,1961,30,441,20,2
28,male,5632,2288,152,372,20,4
81,other,3026,1845,164,235,22,4
24,male,3023,2387,127,127,152,0
32,male,1035,2292,100,447,20,5
63,male,5022,2013,52,351,42,2
85,female,5012,1805,56,295,46,3
50,male,3041,2218,214,272,26,5
21,female,3516,1692,38,312,31,0
29,female,9728,2306,210,321,20,2
58,male,3534,2296,122,217,99,4
59,female,3534,2120,121,167,105,3
63,male,5045,2415,185,363,30,3
72,male,2014,1946,57,317,57,1
31,female,8912,2541,220,212,83,2
38,female,5033,2069,152,272,34,4
62,other,9712,1808,74,218,70,4
62,male,2014,2048,85,346,38,3
24,female,1023,2509,126,478,20,2
57,male,5033,2609,58,372,101,2
30,female,6216,1879,79,220,72,7
39,male,2014,2201,123,423,20,4
44,female,3514,2419,48,364,79,4
67,male,6211,2482,139,410,36,1
54,female,5612,2129,38,485,20,4
39,male,8912,2161,92,432,20,1
79,female,4822,1734,93,186,63,4
21,female,1046,1852,220,154,32,2
80,other,5646,1480,57,262,20,6
34,female,5022,2325,220,261,36,8
25,male,1036,1968,114,234,64,4
72,female,3515,1867,30,427,20,8
21,female,4811,2310,61,419,38,1
67,female,3534,2144,47,390,45,1
51,male,1023,2268,213,263,38,4
57,female,5033,1658,80,195,59,1
28,female,3514,2258,220,129,82,1
43,female,1036,2130,199,265,30,3
87,male,5612,2198,133,317,49,7
53,female,1036,2192,135,349,29,4
46,female,1046,1962,55,321,50,3
26,other,3542,1866,163,255,27,2
84,female,1825,1991,180,218,44,4
59,male,3026,1907,150,261,29,5
84,male,5646,2160,65,363,53,7
57,male,5025,1568,32,356,20,7
26,female,2014,2302,68,380,53,4
64,female,1035,2232,57,358,62,4
18,female,9731,2097,50,233,114,1
25,male,8912,2281,109,259,89,3
23,male,5646,2286,136,322,50,2
89,male,3023,1993,148,224,61,2
77,female,4811,1750,64,326,22,4
52,female,3511,2352,220,80,129,2
32,male,3026,2000,43,234,99,6
67,female,5622,2135,142,365,20,5
84,female,1031,2297,158,113,140,6
30,female,3024,2261,220,275,20,2
37,male,2014,2516,186,222,103,1
89,female,2545,2127,126,328,35,6
51,female,5616,1723,220,190,20,3
20,male,1028,1903,30,338,45,2
74,female,3531,1912,78,298,49,4
18,female,1813,1723,64,264,43,6
65,female,4811,2200,36,331,78,5
58,male,5012,2149,176,223,62,2
31,male,5025,2517,156,415,27,2
25,male,1033,2394,135,216,113,3
87,female,5033,2035,179,90,105,1
89,male,9735,2252,168,256,67,3
89,male,3041,2190,30,331,91,2
53,female,5632,2269,61,341,76,4
38,female,8921,2397,61,230,142,1
79,female,6211,1714,30,347,24,3
79,female,3542,1756,220,135,20,2
45,male,1035,2292,143,374,20,1
81,male,5621,1607,196,146,34,4
28,male,2517,2535,115,373,63,2
60,female,4825,1479,67,275,20,4
83,male,5045,2221,63,401,43,7
37,male,1813,2637,220,243,50,1
37,male,2517,2577,220,309,20,7
70,male,8912,2615,30,469,78,3
30,female,5622,2671,53,438,76,3
74,female,5616,1906,96,322,28,3
66,male,3026,1851,140,262,23,5
29,male,1028,1411,149,105,45,3
59,male,2517,2274,220,249,20,8
74,male,5612,2623,220,257,39,1
75,female,4817,2072,119,168,107,1
78,female,4811,1815,45,286,59,7
53,female,5045,2427,137,391,35,2
63,female,2545,1886,79,223,79,3
25,female,1028,1875,73,287,45,2
30,male,8927,2457,220,213,69,2
29,female,5632,2416,215,350,20,5
22,female,5033,2433,151,353,45,3
73,male,5045,1748,191,222,20,1
70,male,3026,1945,216,258,20,5
75,male,1023,2196,149,332,30,5
59,male,5622,2451,141,398,30,4
26,female,5646,2386,220,212,69,3
41,female,5033,2174,72,356,53,4
26,male,3026,1829,64,366,20,8
49,female,5632,2085,30,295,92,8
85,female,3035,1881,92,341,21,4
83,male,6224,1868,76,348,21,2
53,male,4811,2630,220,255,39,3
28,female,5025,2167,220,214,20,6
49,male,5025,1876,126,277,25,3
72,female,8927,2668,118,405,60,5
60,other,5646,2054,148,333,20,8
62,male,8912,2146,95,378,24,2
69,female,9728,2662,71,401,87,5
87,female,3024,2290,130,311,67,9
35,female,9711,2199,220,118,84,3
87,female,5632,1504,110,154,47,3
84,male,5012,2028,187,191,52,2
36,male,3041,2359,220,154,62,7
31,female,3542,2285,149,320,45,1
66,female,5612,2053,159,185,70,4
61,female,4817,2077,30,380,56,3
27,female,9721,1863,71,176,102,1
52,female,1033,1923,55,275,66,1
47,male,5612,2748,148,474,22,9
24,female,5012,2042,217,195,44,4
24,female,6535,2212,124,395,25,0
62,male,5025,1555,172,217,20,2
47,male,3026,1668,100,198,56,7
67,male,4825,2451,120,426,25,2
54,male,5045,2779,217,406,33,4
36,female,1046,2302,85,385,51,6
66,female,3041,1788,134,211,43,3
20,male,1023,1828,46,363,24,3
36,male,3026,1943,70,372,21,3
68,female,5022,1936,30,454,20,4
41,female,6514,1598,188,181,20,3
61,male,3035,2472,191,332,49,3
29,male,5025,1945,118,258,49,2
62,male,1823,2367,92,492,20,4
43,female,9728,2081,50,267,90,4
29,female,5622,2643,220,371,20,4
79,male,3542,2186,48,464,20,3
46,female,5644,1995,30,224,109,3
89,female,3511,2422,177,171,119,2
21,female,3035,2031,63,360,37,4
31,male,3024,2552,68,539,20,2
63,male,1825,1952,45,356,39,5
26,female,3026,1701,83,316,20,2
43,female,5621,1970,56,308,59,1
30,female,3542,1913,136,300,20,3
19,female,5045,2534,111,461,28,4
36,male,9731,2597,212,353,37,3
56,female,6221,2222,140,249,76,4
51,male,9735,2437,150,129,144,6
40,male,3023,2413,69,286,114,2
79,male,3026,1934,141,315,20,8
48,female,5612,2082,41,410,28,2
62,female,3531,2073,197,234,33,2
61,female,1825,2055,220,88,55,3
33,male,3534,2760,34,521,54,2
50,male,4811,2448,220,206,20,2
43,female,5012,2084,182,133,84,1
27,male,3516,1920,49,227,86,3
59,female,1825,1998,53,401,21,6
43,male,5025,2374,98,488,20,6
34,female,3024,2449,84,364,79,1
65,female,3026,1650,44,296,36,4
39,male,3024,2593,220,306,20,3
35,female,5025,1654,42,363,20,6
19,female,3026,2438,66,519,20,8
49,male,1028,1995,30,367,61,1
31,female,6535,1536,148,172,26,3
19,female,3035,2146,220,126,76,1
45,male,5616,2451,30,457,65,5
71,female,4822,1738,182,104,57,4
64,female,4822,1787,92,263,39,1
48,female,1035,2467,45,257,138,8
83,female,5634,1797,114,252,36,7
87,male,5616,2271,133,429,20,3
77,male,9721,2385,30,552,20,1
85,female,4822,1310,30,178,62,3
21,female,5033,1909,122,260,40,6
78,female,5646,1839,119,169,75,5
78,female,9712,1344,220,80,23,7
29,female,3511,2794,90,403,85,2
46,male,4822,1899,141,132,89,0
56,female,5644,1357,65,150,50,2
36,male,1036,1940,40,324,52,4
47,male,5634,2223,40,452,33,3
35,female,1036,1534,30,257,56,3
50,male,2517,2063,128,375,20,4
19,male,6224,2057,87,376,22,1
44,other,6221,1955,39,330,47,2
82,female,8927,2296,220,263,22,4
79,male,1823,2665,212,451,20,4
80,female,9728,1581,89,297,20,3
62,female,5644,1823,106,216,59,4
66,male,9735,2135,72,324,68,0
45,female,6535,1634,38,343,20,3
37,other,5634,1600,59,314,20,3
50,female,6221,2451,58,496,23,4
59,female,9721,1823,35,296,52,1
55,female,5012,1988,49,272,78,1
79,female,6514,1835,204,228,20,5
50,female,4822,1763,80,131,103,2
56,female,3035,1943,53,228,89,4
70,female,2545,2331,60,267,112,2
41,male,1825,2566,175,439,20,5
19,male,3026,2207,121,393,20,2
81,female,9728,1941,130,263,41,5
77,female,4822,1367,30,145,75,1
66,female,3534,1912,139,238,38,2
67,female,5014,1502,47,301,20,5
88,female,1046,2108,52,264,101,5
69,male,5632,2324,220,247,52,0
57,female,5646,1903,165,251,31,3
30,male,5022,2387,220,302,20,3
48,male,6221,2737,220,332,58,5
31,male,4825,2261,89,411,28,4
25,female,4822,1917,47,165,115,1
61,male,3534,2160,75,379,39,5
78,female,3534,1915,122,202,68,6
72,male,9711,1827,41,393,20,3
21,female,1823,1943,148,313,20,7
57,female,3542,1999,101,336,24,1
19,male,2014,2237,113,316,64,2
40,male,3515,2480,220,118,20,7
30,male,9721,2291,220,118,92,2
52,other,1028,1606,66,225,52,0
27,female,1028,2355,220,232,41,5
49,female,9735,1958,30,200,127,1
19,male,9721,2405,84,205,136,2
23,female,9735,2171,47,296,92,3
25,male,1028,2464,74,316,98,1
58,male,1813,2071,85,401,20,6
18,other,8921,2437,199,169,107,1
32,male,5646,2492,46,429,66,6
75,female,9731,1504,132,215,20,6
89,male,1046,1988,171,289,20,4
46,male,3023,2013,174,177,71,3
85,male,1028,2201,135,289,62,3
56,female,5622,2525,220,372,20,3
57,male,1036,2437,63,352,86,5
59,male,3515,2006,155,276,41,4
57,female,2517,2341,30,550,20,8
71,female,5014,1921,59,392,20,3
48,male,6211,2348,107,316,70,1
62,female,3026,1909,99,187,86,5
29,male,4816,2031,37,343,58,2
57,other,3511,2100,57,303,67,1
58,male,1035,2370,87,380,49,4
33,female,6224,2084,87,418,20,0
41,female,6514,1818,107,297,22,2
51,male,3531,1951,105,113,123,2
25,female,6211,2274,59,452,25,1
86,male,8927,2125,50,374,50,3
56,female,8921,1934,30,152,140,2
72,male,4825,2482,159,332,60,2
22,female,3516,2042,48,393,27,2
87,male,5646,2089,88,310,45,1
24,male,8921,2298,72,396,39,0
54,male,4816,1898,30,416,20,4
24,female,5022,2266,220,291,20,3
68,female,3531,2069,94,218,93,7
86,male,1036,2380,172,323,41,3
28,female,3534,2118,59,351,53,7
84,female,4825,1830,146,131,89,7
70,female,3534,1919,175,185,60,5
70,male,5634,1726,74,315,25,5
28,male,5022,2786,156,498,20,4
35,male,3026,1939,220,226,20,2
75,female,1028,1398,48,193,42,3
53,female,1035,1906,190,223,24,3
26,female,2517,2170,148,388,20,3
71,female,1028,1874,88,211,65,2
87,male,4816,1992,57,294,68,10
45,male,1813,2264,158,347,29,0
82,female,3531,2201,30,418,50,7
68,male,8912,2103,109,188,98,5
72,female,4817,1998,47,274,85,1
63,female,5634,1844,220,80,45,5
25,male,5612,2507,220,317,36,4
22,female,6514,1971,64,332,40,4
27,male,9712,2273,166,228,84,0
80,male,2014,2286,206,247,54,4
68,female,8912,1671,75,187,75,3
19,male,8912,2174,220,161,42,1
78,female,8921,2169,37,344,73,4
82,female,3511,1692,85,219,49,3
38,male,6221,2097,142,321,28,2
50,female,6211,2457,220,299,31,4
19,female,3511,2586,30,378,119,0
80,female,5644,1426,30,154,91,2
57,female,6535,1227,30,273,20,10
34,male,9728,2769,38,342,142,4
77,male,2014,2400,73,370,65,3
89,other,5644,1377,72,100,85,3
23,male,1036,2591,220,345,25,5
47,female,4816,2517,220,305,20,6
20,female,3035,2100,71,393,29,0
83,male,1046,2615,220,213,78,2
89,male,8927,2330,130,366,37,4
54,male,6224,2307,65,457,29,3
63,male,3026,2242,156,340,24,2
69,female,8927,2213,92,396,26,4
89,male,1825,2246,142,301,60,1
78,male,1028,2040,114,232,71,3
46,female,5012,2089,50,257,93,5
25,female,6514,2218,44,490,20,4
78,male,9712,2746,121,337,101,5
89,male,8927,2009,220,178,20,3
88,male,3026,2209,60,314,79,1
44,male,3542,2198,70,418,27,2
72,female,1035,2548,220,341,27,6
72,female,6514,1392,38,211,53,6
69,female,6216,1827,96,257,48,2
42,female,3514,2479,50,459,48,3
36,male,3516,2112,31,179,133,4
70,male,6221,2024,135,263,51,4
61,female,5033,1779,30,323,48,2
32,male,3024,2243,68,459,20,4
52,male,3515,2185,116,330,45,5
21,male,9712,2683,110,497,27,0
55,female,1028,2303,79,237,111,6
65,other,1823,1897,96,384,20,7
68,female,5644,1797,130,143,82,2
65,female,5634,1991,39,269,91,4
26,female,3542,1874,76,263,56,4
71,female,5616,1928,220,171,37,5
49,male,5632,2111,30,320,89,2
45,female,4811,2321,33,421,54,2
46,female,3515,2180,69,363,51,7
41,female,1813,2452,123,371,50,6
43,female,3515,2028,197,270,20,5
75,female,4817,1949,30,420,20,7
43,male,3534,2385,220,244,45,4
29,male,8912,2236,47,360,60,0
70,female,6224,1704,133,228,29,7
21,female,4825,1964,89,310,47,4
77,male,1036,2276,59,288,98,3
42,male,4825,2270,48,388,60,2
34,male,3515,2208,117,359,41,2
76,male,4811,2292,220,311,20,3
51,male,1823,1819,116,326,20,5
56,female,8921,2208,57,399,53,4
38,male,3511,2566,186,257,86,0
26,male,9711,2225,160,281,54,1
35,female,6535,1455,68,270,20,3
82,male,3531,2628,204,391,27,3
53,female,3026,1877,72,354,21,5
28,female,5616,2028,206,164,53,5
74,male,1036,2071,102,231,75,2
71,female,1033,2324,41,443,43,3
43,male,9735,2282,136,248,92,3
35,female,1023,1922,117,291,29,4
73,male,6514,1602,99,256,23,2
72,female,9711,2024,157,299,20,6
63,female,5033,1944,220,102,63,2
81,female,1825,2016,201,209,37,6
23,other,3514,2194,220,172,20,3
50,male,3511,2384,77,379,66,0
47,male,3035,2446,164,347,42,5
84,female,5634,1891,168,130,81,4
49,female,5612,2113,35,435,24,4
85,female,3026,1200,57,195,20,0
45,male,8912,2063,82,291,66,2
30,male,3514,2453,220,138,20,1
69,male,9731,1721,52,302,41,4
42,male,8912,2233,98,309,70,0
78,male,5622,2667,30,533,47,2
18,male,3023,2625,149,167,146,0
64,female,5646,2348,99,369,47,7
75,male,1825,2084,105,249,82,5
70,female,5022,2391,120,456,20,9
82,female,6211,2271,220,237,20,6
72,female,3548,1664,178,174,28,6
47,female,2545,2000,66,297,57,4
72,female,1031,2234,131,273,57,1
58,female,3514,2021,53,375,32,4
74,male,1046,2157,34,395,47,5
58,female,2517,1979,210,222,31,4
88,female,3511,2036,79,269,67,3
72,female,3534,1905,126,233,52,7
51,female,6535,1642,48,284,34,6
80,female,8927,2314,204,283,42,5
25,other,1036,1939,143,272,33,1
21,female,4811,2053,141,355,20,1
80,female,3514,1915,40,328,50,6
25,female,5644,2105,81,408,21,2
34,female,3511,2285,194,203,72,1
32,female,5012,2266,113,414,20,1
70,female,3534,2151,131,281,59,1
82,female,2545,2297,63,280,98,4
24,female,9728,2520,209,301,60,3
67,male,9721,2095,184,228,53,1
87,female,1028,1789,30,224,91,1
79,female,3516,1754,30,328,43,3
68,female,3035,1953,30,412,23,5
70,male,4825,2613,220,266,50,0
55,male,3026,1731,182,242,20,2
19,female,5634,1956,30,260,95,5
75,female,3534,1680,43,124,110,2
43,male,6211,2216,53,302,93,8
34,male,9721,2242,220,150,68,3
80,male,2545,2594,104,273,125,2
44,female,3026,1940,136,284,33,4
58,female,9731,1962,174,299,20,6
27,female,2545,2214,53,308,84,4
87,male,3516,1524,30,225,56,4
23,male,4811,2390,138,391,29,2
24,male,6221,2282,148,234,87,3
57,male,2517,2174,85,447,20,6
89,male,6216,2084,30,428,32,4
77,female,1036,1577,109,143,60,8
41,male,5033,2427,30,197,180,1
47,male,5612,1979,157,219,56,5
37,male,5045,2635,126,382,68,1
73,male,3023,1888,71,282,52,4
74,male,5045,2257,57,292,95,4
72,male,1036,2403,30,281,132,3
68,male,9728,1971,84,287,55,8
20,female,5022,2184,171,341,20,8
86,male,5634,1935,45,409,20,3
57,female,1031,1865,30,262,83,1
61,male,8927,2271,210,310,20,3
57,male,5025,1934,183,297,20,6
53,male,5634,1950,120,271,46,5
79,male,2545,2190,79,147,145,5
52,female,1825,1883,74,325,28,3
40,male,1023,2067,83,416,20,6
81,male,3514,2130,143,282,48,3
32,male,1046,2152,62,278,84,5
86,female,9728,1452,49,303,20,3
69,male,4816,2395,30,474,47,5
39,female,5621,1285,30,225,33,4
61,female,1023,2102,148,291,35,6
81,male,3026,1893,70,204,89,2
40,female,5632,2527,220,252,44,0
66,male,3514,2706,125,339,90,6
84,female,3534,1786,50,314,33,4
38,male,3515,2208,88,391,30,2
25,female,4825,2231,36,314,94,1
56,male,9731,1482,35,269,27,3
38,female,9735,2308,92,143,156,1
72,female,2517,1935,158,310,20,1
64,male,6216,2321,143,293,70,1
25,male,5025,1769,203,192,23,6
70,male,3531,2242,30,255,125,1
28,female,6221,2675,79,415,77,2
89,other,1028,2122,120,335,37,3
53,female,8927,2008,41,255,97,4
82,female,1825,1887,163,143,72,6
68,male,4811,2038,107,213,92,2
39,female,3511,2090,135,182,92,3
52,male,8912,2085,45,351,55,4
38,female,3511,1804,44,319,37,4
75,male,6514,1791,55,302,36,5
65,female,1036,2046,111,213,80,4
73,female,3035,1978,70,349,35,2
75,female,9731,1384,31,145,75,4
81,female,2014,1983,150,127,103,5
62,female,9712,2214,113,270,77,0
22,male,3542,2427,30,403,91,0
33,male,5014,2065,220,282,20,4
61,male,9712,2282,88,231,110,3
28,female,9735,2167,185,165,85,0
31,male,8912,2077,122,233,75,2
24,female,8921,2150,201,183,69,3
81,male,6224,1985,131,337,20,4
22,male,9728,2597,75,437,55,5
28,female,1033,1937,54,372,20,2
52,male,5014,2346,207,363,20,1
38,female,5045,2086,83,408,20,2
28,female,5621,1880,137,215,45,3
77,female,3514,1950,193,221,30,10
35,male,5616,2353,154,351,35,0
84,other,9735,1681,30,96,133,3
86,female,4817,2067,87,216,97,0
27,male,8921,2398,30,343,102,6
42,female,9735,2005,57,154,131,4
71,female,9711,2491,192,154,123,3
44,female,8927,2066,118,296,42,10
81,male,1035,2777,150,366,80,5
41,male,8927,3018,220,375,20,4
25,other,3035,2385,115,368,48,3
39,other,8921,2521,65,250,145,5
64,male,3514,2110,39,456,20,3
87,male,1033,2225,30,380,72,4
46,female,6224,1895,156,223,46,6
29,female,1046,2352,72,451,34,2
62,female,6216,1637,68,310,20,4
70,male,3024,2062,117,348,23,7
88,female,1028,1819,218,150,47,4
87,male,9728,2554,133,451,24,6
63,male,1023,2103,136,378,20,3
35,female,6221,2785,220,266,22,2
21,male,3515,2468,87,479,23,4
40,male,2517,2924,220,428,29,5
58,male,1033,2246,129,318,55,3
79,male,6211,1986,61,347,41,2
79,female,4825,1822,49,288,52,2
67,male,9721,2061,44,317,69,3
54,male,4817,2378,82,486,20,4
63,male,9712,2019,199,170,58,3
85,male,6221,2060,183,324,20,4
72,male,5612,2645,39,592,20,4
66,male,1825,2086,63,297,71,4
26,male,3024,2314,38,318,107,5
60,female,2545,2105,33,279,93,8
39,male,3026,2284,155,381,20,2
82,female,5014,2117,220,201,20,3
41,female,9711,1946,108,256,51,1
49,male,3024,1852,61,214,85,2
47,male,3516,1912,43,255,86,0
86,male,5634,2356,119,395,35,2
52,male,9721,2234,220,155,71,5
45,female,6211,2377,169,218,94,5
78,female,5014,1928,145,335,20,6
87,female,1825,1891,37,221,97,5
53,other,8912,2053,137,309,34,1
25,other,5014,2712,208,475,20,6
86,male,3548,1960,104,308,32,3
39,male,2014,2281,124,322,62,3
47,female,4825,2153,36,474,20,1
81,male,5646,2353,112,464,20,3
73,male,1823,2252,128,285,62,4
35,male,5632,2326,147,357,33,3
55,male,2545,2390,116,188,127,0
22,female,4817,1894,74,280,53,1
85,female,5045,1708,76,247,51,2
81,male,6535,1657,131,251,21,0
86,male,6211,2088,32,382,54,1
23,male,1825,1998,85,266,67,0
85,female,2014,1696,78,97,115,4
65,female,1825,1923,57,401,20,0
48,male,5612,2354,172,364,24,5
63,male,4825,1936,39,414,20,1
72,male,9712,2074,81,275,77,1
51,male,5616,2512,220,268,55,6
65,female,3516,1654,156,231,20,2
36,female,2014,1697,98,262,29,3
23,male,1046,2559,200,274,78,2
81,male,6514,1947,115,184,82,3
46,male,5646,2160,47,394,47,3
68,female,5022,2096,220,236,20,3
33,female,5632,1866,30,369,34,5
64,female,9728,2406,129,319,70,6
41,male,1813,1922,220,236,20,1
72,female,6216,2197,149,285,46,4
84,male,2545,2646,63,313,131,3
71,male,9721,2432,55,462,40,3
31,other,3548,2299,163,268,68,0
87,female,3023,1949,30,330,58,7
38,male,5616,2508,170,439,20,5
86,female,3511,1741,30,184,98,5
89,other,2545,2337,30,534,20,4
27,male,4811,2439,80,444,38,6
69,female,2517,1505,64,292,20,1
33,female,4811,2428,85,142,167,2
87,male,1825,2215,158,231,73,6
20,female,8927,2765,167,410,48,3
27,other,3511,2199,57,173,146,1
25,male,3024,2199,176,363,20,3
70,female,1823,1804,149,293,20,4
50,male,6224,2177,69,319,79,2
82,male,4811,2015,131,352,20,5
36,female,1031,1785,156,172,54,3
61,female,5632,2037,35,401,32,1
69,female,4816,1852,129,183,64,6
20,male,5025,2239,113,421,20,5
54,male,1028,2114,30,422,45,2
24,female,8912,2425,117,437,25,3
36,male,3035,2611,79,307,115,2
72,male,5621,2034,62,355,39,2
29,female,1035,2235,207,207,61,0
50,female,1033,2278,112,217,107,3
22,female,5646,2487,111,427,40,1
20,female,1825,2402,136,222,102,3
38,male,5045,2491,55,375,84,1
39,male,8912,2153,177,270,40,1
37,male,3023,2095,106,365,20,0
49,male,5622,2598,220,268,61,3
82,female,3515,1800,194,195,27,4
21,female,1825,1974,106,253,60,2
88,female,9721,1988,60,318,55,4
75,female,3041,1683,44,343,20,4
49,female,3035,2237,173,364,20,3
58,female,5621,1435,51,149,69,4
81,female,3548,1668,47,287,41,2
61,female,9721,2219,159,226,77,1
85,female,1033,2281,93,291,73,6
37,male,3026,2236,220,133,20,6
68,male,9712,2010,54,236,94,0
45,female,6211,2283,85,396,40,1
31,male,4811,2049,127,295,34,5
59,male,1031,1971,204,186,52,1
36,female,9728,2270,151,325,46,4
50,male,3515,2677,116,421,52,6
53,female,9731,1643,57,291,24,3
24,female,5622,2224,31,460,23,8
88,male,3041,1832,151,201,51,8
33,female,8912,2258,220,187,62,5
20,male,1813,2301,117,431,20,5
24,female,8921,2396,83,372,67,2
62,female,2014,2200,85,442,20,4
60,female,6535,1725,166,261,20,9
49,male,3041,2325,220,95,73,4
54,male,5045,2221,220,245,34,5
20,female,1036,2108,190,175,69,3
25,male,5621,2324,107,289,80,1
84,female,5632,2327,119,402,28,5
63,female,5616,2023,96,359,26,5
22,female,6224,1664,153,142,53,4
18,female,3515,1748,104,168,72,1
40,male,2545,2653,94,405,74,3
22,female,5646,2196,35,393,59,1
57,male,4816,2228,57,372,48,2
60,male,3511,2674,102,430,63,3
89,female,4817,1444,36,218,47,6
54,female,3531,2374,166,336,44,6
42,male,3035,2348,220,241,22,2
30,female,4816,2372,220,206,21,4
48,female,1033,1411,36,155,76,3
81,female,4825,2055,30,391,46,5
38,male,2014,2456,176,396,20,3
19,female,3041,1694,53,168,89,3
44,female,5014,2224,96,427,23,3
82,female,8912,2172,211,223,47,3
27,male,9712,2330,168,262,63,4
80,male,3035,2423,98,311,84,4
77,male,4811,2037,101,353,26,6
29,female,2545,2218,67,371,53,5
38,male,5646,2148,30,474,23,5
42,male,3542,2394,75,490,20,2
56,other,1033,1873,107,196,71,4
18,female,8921,2607,58,303,127,3
75,other,3035,2255,30,356,87,6
88,male,8927,2141,88,417,22,4
88,male,3023,2174,85,312,69,1
33,male,8921,2585,97,454,37,1
80,female,1035,1739,54,289,39,4
56,female,1813,1985,90,386,20,3
84,female,9712,2154,60,265,98,3
30,female,3035,2281,218,188,85,4
31,female,1035,2557,151,474,20,2
60,male,5634,2201,31,476,20,2
29,male,6216,1749,65,206,67,3
20,male,1035,2219,84,325,64,4
72,male,3514,2407,61,202,149,2
47,male,8921,2155,34,227,123,1
51,female,4817,1928,35,252,87,7
39,female,1813,2079,79,363,41,7
75,female,8927,2592,184,394,33,0
74,female,5634,1847,30,253,94,8
62,female,6224,2027,86,378,20,8
51,female,3542,2177,109,410,20,3
29,female,8921,2168,62,207,128,3
85,female,5646,1970,30,376,39,2
40,male,3023,1957,30,409,40,5
29,other,3023,1918,147,129,84,2
80,male,9721,1918,65,281,59,3
80,male,4825,2165,220,237,20,3
28,female,4822,1908,104,275,37,1
39,female,4825,2052,220,159,21,2
50,male,8921,2748,30,434,104,0
66,male,6535,2125,68,347,50,5
24,male,5012,2060,83,312,56,3
77,male,1033,2180,181,178,86,9
55,female,3534,2069,94,295,55,4
44,female,1813,2286,30,463,38,8
72,male,3511,1781,69,94,119,4
62,male,1823,1863,201,246,20,2
71,female,1031,2348,63,439,36,4
73,male,5014,1993,220,227,20,5
81,male,6514,1681,212,161,26,2
30,male,1031,1978,102,346,20,5
41,male,9711,2252,52,324,81,2
86,female,5646,1752,191,189,28,2
65,female,9735,1853,103,294,22,4
43,female,2014,1632,77,291,20,2
24,male,5621,2271,30,470,25,2
22,female,5616,1910,174,257,20,3
47,female,6211,1870,112,103,106,4
79,male,1035,2356,49,442,43,4
29,female,5014,2515,220,334,31,2
86,female,5621,1408,83,83,80,2
71,female,9712,1887,57,176,106,3
89,male,3035,2042,90,261,69,6
66,male,5632,1802,30,362,32,2
18,male,6216,2355,220,361,20,2
51,male,1023,2251,136,186,102,5
37,male,3516,2066,82,419,20,1
74,female,2545,1696,147,127,69,3
52,male,1031,2225,69,426,29,2
62,female,5033,1788,137,217,39,3
68,female,9731,1357,121,94,55,3
47,male,5012,2224,30,388,68,1
23,male,9728,2533,91,425,51,0
40,male,6224,1683,110,166,62,0
39,female,5022,2447,150,447,20,7
86,male,1825,2141,30,465,32,6
35,female,1825,1774,203,193,20,2
86,male,9735,2017,58,259,82,3
65,female,6224,1974,74,403,20,5
54,male,9731,1936,203,148,54,6
54,male,3035,2454,37,470,45,1
28,female,4825,2270,69,184,137,3
78,female,5646,1800,220,163,20,3
79,male,5616,1915,61,179,101,5
86,male,9712,2199,160,213,79,1
59,male,9731,1998,220,151,47,6
49,female,6514,1761,83,159,84,4
31,female,3515,2314,193,325,25,0
20,male,3041,2539,123,322,92,2
79,female,1036,2296,140,357,29,6
88,female,4816,2368,186,389,20,4
57,other,4817,1960,55,156,121,1
51,male,2545,1610,57,188,70,2
28,female,5612,2439,220,317,23,5
30,male,5022,1910,220,216,20,6
89,male,2517,1956,94,319,34,2
47,other,6224,2035,90,215,90,4
19,male,5644,2208,125,234,88,1
81,female,9712,1921,30,302,71,5
42,male,3041,2177,220,222,29,3
55,male,3534,2445,157,294,78,1
61,male,3534,2023,220,192,22,0
24,female,1031,2533,90,309,106,2
19,female,1028,1792,68,183,93,4
60,male,9728,2687,157,372,64,3
37,male,1825,2248,220,201,49,2
56,female,2545,1957,91,258,58,5
38,male,8927,2423,94,341,78,3
81,female,1033,1959,155,288,21,4
82,female,4816,1891,220,100,56,3
46,male,6535,1806,220,183,20,4
41,female,6211,2185,35,324,84,0
20,male,1825,2510,132,420,27,1
82,male,3511,2269,114,277,79,4
20,male,5621,1808,30,180,111,1
57,male,1028,2483,139,414,29,1
42,male,3023,2656,116,214,151,1
58,male,1033,2190,34,401,48,5
86,female,3026,1408,58,223,28,6
71,female,1035,2339,163,332,39,4
71,female,2517,1911,40,392,20,5
51,male,3514,2562,87,227,141,2
52,female,3023,2192,61,163,141,7
46,female,5632,2380,124,359,52,2
63,female,2014,2410,106,338,71,0
75,female,9728,2059,80,375,41,6
45,female,3023,1710,42,299,39,4
33,male,3542,2065,216,165,65,0
70,male,3515,2272,109,411,20,5
59,female,8912,2140,123,96,140,2
28,female,3516,1895,192,151,56,1
66,male,9735,2067,57,181,131,2
71,female,2545,2204,137,327,33,3
39,male,4825,2668,199,257,98,1
39,female,3548,2080,220,190,46,5
27,male,3026,2368,113,414,28,3
79,male,4816,2297,30,299,124,4
26,male,3035,2364,220,231,56,5
46,male,1031,2498,56,207,162,4
35,female,1031,2317,160,332,39,1
26,male,6211,2518,46,416,76,3
43,male,2014,2318,220,304,20,2
71,female,5632,2155,77,309,68,5
53,female,3548,1964,77,349,23,6
19,male,5045,2419,129,364,52,2
86,female,3511,1735,34,172,108,5
65,female,4825,1951,42,413,20,2
43,male,5622,2487,39,293,133,5
30,male,5634,2678,220,275,76,4
64,female,1028,1200,51,134,53,1
76,female,3023,1893,74,370,20,2
89,female,5025,1717,47,317,34,7
18,male,6535,1917,44,299,66,3
64,male,3515,2494,219,345,29,3
42,female,1823,1809,220,230,20,3
68,male,1813,2094,167,315,20,3
44,male,1033,2173,67,402,34,5
30,male,4825,2704,89,309,123,2
44,female,4817,2071,119,187,95,0
36,male,1023,2037,72,397,20,2
87,male,2014,1833,158,226,32,4
59,female,1031,2146,30,120,177,3
60,female,1033,2219,115,364,39,4
69,male,8912,2491,220,138,74,1
38,male,5022,2497,206,422,20,4
27,female,5632,2253,80,239,116,2
28,male,5045,2193,180,319,20,4
89,male,5616,2210,30,381,76,3
31,male,3514,2186,120,287,63,2
21,female,2517,2147,76,403,28,5
74,female,8927,2684,115,330,98,4
19,male,5025,2301,220,279,20,6
25,male,2517,2112,79,438,20,4
39,male,8912,2259,205,285,34,2
88,female,5646,1776,30,367,27,5
37,male,9711,2486,192,222,93,5
64,female,3515,1947,35,428,20,2
73,female,6224,1754,124,240,33,5
42,female,5033,2421,34,369,88,2
73,female,6216,1663,31,340,20,2
24,male,3511,2753,166,195,146,1
73,female,5022,2175,151,388,20,7
38,male,6224,2139,108,410,20,2
87,male,5634,1859,72,264,67,7
75,female,1031,1899,65,184,103,2
24,other,2517,1959,196,230,27,3
53,male,8921,2078,30,193,139,2
32,male,5612,2381,220,300,22,5
41,other,6211,2251,66,249,108,5
69,female,5622,2033,218,243,23,1
28,female,4811,2754,78,457,65,4
80,female,3542,1515,166,144,26,2
45,female,4822,2009,62,357,37,2
59,other,4822,1888,53,308,51,1
82,male,9712,1764,108,122,88,3
35,male,5616,2541,43,398,84,3
82,male,1033,2050,74,394,20,2
30,male,6211,3045,72,442,115,1
35,other,9731,2223,184,116,111,2
68,female,6211,2385,52,418,64,2
59,female,6211,2229,131,342,38,4
41,female,4822,2101,87,347,35,1
60,male,8921,2391,30,80,180,1
51,female,5621,2144,133,187,93,6
29,female,3548,2112,193,257,31,2
24,male,9721,2200,51,357,60,4
51,female,4817,2184,165,267,48,2
56,male,1046,2045,88,291,59,5
80,male,1028,2029,78,353,26,5
51,female,1031,1935,106,304,26,1
78,male,1023,2268,210,233,55,4
40,female,5045,2237,69,406,38,4
32,male,8912,2237,114,402,20,1
18,female,1028,2382,44,338,97,1
23,male,9711,2315,141,222,96,7
65,male,1031,2233,116,236,91,3
39,female,3534,1973,30,252,97,3
28,female,9712,2015,220,195,20,3
76,male,2014,1837,100,283,32,7
55,male,3515,2208,55,465,20,3
43,male,3026,2482,120,405,41,3
42,male,6224,2121,149,258,52,1
64,male,1823,1815,102,326,20,3
61,male,4825,2337,96,397,44,7
79,male,1035,2464,207,193,97,6
87,male,5612,2211,155,355,20,4
22,male,3035,2720,220,253,62,2
62,male,5025,1586,30,375,20,7
62,male,4816,2336,81,371,58,4
66,female,6216,2125,202,303,20,5
32,female,5646,2421,62,471,36,2
64,male,3516,1995,84,176,111,4
50,male,5025,1951,82,369,20,5
19,male,5045,2161,169,160,98,4
21,male,3041,2517,117,412,52,1
41,female,9728,1757,30,247,69,5
54,female,5033,2137,30,323,93,2
69,female,1033,1818,77,238,57,4
54,female,3548,1906,41,231,88,3
25,male,5622,2718,220,367,34,5
52,male,9735,1843,30,194,120,2
24,male,5632,2523,220,284,20,2
33,male,9721,2222,82,339,57,5
47,male,4811,2151,92,398,21,4
45,male,1023,2063,162,172,84,5
79,male,5045,2002,127,283,38,4
42,female,5612,2260,129,372,29,0
22,female,4817,2564,160,393,34,4
32,male,6535,1867,220,241,20,6
48,female,5025,2017,200,305,20,8
75,male,5632,2511,95,347,79,2
53,female,3515,1928,41,207,108,4
56,female,1036,2035,67,208,108,6
64,female,8921,2518,132,303,89,2
22,male,5612,2191,140,223,88,4
81,female,4816,2102,205,178,58,4
22,female,3023,2334,30,347,102,0
54,male,5622,2525,91,506,20,1
18,male,5616,2302,155,380,20,3
78,female,9712,1948,108,312,28,2
20,male,1813,1927,173,250,31,3
72,female,1033,1799,34,372,24,2
52,female,8912,2005,158,248,39,6
77,female,1823,1535,149,243,20,3
31,female,4816,2302,199,118,115,3
27,male,1813,2260,83,392,42,3
86,male,5012,1880,56,155,115,2
29,female,9711,1257,43,216,21,5
89,female,3511,2057,41,252,100,1
57,male,5014,2613,220,279,20,3
79,female,5014,2352,172,402,20,5
19,female,5014,2280,181,364,20,7
59,female,1813,1730,103,305,20,6
58,male,3514,2527,63,348,98,2
44,female,5612,1646,208,80,61,1
35,male,3511,2343,45,114,180,1
75,male,6535,1634,88,263,20,3
30,male,6221,2369,113,346,63,6
51,male,2545,2669,167,249,109,3
28,male,3023,2390,208,182,92,2
65,female,1813,1925,127,263,38,1
61,female,4811,2178,220,211,32,9
88,female,2517,1723,111,195,60,6
76,female,9711,1979,220,131,62,3
35,male,9712,2234,195,264,44,0
71,male,4811,2252,73,370,54,2
20,female,6224,2180,30,381,61,4
68,male,9728,2793,137,500,25,6
29,female,1031,1872,115,182,68,5
87,female,1028,1983,49,388,37,5
37,male,5033,2493,70,338,93,4
48,male,5612,3118,220,358,42,1
38,female,3024,2221,151,377,20,3
19,male,5012,1993,109,263,46,1
48,male,3024,2153,149,337,26,2
50,other,6211,2853,220,286,41,0
80,male,3515,2093,102,374,22,7
41,male,3035,2160,220,150,36,3
68,female,4816,2141,84,395,23,7
83,female,9735,1540,30,169,80,1
62,male,1033,2137,198,181,71,3
54,male,6514,1624,121,204,36,10
48,male,6535,1695,183,172,24,2
72,male,6221,2118,122,353,24,7
88,male,1825,1772,150,225,22,4
39,male,3511,2468,187,269,79,0
80,female,6216,1644,128,204,36,2
46,female,5621,1722,61,277,42,0
78,male,1036,2484,60,186,172,5
43,male,6221,2286,39,305,107,1
89,female,3023,1869,73,324,31,1
42,male,3026,2169,220,287,20,1
38,female,1023,2324,198,306,32,2
53,male,4817,2483,118,305,92,2
71,female,5022,2061,204,295,20,3
85,male,3514,2230,132,312,60,1
53,female,5632,2273,149,385,20,5
87,male,2517,2139,46,372,53,1
35,female,3515,1809,30,385,20,3
35,female,5014,2078,186,334,20,5
37,female,3023,2127,131,254,57,2
26,female,3511,2665,64,439,81,0
28,male,9731,2326,62,480,20,3
65,male,4817,2098,30,291,108,1
71,female,5033,2019,64,358,40,4
19,female,5033,2137,85,278,74,1
64,male,6211,2218,53,204,137,2
50,male,1046,2173,181,214,66,1
81,male,5646,2258,220,177,53,4
70,female,1036,2067,44,325,65,3
56,male,5644,2351,97,292,97,4
31,male,9731,2357,71,307,93,4
62,male,1033,1629,76,255,33,2
87,female,1035,2129,118,161,109,3
65,female,1035,1505,155,111,52,10
73,male,5616,2484,220,290,20,4
20,male,3026,2168,131,404,20,2
49,male,6514,2531,220,314,30,5
51,male,5632,2343,183,280,49,2
35,female,3511,2253,50,261,112,6
53,female,5621,1564,102,246,20,2
53,female,5612,2225,100,398,20,0
28,other,5644,2397,215,288,49,1
64,female,3041,1905,76,220,82,3
18,male,1046,2398,137,117,153,2
64,female,4817,2011,166,250,30,4
28,other,5632,2322,220,80,134,6
63,other,4822,1830,169,94,86,2
32,female,5022,2363,167,426,20,2
29,female,5025,1637,179,214,20,3
18,male,9735,2847,149,365,95,1
64,male,1035,2480,220,323,20,3
69,male,1031,1837,83,334,20,7
51,male,9711,2062,89,238,85,1
84,male,4817,1940,65,237,84,4
71,female,3531,2203,89,236,95,3
25,female,2014,2057,168,224,57,0
32,male,9712,2800,129,430,60,2
31,female,3531,2350,106,269,95,1
59,male,5644,2086,187,208,54,3
61,female,1031,1823,174,192,41,4
69,female,1036,1908,88,286,46,3
28,female,6535,1981,220,140,46,4
24,male,3511,2297,81,186,141,0
20,male,3024,2479,220,364,22,1
73,male,3531,2646,30,600,20,3
84,female,5033,2280,205,142,99,4
21,male,6216,2283,54,359,71,2
18,male,8912,2630,220,138,20,2
21,female,1033,2009,174,266,29,1
18,male,4825,2168,163,208,73,3
73,female,5632,2092,220,204,25,3
19,male,1813,2623,219,165,121,6
21,female,3035,2861,49,457,93,2
29,male,6535,2295,190,389,20,1
67,female,5014,1750,135,243,23,8
72,other,3542,2158,48,247,113,3
44,female,9728,2180,60,462,20,6
80,female,1023,1992,124,339,20,3
66,male,3534,2920,105,365,121,1
62,female,3511,1743,173,133,61,4
55,male,3026,1489,69,174,64,2
61,male,5012,1985,102,205,82,4
29,male,1033,2090,30,308,79,3
49,male,8921,2781,113,385,88,3
86,male,9735,2315,54,403,52,4
50,male,4811,2418,144,431,20,3
79,male,1046,2173,48,203,135,6
72,male,6514,2039,64,311,62,4
42,male,3511,2401,112,304,80,1
74,female,6221,2600,43,568,20,3
32,female,1033,1532,100,208,37,6
39,female,5616,2627,206,420,20,3
74,female,3531,1814,220,136,20,0
36,other,9711,2706,30,263,179,0
25,male,4816,2512,137,437,25,0
89,male,5033,1810,30,311,56,1
87,female,3035,1916,85,359,20,4
18,female,3514,2436,99,358,72,4
46,female,5012,1974,53,247,92,0
26,female,1028,1706,88,240,46,2
87,male,1813,2313,122,250,91,2
63,male,5622,2503,220,334,20,7
20,male,5621,1905,97,155,92,4
39,female,6535,1273,53,185,38,3
65,female,9731,1345,75,200,33,2
80,male,8921,1991,220,128,24,5
25,other,9712,2401,78,334,72,1
44,female,1825,2349,82,419,39,4
76,male,4825,2061,195,235,35,8
25,male,1028,1897,80,180,93,3
56,female,9712,1994,220,234,20,5
50,female,1813,2107,87,379,33,5
37,male,3511,2506,58,484,37,0
39,female,9731,1894,30,405,23,6
28,male,5025,1987,215,294,20,8
52,female,8927,2664,163,392,45,6
79,female,5621,2004,32,268,90,2
58,female,5014,1839,85,356,20,5
51,male,8927,2364,196,212,82,6
85,male,8921,2218,125,243,79,1
82,male,8927,2862,201,250,119,3
67,female,6224,2280,45,426,45,3
56,male,3035,2208,143,385,20,4
36,male,6224,1695,58,312,30,1
26,male,1036,1972,30,286,90,2
79,female,8921,2023,133,279,35,5
75,female,5634,1881,178,216,32,1
39,male,5033,2003,83,254,68,4
41,male,5012,2537,60,511,32,4
27,male,5014,2900,139,588,20,5
42,male,3024,2100,79,358,33,3
50,female,6224,1759,33,304,42,5
75,male,9735,2152,30,376,71,3
24,male,3531,2665,118,420,67,3
64,male,1825,2068,220,217,26,0
57,male,8912,1912,154,299,20,5
25,female,1825,2213,114,252,79,3
24,male,4817,2415,30,327,108,1
18,male,9735,2488,48,394,84,5
48,female,3024,2019,82,380,20,5
21,male,2014,2451,136,375,42,3
79,other,1033,1906,55,288,49,0
30,female,3024,2456,220,217,52,0
35,female,6221,1856,37,188,107,4
89,male,5022,2138,30,430,28,4
89,female,5022,1984,61,425,20,7
73,male,5646,2406,220,263,20,10
49,female,1825,2050,144,274,41,5
35,male,3024,2413,113,369,53,3
78,female,2014,1963,30,248,100,1
28,female,5634,1816,101,314,23,3
72,male,9728,1723,143,204,47,2
47,female,4822,2094,30,309,82,4
23,male,8921,2550,196,297,56,3
64,male,5025,2094,65,427,20,2
32,female,9735,2443,133,335,67,0
61,female,3035,2279,164,358,20,3
69,female,1023,2002,94,396,20,3
80,male,5025,1748,113,306,20,4
68,male,5012,1761,153,236,29,3
41,female,2014,2068,62,406,23,7
47,female,5634,1978,72,263,73,5
27,female,3041,1965,71,305,54,4
53,female,3531,1816,109,325,20,7
30,male,6211,2399,35,338,104,4
77,male,5621,1935,170,158,68,0
66,male,5622,2765,220,286,38,6
23,female,5622,2100,89,420,20,5
72,male,3534,2043,139,80,130,4
44,male,5014,2658,164,420,33,10
78,male,9728,2317,217,268,48,5
60,male,5612,2796,123,517,29,3
68,female,4816,1757,126,241,41,3
58,female,4811,2237,197,331,20,8
38,male,3514,2463,213,379,20,4
72,female,3024,1940,106,267,54,2
56,male,3035,2020,79,384,25,2
67,male,3026,2189,66,426,22,5
22,female,9731,1902,193,168,43,4
87,other,8912,1861,109,302,28,0
61,female,5014,1764,105,319,20,4
54,female,1813,1619,77,254,26,3
47,male,5025,1964,142,343,20,6
40,other,8912,1651,40,209,69,4
60,female,3026,2034,85,260,77,1
66,female,6224,1840,119,248,41,5
87,male,6535,1878,203,232,20,1
53,other,5616,2163,30,438,33,5
32,female,3035,2108,112,115,138,3
80,male,4811,2089,137,378,20,3
38,male,5644,1915,30,410,21,2
60,male,1825,2548,220,282,27,4
71,female,6216,1682,89,291,20,4
30,male,8912,2045,117,353,22,5
49,female,4822,1473,89,100,76,4
61,male,5033,2195,113,352,43,6
61,female,2517,2078,220,155,63,3
25,male,3023,2470,100,361,68,2
53,male,5634,2196,51,259,104,3
89,male,1028,1718,41,169,103,7
89,female,4817,1760,45,237,68,1
71,female,5621,1849,65,255,59,6
84,male,5014,2068,92,418,20,6
26,female,2517,2261,206,352,20,4
34,female,2517,2142,212,309,20,2
89,male,3542,1932,30,88,166,1
26,male,9721,2374,105,118,162,0
62,female,2545,2319,173,251,71,4
39,male,6224,2080,75,337,53,4
23,male,4825,2185,88,215,106,4
86,male,5644,1794,96,174,82,3
74,female,5616,1841,50,349,22,4
70,male,5033,2291,137,307,59,3
87,other,2545,1660,37,214,71,4
49,male,5622,2126,180,289,36,3
76,female,6211,2026,70,338,48,5
28,male,5033,2470,123,273,106,1
46,female,5634,2207,73,409,27,3
78,male,5634,2016,58,386,28,5
69,male,6221,2568,115,439,42,2
63,female,5025,1623,220,179,20,3
29,male,1825,2049,30,333,66,4
54,male,4822,2132,30,386,58,3
23,male,3511,1931,134,180,71,3
18,male,4817,2227,218,160,66,2
30,female,9728,2040,30,278,95,6
56,male,6211,2534,30,396,93,2
23,female,6224,2183,64,385,43,1
59,female,5014,2087,195,210,47,7
51,male,3511,2271,30,273,122,4
64,female,3516,1822,78,106,114,2
44,male,9731,2072,99,195,94,2
82,male,4811,2667,90,492,37,2
46,female,1033,1747,52,370,20,2
79,male,1031,2156,69,191,125,3
34,male,8921,2911,98,471,67,3
46,male,2014,2302,75,318,76,2
79,male,5033,2187,220,176,56,2
23,male,5634,1894,126,223,62,1
71,female,3516,1795,118,245,43,3
62,male,8927,2413,198,324,39,6
86,female,8921,1872,52,153,124,1
19,male,3024,2496,151,374,49,2
57,male,9712,2390,126,408,25,1
42,female,4811,2255,97,295,75,7
22,male,2545,2423,158,200,115,2
48,female,2014,2340,115,354,43,3
76,male,4822,2286,161,303,50,2
63,male,4825,2196,67,448,20,6
70,male,1813,2023,81,378,23,5
84,male,5025,1747,125,281,20,4
53,male,1813,1836,146,231,34,6
33,female,9721,1770,220,180,20,2
65,female,1036,1925,104,180,89,5
67,male,5022,2320,127,435,20,5
67,male,9735,2450,35,289,126,1
58,male,4822,1758,188,152,50,2
49,male,4822,2087,63,150,134,0
77,female,4816,2097,116,304,52,1
53,female,5621,1440,102,219,20,3
40,male,4816,2942,220,438,20,3
25,other,3548,2252,40,428,37,7
23,male,5022,2328,220,291,20,5
79,female,5014,1950,82,390,20,3
29,male,1028,2218,85,241,103,3
35,other,4825,2018,220,142,48,6
26,female,3511,2176,70,415,34,2
86,female,1825,2024,82,299,49,10
83,female,6535,1524,146,221,20,2
54,male,2517,2383,41,522,20,6
89,other,4825,2087,198,254,31,2
56,male,5622,2355,175,391,20,4
71,female,2545,2195,113,233,90,7
78,male,8921,2491,220,232,29,4
23,male,5634,2029,71,175,123,4
42,female,1046,2012,30,330,66,2
55,male,3041,1976,130,306,22,5
50,female,6514,1981,220,127,33,1
81,male,1031,1910,60,352,30,1
63,female,5616,1991,146,344,20,6
69,female,5632,1961,53,215,98,3
80,male,9735,2526,79,235,145,1
21,male,3041,2109,152,325,27,3
40,female,4825,2212,47,424,43,3
20,male,5612,2401,152,393,21,3
49,female,9731,1364,30,256,32,1
64,female,1035,2052,167,234,45,2
83,female,1023,2032,73,430,20,5
18,female,5033,1827,35,237,86,2
50,female,4822,1884,84,123,116,1
41,other,5022,2413,220,323,20,9
55,female,3026,2004,30,456,20,6
69,male,8912,1838,192,165,45,2
32,female,4816,2401,160,306,60,4
26,female,1823,2359,53,508,21,3
61,male,6535,2021,30,318,74,4
59,male,9728,2264,157,192,93,3
71,female,9735,1921,30,343,47,1
36,female,1023,2112,133,301,37,1
43,male,8912,2100,30,341,64,1
39,female,3516,2094,220,126,61,3
87,female,5634,1808,30,354,33,2
28,female,1028,2026,142,159,87,0
75,female,5612,1624,105,270,20,7
57,female,5612,2238,68,455,20,8
50,male,5634,1896,52,328,38,4
55,male,6535,1847,130,246,35,2
57,male,3542,2370,220,92,57,4
70,male,1036,1845,80,242,66,9
39,female,1033,2154,63,350,58,3
62,female,5622,2163,91,382,35,6
27,male,3542,2330,50,359,71,3
26,male,2517,2404,192,360,20,2
56,male,5045,2478,135,317,75,4
64,female,4822,1783,50,161,109,1
29,other,3026,1696,129,242,23,2
64,female,3026,1775,54,388,20,7
18,female,9711,2371,186,229,85,2
75,male,3548,2232,150,361,20,0
70,female,5014,1640,154,248,20,7
72,male,3534,2195,72,430,20,7
71,female,2014,2105,100,322,48,7
27,female,6535,1548,58,234,43,3
21,male,5646,2255,153,360,20,4
75,male,5616,2343,95,339,67,3
87,male,9728,1892,92,320,30,4
66,male,3531,2070,106,333,36,0
50,female,3542,1931,203,222,20,2
39,male,5045,2147,64,329,61,3
33,male,3516,2312,89,237,116,1
48,male,3024,2305,220,142,60,2
56,female,3511,2140,59,305,81,1
87,male,1825,2078,190,259,40,3
38,female,3516,1822,73,242,62,1
57,male,4817,2343,30,512,27,0
87,male,6211,1977,162,280,32,6
28,female,9731,1813,54,314,43,1
26,female,4816,2611,157,334,72,5
79,female,6535,1876,86,303,25,5
79,female,6221,1598,30,279,47,0
25,male,5045,2115,104,288,60,3
37,male,1035,2367,149,253,79,2
23,female,4811,2365,180,177,105,5
67,male,4825,2277,84,395,40,3
57,female,3041,1597,66,211,49,3
60,female,5632,2177,220,222,39,10
36,female,3531,2105,89,237,91,2
56,female,4817,1982,116,191,83,3
20,male,6211,2840,64,484,73,2
59,male,5646,2121,178,266,35,0
81,female,6514,1789,30,387,20,6
40,male,2545,2080,51,242,100,2
65,female,3024,1888,165,279,20,1
71,female,3024,1851,30,425,20,7
43,male,6535,1983,203,257,20,2
79,female,1028,1499,41,155,73,5
52,female,1046,1966,174,233,42,7
84,female,9712,2036,220,221,35,2
87,female,3534,2271,198,263,47,1
31,male,3542,1958,30,312,63,4
40,male,8912,2612,128,439,36,1
64,male,4822,2178,119,303,59,0
32,female,1825,2102,194,268,23,1
57,male,5621,2118,128,325,34,1
35,female,3542,1809,48,133,123,3
35,other,3023,1858,109,298,23,3
67,male,9711,2356,175,375,26,1
66,female,1036,1741,88,203,62,6
64,female,2545,2582,120,380,63,6
38,male,4816,2497,42,473,55,5
55,male,9728,2626,220,181,20,3
53,female,4816,2479,135,435,20,4
82,female,1825,1507,103,139,59,5
31,male,3548,1973,130,277,35,4
65,male,5622,2162,220,161,40,2
47,female,5632,2057,220,182,37,2
65,male,9731,1870,63,333,30,7
77,female,3516,2077,31,139,151,3
57,female,1046,1642,140,100,75,0
62,female,9711,2176,220,142,78,4
42,female,5634,2146,146,165,99,2
68,male,1028,1810,30,182,112,0
25,other,3023,2604,48,429,77,0
87,female,3024,1971,58,270,74,6
86,male,5621,2028,65,410,20,5
18,female,9712,2051,51,186,121,1
70,male,1028,1924,117,120,106,2
41,male,5622,2433,104,358,55,5
25,male,4811,2004,176,194,63,4
89,female,3516,1475,149,102,59,1
48,female,9728,1665,49,284,43,6
41,male,1033,2431,152,412,22,5
87,female,4825,1550,38,183,74,9
70,male,1825,2243,70,375,56,4
22,male,4825,2263,115,389,20,6
27,female,6211,2544,37,475,54,2
71,male,5622,2135,79,323,58,4
61,male,5634,2403,123,398,32,4
58,male,1046,2315,220,280,30,4
53,male,5014,1964,30,401,29,4
79,female,5616,2059,30,405,40,3
70,female,3511,2049,64,324,62,2
24,male,1823,2685,220,270,20,3
50,female,3534,2094,61,352,44,1
27,female,1035,2330,129,245,91,2
86,female,1035,1931,185,232,30,6
30,female,5646,1928,163,298,20,2
23,male,1813,1925,141,293,31,2
18,male,1823,1744,30,132,126,4
19,other,6221,2016,123,277,42,4
88,male,5646,2159,149,357,20,7
42,female,3534,1709,30,217,91,4
86,female,5634,1401,38,202,47,5
55,male,1823,2241,126,427,20,8
47,male,5622,2572,170,443,20,1
69,male,1046,2166,40,333,78,3
42,male,1033,2305,197,235,60,1
38,female,1035,2333,187,276,52,1
62,male,9728,2592,126,381,67,3
69,male,4825,2294,220,235,20,4
61,female,1823,1685,122,296,20,7
35,female,8927,2397,44,478,35,3
54,male,2545,2184,105,285,64,4
37,female,5012,2133,220,199,20,3
18,female,3511,2058,30,314,82,2
20,female,3515,2055,161,250,39,6
76,male,4811,1878,30,243,87,4
32,female,2517,2147,69,371,43,4
58,male,2517,2138,188,314,24,0
27,female,6514,2153,220,237,20,1
62,male,5612,2201,191,354,20,3
62,male,5632,2268,211,304,27,3
53,female,3542,1960,97,251,58,3
79,female,3514,1630,30,323,33,2
61,other,3531,1911,214,198,29,5
42,female,3511,2378,112,219,116,3
46,male,5033,2211,56,303,86,2
65,other,1823,1831,102,322,22,6
74,male,5646,2125,220,216,26,2
85,female,6535,1809,123,206,55,9
61,female,6535,1812,78,245,57,2
71,other,3515,2120,220,254,20,0
80,female,8921,2097,37,306,82,2
58,male,3026,2053,98,397,20,5
40,female,3026,1758,69,179,88,3
65,other,1033,2038,156,199,75,6
48,female,1028,1877,46,321,44,1
47,female,4816,2311,67,486,20,2
51,male,3516,1794,65,246,63,5
79,female,5033,1777,220,196,20,2
77,female,3514,1734,30,333,42,4
32,female,5622,2599,103,269,119,6
29,female,1823,1500,82,230,28,8
32,male,4825,2714,81,438,62,2
51,female,1823,1886,83,351,20,7
56,female,4817,1740,186,209,20,6
55,male,5634,2413,143,232,94,2
61,female,3024,1954,89,299,40,2
28,female,5033,2779,80,345,123,3
21,female,2014,2201,67,297,78,3
75,male,1033,2200,53,441,24,6
38,male,2014,2150,220,158,69,4
35,male,5632,2384,220,196,42,2
87,male,3515,2243,182,353,20,5
42,female,1028,2212,75,303,78,1
80,female,2014,1551,177,147,23,7
30,male,6514,2312,114,390,28,2
85,female,5616,1928,130,239,46,3
45,male,3515,2085,207,160,67,1
87,male,3024,2407,111,429,32,6
48,female,3026,1893,117,348,20,5
38,male,6224,1770,105,217,58,4
61,female,3024,2002,164,98,109,2
81,female,4811,1955,60,387,23,3
67,female,8921,2177,158,183,93,3
48,male,1046,2511,220,209,20,3
22,other,3026,2298,76,473,20,2
42,female,2545,1933,132,301,24,2
22,male,9711,2077,48,312,70,1
40,male,3026,1765,154,237,25,3
53,female,5033,2117,70,364,53,0
78,male,1023,2203,211,309,20,4
53,male,1825,2102,142,260,45,1
28,male,3515,1860,56,387,20,7
42,female,4825,1935,154,233,37,3
34,female,9731,1769,134,215,38,3
71,female,1028,1466,77,203,43,1
87,female,6211,1877,220,176,24,6
35,female,5612,2230,220,188,62,1
42,male,5646,2282,220,342,20,5
65,male,4811,2272,102,421,20,2
20,female,5012,1840,87,240,59,3
47,female,1825,2151,185,235,58,5
49,male,3534,2494,30,491,52,4
78,male,4817,1992,81,304,48,3
65,male,1825,2165,96,343,48,3
81,male,5646,2013,74,304,59,3
66,female,5644,1425,56,250,23,4
47,male,1036,2470,55,154,176,1
38,female,9731,2164,65,336,59,3
55,male,4817,2239,85,358,47,8
83,male,1023,2346,30,511,29,2
45,female,5033,2402,30,421,80,5
46,female,5616,1937,131,317,20,8
77,female,5025,1642,30,336,22,1
87,male,2545,2415,123,289,91,6
34,female,5612,2388,73,363,76,1
32,female,1823,1761,52,367,20,3
53,male,1028,2324,220,198,20,2
51,female,6221,2027,77,363,31,10
79,male,4817,2303,82,207,130,3
46,female,2545,2122,134,261,59,1
70,male,8921,1769,80,123,105,4
33,male,9731,2036,32,231,111,4
38,male,5033,2060,46,182,122,0
54,female,6211,2208,30,472,28,3
43,male,1023,1883,113,332,20,3
77,female,9721,1356,70,149,56,3
51,male,3516,2232,127,207,104,4
51,female,3026,2058,30,458,20,3
53,male,1033,2435,195,381,20,2
38,male,1031,2165,48,334,74,4
22,female,5646,2234,146,378,20,2
65,male,8912,2133,156,346,20,2
70,female,1825,1865,98,209,79,6
21,female,4825,2459,44,390,81,4
71,male,2517,2365,104,454,20,6
26,female,1036,2070,88,260,81,2
47,male,2014,1833,95,299,22,3
39,other,6514,1668,176,97,67,2
46,female,1823,1791,96,337,20,8
84,female,1825,1543,75,181,53,7
71,female,3514,2158,31,332,82,1
65,male,3035,2569,132,491,20,5
84,male,4811,2207,148,297,57,2
68,female,5033,2049,30,410,43,4
68,male,5025,1704,89,299,20,1
57,female,3035,2035,78,377,20,5
51,male,3515,1829,134,320,20,3
85,female,6211,1755,168,218,30,6
36,female,3542,2082,135,306,40,0
75,male,3024,2386,220,348,27,8
47,male,5612,3125,161,600,20,3
78,male,4811,2096,220,279,20,4
31,female,3548,2037,110,275,50,0
50,male,5033,2081,51,261,89,2
85,female,8912,1358,35,229,34,5
87,female,5012,2137,220,176,55,2
55,male,5014,2386,74,503,20,3
77,female,5022,2006,56,422,20,10
61,male,2545,2172,220,145,26,5
28,other,3041,1713,220,158,20,1
81,male,1825,1962,74,162,110,6
79,male,9711,2242,220,143,40,5
80,male,9711,2368,130,291,64,3
36,male,1036,2220,127,361,26,2
30,male,1046,2286,79,333,73,4
69,male,1823,2277,220,242,27,2
89,male,2517,1953,30,473,20,2
50,male,1033,2057,90,323,45,3
18,male,2517,2375,220,194,20,4
27,male,3548,2042,193,246,31,2
60,female,3511,2057,172,265,32,4
39,female,9711,2399,160,185,115,3
61,male,1028,1989,151,228,53,1
22,female,3514,2111,47,328,72,2
46,male,1036,2173,30,267,110,2
74,female,5632,1998,57,242,98,1
71,male,4817,2042,57,414,20,5
88,female,1825,1949,110,254,51,1
20,other,4822,1948,30,296,85,2
41,female,5616,1803,30,379,20,4
31,female,8912,2023,201,269,20,2
42,male,8912,2309,131,331,47,3
27,female,6535,1705,45,302,36,3
33,male,8921,2459,72,400,59,0
51,female,5621,2071,122,172,101,4
29,female,3542,1903,97,279,45,2
33,female,5045,2380,194,253,68,5
20,male,5612,2336,160,268,72,2
66,male,3026,1639,139,208,28,6
56,male,3041,2308,103,458,20,4
60,male,4816,1992,178,193,55,5
62,female,8912,2186,36,459,24,2
75,female,1036,1882,147,122,86,5
89,female,5616,1626,81,256,24,7
88,male,1028,1644,81,141,78,5
30,male,9711,2846,154,428,56,2
76,male,5022,2119,220,260,20,3
47,male,5022,2465,53,558,20,4
79,male,5025,2330,100,424,20,6
45,female,1825,2137,113,329,48,4
27,female,1028,2424,193,332,31,3
68,male,3531,2071,131,330,23,5
82,female,4822,2009,75,155,121,2
84,female,3534,1661,98,234,38,3
71,female,1823,1935,220,200,20,4
44,male,4825,2571,96,470,33,4
82,male,9711,2437,145,246,95,5
88,female,9728,1907,163,210,39,2
48,female,3516,1722,185,154,45,5
73,male,1023,2097,91,285,73,6
36,male,3026,1968,85,380,20,4
40,male,4825,1939,49,295,59,4
62,male,6514,2079,51,352,49,6
39,male,3511,2291,30,371,76,1
64,female,3531,2398,192,228,78,1
50,other,3026,1904,94,338,20,6
29,female,1036,2431,127,312,73,3
37,male,9735,2124,91,342,43,2
87,other,6221,2371,220,288,20,4
42,male,3531,2225,30,316,103,3
31,male,6216,2121,57,311,74,4
89,female,3548,1613,30,321,30,4
36,female,1825,1872,171,217,32,2
34,female,5622,2217,220,310,20,2
72,female,5022,1776,77,352,20,5
89,male,4825,2229,68,350,63,1
80,male,4817,1882,63,203,89,4
28,male,5025,2366,181,410,20,4
33,female,6224,2149,44,347,67,0
21,male,1028,2200,30,326,96,2
53,male,5632,2410,45,448,45,1
75,male,6224,1962,149,258,42,3
42,male,6224,2293,95,272,90,2
80,female,5646,1735,220,80,57,3
82,male,1028,1603,30,310,43,6
26,female,6535,1736,126,287,20,5
73,male,5622,2392,84,490,20,6
89,male,4817,1591,70,267,29,3
77,male,1028,1623,30,203,83,0
18,male,3023,2432,66,458,35,1
20,male,5045,2387,139,382,28,5
60,female,4816,1968,196,195,55,4
44,male,2014,1999,139,244,52,0
30,male,2014,2512,151,410,27,5
85,male,3023,2547,117,296,103,3
33,male,8921,2608,89,305,117,3
29,female,1825,2188,220,213,39,7
80,male,1036,1860,79,151,109,5
29,female,1023,2030,215,278,20,6
71,female,5621,1525,79,128,78,1
49,female,1028,1501,102,222,28,4
89,male,1028,1678,72,206,67,3
71,male,4816,2170,52,455,20,4
35,male,3516,1994,65,190,112,5
31,female,1823,2043,164,334,20,5
74,female,1823,1404,41,294,20,2
27,male,5646,2388,220,259,43,2
27,male,5012,2660,104,331,103,1
38,male,9712,1942,90,173,105,3
59,male,3542,2178,54,411,38,4
75,female,3023,2271,155,323,43,4
55,female,3026,1628,74,274,26,4
30,male,1823,1892,122,320,20,7
41,male,1033,2418,57,502,20,5
46,female,5616,1910,61,317,50,4
33,male,5033,2466,32,293,129,1
38,female,3531,1743,58,228,66,7
44,male,3534,2441,36,364,93,3
68,female,6221,2517,57,505,28,7
84,female,5612,1880,59,315,41,5
89,male,1035,1898,44,282,62,2
31,male,5012,1844,85,282,40,1
61,female,8921,2025,136,268,45,4
25,male,4816,2489,216,388,20,2
28,female,3531,2429,124,343,61,4
73,female,3023,1977,30,307,71,5
18,other,1033,2454,94,330,80,2
44,female,3514,2222,30,456,33,2
73,male,9711,2276,30,476,35,6
78,male,9721,2082,147,139,104,5
44,female,9728,2367,47,327,101,3
65,male,6514,1999,55,391,27,5
18,male,5022,2449,106,329,75,6
49,female,4817,2172,61,172,138,2
32,female,3024,2211,63,385,46,2
55,male,1823,1973,216,275,20,4
80,other,5025,1778,157,292,20,6
30,female,4816,2181,88,157,131,3
41,female,5025,1683,114,303,20,2
71,male,3516,1984,30,332,65,1
63,female,9712,2087,201,156,73,7
18,male,3026,2246,128,261,76,4
45,male,5612,2268,63,430,38,2
55,male,6211,2067,123,236,75,2
84,female,1823,1603,89,304,20,6
25,male,5634,1968,102,337,28,2
58,male,3516,2157,101,195,112,2
23,female,1036,1886,30,309,71,3
81,female,6224,1528,145,195,20,1
63,male,6514,2147,95,324,44,2
80,female,3515,1839,220,203,20,4
78,male,5646,2213,90,411,21,6
45,female,8912,2155,188,238,47,4
71,female,3024,2121,30,334,77,8
30,male,9712,2749,107,551,20,3
18,male,1028,2048,72,281,72,1
69,female,3515,1412,61,241,20,2
46,female,3511,2232,56,331,71,1
55,male,4811,2529,213,379,21,4
29,male,4811,2486,84,488,20,4
41,female,5014,1755,153,243,20,2
52,male,8921,2555,154,274,90,3
54,female,3514,2102,220,213,20,5
83,male,1031,2028,124,271,49,0
22,male,2517,2176,182,358,20,2
21,male,5033,2200,115,329,43,2
66,male,9721,1957,207,116,67,0
83,female,9731,1610,64,258,34,3
25,male,6221,2458,190,253,82,3
48,male,5014,2755,97,571,20,5
55,male,5634,2202,182,216,58,3
42,female,8912,1657,62,320,20,5
42,male,3514,2451,159,383,32,3
24,male,6216,2242,176,365,20,3
83,male,3511,2159,42,214,125,2
85,female,3515,1557,44,290,22,3
