id,zipcode,lotlen,lotwidth,lotarea,housearea,gardensize,balcony,xcoor,ycoor,buildyear,bathrooms,taxvalue,retailvalue,energyeff,monument
940377,3800,18.5,6.0,111.0,81.0,39.0,1,2853,5055,1929,1,413000,509000,1,1
253643,3525,12.0,8.4,100.8,151.2,25.2,2,2203,5907,2002,1,685000,769000,0,0
691029,3528,11.2,6.2,69.4,111.6,7.4,0,2118,5261,1954,1,502000,675000,0,0
512011,3525,10.6,10.3,109.2,231.75,16.5,1,2063,5506,1969,2,1014000,1254000,1,1
671759,3800,17.5,10.7,187.3,240.75,69.6,2,2754,5415,1964,2,1113000,1330000,1,1
663203,3525,10.1,7.2,72.7,97.2,7.9,0,2005,5809,1996,1,447000,516000,0,0
523842,3525,12.2,8.1,98.8,109.35,25.9,1,2218,5968,2010,1,516000,575000,1,0
881446,3528,12.2,8.1,98.8,109.35,17.8,2,2216,5354,1960,1,516000,702000,0,0
131806,3528,10.2,10.3,105.1,139.05,12.4,2,2018,5466,1972,1,640000,820000,0,0
683264,3525,13.1,7.3,95.6,98.55,8.0,0,2310,5807,2002,1,471000,555000,0,0
130174,3800,18.7,5.8,108.5,78.3,38.9,1,2865,5018,1925,1,400000,491000,1,1
672509,3800,15.1,10.0,151.0,225.0,61.0,1,2511,5609,1976,1,1021000,1225000,0,1
602264,3525,13.1,8.8,115.3,118.8,36.1,1,2308,5550,1973,1,567000,728000,0,0
370671,3528,13.6,6.1,83.0,137.25,9.8,0,2360,5157,1940,2,615000,829000,1,1
270091,3528,14.5,7.0,101.5,157.5,38.5,2,2451,5009,1929,1,711000,937000,0,1
223925,3500,16.1,7.4,119.1,166.5,37.7,2,2606,5960,2009,2,761000,816000,1,0
443282,3525,14.1,6.7,94.5,120.6,20.8,2,2411,5800,1996,2,558000,647000,1,0
161253,3528,12.5,6.4,80.0,115.2,6.4,0,2252,5319,1950,1,525000,704000,0,0
841269,3528,13.1,6.1,79.9,82.35,12.8,1,2313,5303,1953,1,393000,542000,1,0
933282,3525,14.1,7.0,98.7,126.0,14.7,1,2410,5805,1993,1,583000,675000,0,0
411688,3528,14.2,8.5,120.7,191.25,44.2,2,2417,5413,1958,2,862000,1098000,1,1
850817,3528,10.5,6.9,72.5,155.25,10.4,1,2050,5215,1950,2,679000,894000,1,1
991035,3528,11.5,5.3,61.0,95.4,5.3,0,2151,5269,1953,1,430000,581000,0,0
590892,3528,14.6,6.4,93.4,144.0,23.0,2,2459,5212,1948,2,651000,854000,1,1
962773,3500,18.6,9.0,167.4,202.5,59.4,2,2863,5652,1983,2,944000,1048000,1,1
150786,3800,19.2,5.2,99.8,93.6,53.0,1,2916,5150,1943,1,454000,538000,0,1
623898,3525,14.6,7.4,108.0,133.2,34.0,1,2455,5955,2008,1,619000,680000,1,0
533923,3500,16.0,7.4,118.4,133.2,29.6,2,2600,5968,2008,1,628000,676000,1,0
463042,3525,12.2,8.3,101.3,186.75,8.3,0,2216,5757,1991,1,828000,966000,0,0
111253,3528,12.5,6.7,83.8,90.45,10.1,1,2254,5300,1954,1,429000,593000,1,0
383451,3525,12.6,7.9,99.5,106.65,28.4,1,2257,5869,2007,1,506000,584000,1,0
531328,3800,16.2,9.1,147.4,163.8,65.5,1,2617,5317,1956,1,773000,984000,0,1
362225,3525,11.1,10.1,112.1,181.8,11.1,1,2111,5558,1971,2,817000,1014000,1,1
512124,3800,16.1,9.4,151.3,126.9,47.9,1,2606,5503,1975,1,629000,791000,0,0
590500,3800,15.2,5.2,79.0,117.0,27.0,2,2516,5117,1933,1,531000,693000,0,1
303914,3500,15.6,6.7,104.5,90.45,30.8,1,2559,5964,2013,1,445000,488000,1,0
822027,3525,11.2,9.2,103.0,165.6,11.0,1,2118,5509,1971,1,745000,939000,0,0
672085,3525,14.0,9.0,126.0,121.5,36.0,1,2404,5518,1977,2,587000,757000,1,0
590119,3800,15.5,5.8,89.9,130.5,31.9,2,2552,5011,1921,1,594000,765000,0,1
220939,3800,16.5,5.1,84.2,68.85,28.1,1,2650,5201,1944,1,343000,449000,1,0
160943,3800,17.2,6.7,115.2,150.75,34.8,1,2718,5214,1947,2,695000,858000,1,1
970038,3528,11.5,7.0,80.5,94.5,17.5,1,2153,5008,1928,1,442000,625000,0,1
220756,3800,17.6,6.9,121.4,93.15,45.5,1,2757,5159,1936,1,470000,598000,0,1
370947,3800,17.2,5.3,91.2,95.4,32.9,1,2719,5202,1939,1,455000,570000,0,1
801710,3800,15.6,9.9,154.4,133.65,65.3,2,2555,5401,1962,2,658000,856000,1,1
480271,3528,13.6,6.7,91.1,120.6,30.8,1,2359,5052,1931,1,555000,762000,0,1
331704,3800,15.2,9.2,139.8,207.0,29.4,2,2516,5409,1962,1,940000,1182000,0,1
503059,3525,12.6,7.4,93.2,166.5,7.4,0,2264,5758,1994,2,741000,864000,1,0
132914,3500,15.7,6.5,102.1,117.0,30.6,2,2565,5705,1990,1,550000,646000,0,0
822019,3525,10.5,8.0,84.0,108.0,8.0,0,2053,5505,1970,1,499000,636000,0,0
782185,3800,19.0,10.6,201.4,190.8,74.2,1,2902,5512,1968,2,924000,1057000,1,1
220649,3528,12.2,6.0,73.2,135.0,7.2,0,2219,5154,1937,1,599000,823000,0,1
741776,3800,18.5,8.8,162.8,158.4,74.8,2,2852,5416,1963,1,764000,901000,0,1
201066,3528,13.1,5.8,76.0,104.4,18.0,1,2308,5267,1952,1,478000,649000,0,0
512372,3800,18.5,9.2,170.2,124.2,59.8,2,2851,5551,1975,1,633000,741000,0,0
883107,3500,15.2,7.7,117.0,173.25,47.7,1,2519,5762,1994,1,787000,904000,0,0
651893,3528,14.6,10.3,150.4,185.4,26.8,2,2459,5450,1968,1,862000,1100000,0,1
862878,3525,13.7,10.8,148.0,243.0,40.0,1,2367,5716,1989,2,1090000,1286000,1,1
630139,3800,16.5,5.5,90.8,74.25,30.3,1,2652,5010,1931,1,370000,484000,1,1
261542,3800,17.0,6.9,117.3,124.2,55.2,1,2700,5365,1953,1,591000,731000,0,1
751951,3800,17.6,9.3,163.7,125.55,61.4,1,2760,5467,1968,2,633000,774000,1,1
412034,3525,11.6,9.1,105.6,163.8,9.1,0,2158,5517,1975,1,740000,934000,0,0
823996,3500,19.5,7.9,154.1,106.65,67.2,2,2953,5963,2015,1,550000,553000,1,0
591437,3528,11.6,10.9,126.4,147.15,10.9,2,2164,5359,1963,2,690000,932000,1,1
992038,3525,11.7,10.2,119.3,229.5,17.3,1,2169,5513,1971,2,1013000,1265000,1,1
932514,3800,15.7,10.8,169.6,145.8,61.6,2,2566,5610,1983,1,719000,885000,0,0
543629,3525,11.0,7.3,80.3,164.25,7.3,0,2101,5918,2007,2,721000,797000,1,0
771985,3800,19.1,9.9,189.1,133.65,100.0,2,2911,5466,1967,1,686000,802000,0,1
152463,3525,13.1,8.6,112.7,193.5,35.3,2,2311,5606,1977,2,864000,1054000,1,0
761083,3528,14.1,6.2,87.4,111.6,31.6,1,2411,5265,1948,1,516000,691000,0,1
742076,3525,13.5,8.5,114.8,191.25,21.3,2,2353,5509,1967,1,857000,1071000,0,1
272116,3800,15.6,8.8,137.3,158.4,49.3,2,2557,5502,1972,2,743000,923000,1,1
721052,3528,12.6,6.0,75.6,135.0,15.6,1,2258,5250,1946,2,600000,806000,1,1
580046,3528,12.1,5.1,61.7,68.85,10.7,1,2212,5015,1927,1,325000,463000,1,1
450989,3800,19.1,6.7,128.0,90.45,61.0,1,2908,5214,1945,1,464000,561000,1,1
242754,3500,17.6,8.0,140.8,180.0,60.8,1,2764,5661,1982,2,833000,944000,1,0
830324,3800,16.0,5.9,94.4,132.75,29.5,1,2603,5063,1933,1,607000,774000,0,1
462558,3800,17.6,9.9,174.2,133.65,65.3,1,2764,5613,1984,2,674000,795000,1,0
262714,3500,15.5,8.1,125.6,109.35,28.4,2,2554,5660,1986,1,538000,653000,0,0
921341,3800,17.0,9.7,164.9,174.6,67.9,1,2700,5303,1958,2,830000,1037000,1,1
132589,3800,19.1,10.3,196.7,231.75,83.4,2,2905,5604,1984,2,1084000,1204000,1,1
491519,3800,15.5,8.4,130.2,113.4,54.6,1,2550,5356,1956,1,558000,733000,0,1
760223,3528,11.1,5.3,58.8,95.4,5.3,0,2114,5050,1927,1,429000,589000,0,1
793688,3525,14.0,7.7,107.8,103.95,38.5,2,2401,5902,2012,1,502000,571000,1,0
861684,3528,14.1,9.0,126.9,121.5,45.9,1,2406,5408,1966,1,588000,781000,0,0
752012,3525,10.6,10.9,115.5,147.15,10.9,2,2060,5514,1972,1,681000,867000,0,0
911101,3800,15.1,5.0,75.5,112.5,20.5,1,2505,5255,1947,1,510000,660000,0,0
320507,3800,15.1,5.2,78.5,117.0,26.5,2,2509,5106,1938,1,531000,693000,0,1
230509,3800,15.1,5.9,89.1,106.2,36.0,1,2510,5118,1936,1,496000,659000,0,1
841383,3800,19.1,6.2,118.4,111.6,56.4,2,2906,5300,1953,1,541000,637000,0,1
793809,3525,10.1,7.9,79.8,106.65,7.9,0,2005,5963,2017,1,490000,539000,1,0
881294,3528,14.5,5.1,74.0,68.85,17.9,1,2454,5308,1952,1,335000,452000,1,0
200188,3800,19.2,7.0,134.4,94.5,64.4,1,2917,5016,1923,1,486000,586000,0,1
233493,3525,14.6,8.0,116.8,180.0,20.8,1,2464,5866,2001,1,813000,911000,0,0
943832,3525,11.6,8.2,95.1,147.6,8.2,0,2160,5967,2018,1,666000,732000,1,0
930031,3528,11.7,6.7,78.4,120.6,11.4,1,2166,5010,1923,2,545000,753000,1,1
400794,3800,19.5,6.5,126.8,146.25,68.3,2,2951,5156,1940,2,686000,794000,1,1
650163,3800,18.2,6.7,121.9,90.45,48.2,1,2815,5015,1928,1,459000,573000,1,1
770381,3800,19.1,5.5,105.1,123.75,44.6,1,2909,5050,1932,1,579000,679000,0,1
970651,3528,12.6,5.0,63.0,90.0,8.0,0,2255,5157,1942,1,410000,573000,1,0
520080,3528,14.1,5.5,77.6,99.0,11.6,1,2413,5001,1928,1,458000,619000,0,1
551045,3528,12.2,5.0,61.0,90.0,5.0,0,2216,5266,1948,1,409000,556000,1,0
300074,3528,13.7,5.0,68.5,112.5,18.5,1,2365,5004,1927,1,505000,676000,0,1
710521,3800,16.1,6.5,104.7,87.75,33.2,1,2613,5118,1938,1,435000,577000,1,1
213322,3500,16.1,8.4,135.2,189.0,42.8,1,2609,5818,1999,1,864000,966000,0,0
501613,3528,10.6,9.7,102.8,130.95,9.7,0,2064,5402,1959,2,606000,796000,1,0
381823,3525,11.1,8.3,92.1,149.4,8.3,0,2108,5468,1971,2,671000,855000,1,0
220975,3800,18.6,6.3,117.2,85.05,54.2,1,2861,5209,1942,1,434000,533000,1,1
380718,3800,15.6,5.0,78.0,67.5,18.0,1,2556,5154,1936,1,332000,448000,1,1
351039,3528,11.5,5.0,57.5,90.0,5.0,0,2151,5262,1946,1,406000,549000,1,0
460363,3800,18.1,6.0,108.6,135.0,48.6,1,2813,5057,1925,2,627000,756000,1,1
730471,3528,13.6,6.8,92.5,153.0,10.9,2,2359,5107,1939,1,686000,926000,0,1
571993,3800,19.7,9.7,191.1,130.95,74.7,2,2968,5459,1969,1,677000,777000,0,1
910358,3800,17.5,7.0,122.5,126.0,59.5,1,2751,5064,1930,2,602000,750000,1,1
452130,3800,16.7,9.2,153.6,207.0,70.8,2,2665,5505,1972,1,951000,1141000,0,1
271928,3800,16.0,9.3,148.8,125.55,55.8,2,2601,5468,1971,1,621000,789000,0,0
600098,3528,14.5,5.0,72.5,67.5,27.5,1,2453,5010,1925,1,328000,452000,1,1
541306,3800,15.1,9.5,143.5,171.0,39.0,2,2508,5319,1958,1,799000,1040000,0,1
253006,3525,10.1,7.3,73.7,98.55,7.3,0,2012,5760,1997,1,453000,532000,0,0
820411,3528,10.6,6.3,66.8,85.05,6.3,0,2056,5103,1937,1,394000,545000,1,1
922325,3800,16.1,9.5,153.0,171.0,58.0,1,2609,5552,1972,2,806000,981000,1,1
571596,3800,19.6,11.0,215.6,247.5,83.6,1,2960,5364,1957,2,1162000,1321000,1,1
600620,3528,11.0,5.3,58.3,71.55,5.3,0,2103,5158,1934,1,333000,467000,1,0
323532,3500,16.6,6.9,114.5,155.25,31.7,2,2661,5854,1999,2,713000,782000,1,0
273378,3500,18.7,6.6,123.4,148.5,64.0,1,2865,5817,2003,2,693000,738000,1,0
790890,3528,14.7,5.1,75.0,114.75,29.1,2,2465,5209,1944,1,519000,681000,0,1
311887,3528,14.1,10.8,152.3,145.8,33.5,2,2408,5454,1969,1,705000,926000,0,1
502518,3500,15.6,8.1,126.4,145.8,53.5,2,2559,5614,1983,2,684000,826000,1,0
632817,3525,10.6,7.7,81.6,173.25,7.7,0,2061,5701,1993,2,758000,890000,1,0
262657,3525,12.6,10.2,128.5,183.6,26.5,2,2262,5657,1984,1,837000,1018000,0,0
951932,3800,16.6,10.6,176.0,190.8,48.8,2,2660,5466,1969,2,904000,1109000,1,1
942615,3525,10.6,8.5,90.1,153.0,8.5,0,2064,5654,1981,2,684000,822000,1,0
442815,3525,10.7,7.1,76.0,95.85,7.1,0,2069,5711,1992,1,444000,533000,0,0
342120,3800,16.1,10.7,172.3,192.6,43.9,1,2608,5507,1973,1,908000,1117000,0,1
470490,3528,14.6,5.7,83.2,76.95,20.5,1,2456,5114,1938,1,374000,518000,1,1
642911,3500,15.6,6.9,107.6,93.15,38.6,1,2558,5711,1992,1,459000,548000,0,0
990402,3528,10.1,6.9,69.7,93.15,7.6,0,2008,5102,1934,1,428000,583000,0,1
960615,3528,10.5,5.5,57.8,123.75,8.3,0,2051,5161,1943,2,541000,717000,1,1
863556,3500,17.7,8.3,146.9,186.75,72.2,1,2766,5864,2003,2,865000,929000,1,0
790749,3800,17.2,5.1,87.7,68.85,26.5,1,2715,5156,1936,1,346000,445000,1,1
681356,3800,17.7,9.2,162.8,124.2,52.4,1,2768,5319,1959,1,627000,784000,0,1
240187,3800,19.2,5.0,96.0,112.5,36.0,2,2919,5008,1923,1,527000,615000,0,1
851182,3800,19.2,5.6,107.5,100.8,40.3,1,2917,5262,1945,1,489000,576000,0,1
492728,3500,16.0,10.6,169.6,190.8,63.6,1,2602,5657,1981,2,899000,1065000,1,1
801584,3800,19.0,8.5,161.5,114.75,59.5,1,2902,5367,1957,1,588000,701000,0,1
342168,3800,18.2,9.6,174.7,216.0,78.7,2,2817,5503,1966,2,1004000,1163000,1,1
401017,3528,10.6,5.3,56.2,71.55,5.3,0,2055,5250,1953,1,331000,451000,1,0
660566,3800,18.2,6.5,118.3,87.75,40.3,1,2816,5105,1936,1,446000,557000,1,1
212234,3525,11.5,9.0,103.5,202.5,9.0,0,2152,5560,1981,2,893000,1098000,1,0
153832,3525,11.6,7.5,87.0,101.25,19.5,2,2158,5953,2007,1,475000,530000,1,0
863142,3500,17.1,7.3,124.8,131.4,51.8,1,2712,5756,1991,1,625000,707000,0,0
531945,3800,17.1,10.5,179.6,141.75,53.6,2,2714,5467,1972,2,711000,879000,1,1
381086,3528,14.1,5.4,76.1,72.9,22.1,1,2409,5265,1946,1,352000,484000,1,0
623839,3525,11.7,8.0,93.6,108.0,8.0,0,2166,5950,2011,1,507000,567000,1,0
240359,3800,17.5,5.4,94.5,121.5,29.7,2,2754,5062,1936,1,562000,689000,0,1
162314,3800,15.6,10.0,156.0,180.0,46.0,1,2561,5563,1973,1,845000,1033000,0,1
352877,3525,13.7,8.8,120.6,198.0,32.6,1,2367,5719,1988,1,888000,1047000,0,0
851800,3528,10.1,10.4,105.0,234.0,10.4,2,2014,5451,1968,1,1020000,1269000,0,1
370474,3528,13.5,6.8,91.8,91.8,10.2,1,2354,5102,1937,1,441000,624000,0,1
833999,3500,19.5,8.2,159.9,184.5,77.9,1,2950,5954,2017,1,866000,869000,1,0
410588,3800,19.1,5.3,101.2,71.55,53.5,1,2914,5107,1938,1,367000,444000,1,1
481623,3528,11.2,10.4,116.5,187.2,10.4,1,2117,5410,1957,1,842000,1090000,0,1
152269,3525,13.0,11.0,143.0,247.5,44.0,2,2303,5557,1973,2,1104000,1365000,1,1
621776,3800,18.7,8.0,149.6,144.0,77.6,1,2869,5414,1961,2,696000,817000,1,1
981461,3528,13.0,5.2,67.6,117.0,10.4,2,2304,5358,1954,1,522000,681000,0,0
743584,3500,19.2,8.0,153.6,180.0,81.6,1,2919,5856,2000,2,843000,877000,1,0
880613,3528,10.5,6.3,66.2,113.4,6.3,0,2050,5163,1942,1,507000,682000,0,1
651450,3528,12.6,8.2,103.3,147.6,21.3,2,2255,5352,1960,1,673000,895000,0,1
200201,3528,10.2,5.6,57.1,75.6,5.6,0,2019,5065,1933,1,348000,475000,1,1
893613,3525,10.7,6.9,73.8,124.2,11.7,2,2069,5918,2010,1,556000,617000,1,0
602474,3525,13.6,9.5,129.2,128.25,15.2,1,2357,5603,1982,2,616000,777000,1,0
412064,3525,13.2,9.4,124.1,169.2,11.3,1,2317,5516,1971,1,776000,984000,0,1
980614,3528,10.5,6.9,72.5,124.2,10.4,1,2054,5168,1945,1,555000,747000,0,1
930486,3528,14.0,5.3,74.2,95.4,15.9,1,2401,5100,1937,1,441000,601000,0,1
282519,3800,15.7,10.1,158.6,136.35,47.5,1,2568,5605,1975,2,672000,828000,1,0
683590,3500,19.6,6.8,133.3,91.8,72.1,1,2962,5850,2007,1,474000,494000,1,0
461690,3528,14.7,8.4,123.5,189.0,31.1,2,2466,5404,1963,2,855000,1085000,1,1
692499,3525,14.6,9.2,134.3,124.2,23.9,1,2458,5600,1976,2,604000,757000,1,0
500593,3800,19.6,6.6,129.4,148.5,50.2,2,2962,5104,1930,2,698000,804000,1,1
842426,3525,11.0,8.6,94.6,193.5,8.6,0,2102,5611,1985,1,850000,1026000,0,0
663931,3500,16.7,8.1,135.3,182.25,62.4,2,2666,5964,2010,2,837000,888000,1,0
462017,3525,10.5,8.2,86.1,147.6,12.3,2,2052,5519,1973,2,659000,821000,1,0
921286,3528,14.1,5.1,71.9,68.85,10.7,1,2406,5316,1954,1,333000,453000,1,0
633057,3525,12.5,7.7,96.3,138.6,7.7,0,2253,5750,1997,2,631000,746000,1,0
470869,3528,13.1,6.0,78.6,135.0,24.6,1,2313,5205,1940,1,603000,813000,0,1
430423,3528,11.1,6.7,74.4,150.75,7.4,0,2107,5104,1937,2,663000,897000,1,1
992226,3525,11.2,8.1,90.7,182.25,17.8,2,2118,5552,1979,2,802000,985000,1,0
843318,3500,15.5,7.0,108.5,157.5,31.5,1,2552,5803,1996,1,717000,811000,0,0
632338,3800,16.5,8.5,140.3,153.0,55.3,1,2651,5568,1974,1,724000,870000,0,0
643240,3525,12.1,7.4,89.5,166.5,7.4,0,2207,5811,2002,1,738000,846000,0,0
373533,3500,16.6,6.8,112.9,91.8,38.1,1,2658,5851,2003,1,458000,514000,0,0
223259,3525,12.6,6.9,86.9,93.15,17.9,1,2256,5803,1993,1,442000,522000,0,0
712799,3500,19.6,10.7,209.7,144.45,81.3,1,2955,5660,1987,2,746000,823000,1,1
211811,3528,10.6,9.9,104.9,178.2,9.9,0,2060,5466,1967,2,797000,1008000,1,1
122221,3525,11.0,9.2,101.2,165.6,9.2,0,2103,5564,1971,1,743000,920000,0,0
311117,3800,15.5,5.9,91.5,106.2,32.5,1,2554,5265,1953,1,498000,647000,0,0
600467,3528,13.1,5.1,66.8,68.85,10.7,1,2307,5117,1936,1,329000,470000,1,0
490983,3800,19.1,7.0,133.7,126.0,56.7,2,2913,5217,1946,2,611000,722000,1,1
421112,3800,15.6,5.2,81.1,93.6,29.1,1,2556,5258,1949,1,439000,572000,0,0
792279,3525,13.6,8.7,118.3,117.45,31.3,1,2361,5561,1980,1,564000,720000,0,0
942372,3800,18.5,9.0,166.5,162.0,85.5,2,2850,5560,1979,2,781000,898000,1,1
341122,3800,16.0,5.8,92.8,130.5,23.2,2,2602,5266,1948,2,596000,754000,1,1
181183,3800,19.1,5.3,101.2,95.4,37.6,1,2911,5266,1945,1,463000,545000,0,1
432123,3800,16.1,9.6,154.6,129.6,68.2,2,2611,5507,1974,2,642000,806000,1,0
283145,3500,17.0,8.1,137.7,182.25,40.5,2,2702,5763,1993,2,839000,939000,1,0
213211,3525,10.6,7.0,74.2,126.0,7.0,0,2060,5812,1996,2,563000,646000,1,0
751197,3800,19.6,6.5,127.4,117.0,68.9,2,2955,5252,1948,1,570000,663000,0,1
691345,3800,17.0,8.0,136.0,144.0,48.0,1,2703,5318,1956,2,685000,853000,1,1
581400,3528,10.1,8.9,89.9,160.2,8.9,0,2012,5350,1958,1,713000,919000,0,1
110606,3528,10.1,5.1,51.5,114.75,5.1,0,2008,5165,1942,1,500000,655000,0,0
893407,3525,10.1,6.8,68.7,122.4,7.5,0,2011,5854,1998,1,545000,613000,0,0
131426,3528,11.0,8.8,96.8,118.8,8.8,0,2104,5358,1956,1,553000,740000,0,0
231630,3528,11.5,8.4,96.6,189.0,12.6,1,2153,5415,1963,2,833000,1066000,1,1
183299,3525,14.6,8.3,121.2,112.05,29.9,2,2462,5815,1999,1,545000,636000,0,0
422195,3800,19.6,9.0,176.4,121.5,68.4,2,2964,5517,1972,2,627000,713000,1,1
920296,3528,14.7,5.4,79.4,97.2,30.8,1,2465,5067,1933,1,452000,607000,0,1
611761,3800,18.2,8.9,162.0,120.15,55.2,1,2816,5408,1966,2,610000,742000,1,1
253807,3525,10.2,7.3,74.5,98.55,7.3,0,2017,5967,2014,1,454000,498000,1,0
283714,3500,15.5,7.4,114.7,99.9,48.1,1,2554,5916,2004,1,491000,548000,0,0
652913,3500,15.5,9.9,153.5,133.65,34.7,2,2550,5702,1988,1,657000,789000,0,0
523193,3500,19.5,7.2,140.4,97.2,54.0,1,2951,5763,1991,1,501000,538000,0,0
191807,3528,10.1,8.6,86.9,193.5,8.6,0,2008,5467,1968,2,844000,1045000,1,1
363659,3525,12.5,8.5,106.3,153.0,29.8,1,2250,5919,2004,2,697000,780000,1,0
611125,3800,16.2,5.2,84.2,117.0,32.2,2,2618,5267,1948,1,535000,675000,0,1
920167,3800,18.1,6.7,121.3,120.6,61.0,1,2809,5001,1923,2,579000,708000,1,1
971135,3800,16.5,5.4,89.1,97.2,29.7,1,2651,5269,1951,1,460000,584000,0,0
300919,3800,15.7,5.3,83.2,71.55,24.9,1,2566,5209,1939,1,353000,472000,1,0
150801,3528,10.1,5.2,52.5,70.2,5.2,0,2010,5205,1945,1,323000,436000,1,0
842491,3525,14.5,8.1,117.5,109.35,36.5,1,2454,5607,1977,1,531000,664000,0,0
273409,3525,10.2,8.3,84.7,149.4,10.0,2,2018,5857,2000,1,665000,749000,0,0
972350,3800,17.6,9.9,174.2,133.65,85.1,1,2756,5564,1981,2,674000,807000,1,0
203463,3525,13.2,6.5,85.8,117.0,7.8,0,2318,5854,2005,1,537000,614000,0,0
852570,3800,18.7,11.0,205.7,148.5,106.7,2,2867,5606,1983,2,759000,872000,1,1
762969,3500,18.1,7.8,141.2,140.4,71.0,1,2811,5707,1994,1,675000,756000,0,0
903167,3500,18.2,7.6,138.3,171.0,62.3,2,2818,5762,1998,2,795000,869000,1,0
252078,3525,13.5,8.5,114.8,153.0,21.3,1,2352,5513,1967,1,704000,892000,0,0
563919,3500,15.6,7.9,123.2,106.65,36.3,1,2562,5959,2013,1,525000,576000,1,0
502910,3500,15.7,10.0,157.0,135.0,37.0,2,2569,5700,1987,1,666000,797000,0,0
700159,3800,17.5,6.7,117.3,150.75,43.6,2,2751,5014,1929,1,697000,854000,0,1
352402,3525,10.0,8.0,80.0,180.0,8.0,0,2000,5608,1982,2,784000,936000,1,0
442163,3800,18.1,9.6,173.8,172.8,68.2,2,2805,5511,1969,2,830000,975000,1,1
790052,3528,12.7,6.1,77.5,109.8,10.4,2,2269,5018,1922,1,501000,695000,0,1
343971,3500,18.5,8.2,151.7,110.7,77.9,1,2853,5956,2008,1,564000,585000,1,0
512054,3525,12.5,9.8,122.5,132.3,34.3,1,2252,5509,1973,2,627000,815000,1,0
720803,3528,10.1,5.2,52.5,117.0,5.2,0,2010,5217,1947,1,510000,664000,0,0
152997,3500,19.6,10.2,199.9,183.6,108.1,2,2958,5711,1989,1,894000,963000,0,1
481424,3528,11.1,5.5,61.1,74.25,6.1,0,2108,5368,1953,1,346000,463000,1,0
972132,3800,16.6,9.5,157.7,171.0,72.2,1,2657,5501,1968,2,810000,988000,1,1
471475,3528,13.5,8.8,118.8,118.8,22.0,1,2351,5357,1956,1,570000,773000,0,1
680873,3528,13.6,5.3,72.1,95.4,13.8,1,2363,5207,1939,1,439000,598000,0,1
560791,3800,19.6,6.4,125.4,144.0,48.6,1,2961,5153,1937,1,676000,780000,0,1
240129,3800,16.1,6.1,98.2,82.35,25.0,1,2608,5009,1931,1,408000,541000,1,1
593186,3500,19.1,8.5,162.4,153.0,77.4,1,2911,5752,1992,1,742000,801000,0,0
320682,3528,14.0,5.1,71.4,68.85,25.5,1,2402,5156,1943,1,333000,465000,1,0
731544,3800,17.1,8.4,143.6,189.0,51.2,2,2713,5354,1956,1,871000,1061000,0,1
583341,3500,17.1,7.5,128.3,168.75,45.8,2,2711,5809,2001,1,778000,858000,0,0
362075,3525,13.7,8.5,116.5,191.25,14.5,1,2368,5519,1971,1,858000,1069000,0,1
381385,3800,19.1,5.1,97.4,68.85,36.2,1,2911,5315,1950,1,353000,422000,1,0
952500,3500,15.0,10.4,156.0,140.4,62.4,1,2500,5616,1977,1,686000,851000,0,0
662261,3525,13.0,10.9,141.7,196.2,21.8,1,2301,5569,1972,1,898000,1122000,0,1
141479,3528,13.7,9.5,130.2,128.25,35.2,1,2365,5355,1958,1,617000,836000,0,1
961305,3800,15.2,6.6,100.3,118.8,34.3,1,2517,5317,1949,1,555000,722000,0,1
111734,3800,16.6,8.6,142.8,193.5,39.6,1,2661,5405,1959,2,888000,1087000,1,1
783700,3500,15.2,7.8,118.6,140.4,25.0,1,2519,5917,2005,1,656000,726000,0,0
570925,3800,16.1,6.1,98.2,109.8,31.1,1,2614,5200,1942,1,518000,668000,0,1
800842,3528,12.1,6.1,73.8,82.35,12.8,1,2213,5215,1940,1,388000,550000,1,0
252976,3500,18.7,10.4,194.5,187.2,69.7,2,2868,5700,1988,2,904000,1001000,1,1
173311,3500,15.7,7.2,113.0,129.6,26.6,2,2569,5802,1998,2,609000,695000,1,0
192884,3525,14.0,7.1,99.4,159.75,35.5,2,2402,5713,1994,1,719000,846000,0,0
573966,3500,18.1,8.0,144.8,180.0,72.8,2,2808,5961,2015,2,836000,865000,1,0
702968,3500,18.2,9.1,165.6,122.85,56.4,1,2818,5709,1988,2,624000,707000,1,0
983262,3525,13.1,7.4,96.9,166.5,8.1,0,2308,5805,1994,1,744000,855000,0,0
323604,3525,10.2,8.0,81.6,144.0,9.6,0,2015,5901,2012,2,641000,712000,1,0
830439,3528,11.7,5.2,60.8,70.2,5.2,0,2165,5107,1930,1,329000,475000,1,1
982765,3500,18.1,10.2,184.6,183.6,82.6,1,2811,5668,1986,2,882000,998000,1,1
982287,3525,14.1,9.9,139.6,133.65,40.6,1,2408,5561,1979,1,646000,823000,0,0
380573,3800,18.6,5.9,109.7,132.75,50.7,2,2861,5108,1939,2,619000,736000,1,1
300708,3800,15.1,6.7,101.2,120.6,34.2,2,2509,5155,1938,1,563000,748000,0,1
761656,3528,12.6,10.0,126.0,225.0,10.0,1,2264,5410,1963,1,1001000,1288000,0,1
202345,3800,17.2,8.3,142.8,149.4,51.5,1,2716,5569,1975,2,712000,844000,1,0
970575,3800,18.6,6.8,126.5,153.0,65.3,2,2857,5114,1930,1,713000,850000,0,1
743694,3525,14.7,6.8,100.0,122.4,25.2,2,2466,5904,2009,2,570000,636000,1,0
383750,3500,17.6,8.3,146.1,149.4,71.4,1,2756,5917,2007,2,714000,762000,1,0
712635,3525,11.5,9.2,105.8,124.2,9.2,0,2151,5653,1988,2,581000,717000,1,0
673571,3500,18.5,8.3,153.6,149.4,54.0,1,2850,5852,1998,2,720000,768000,1,0
131237,3528,11.6,9.1,105.6,122.85,9.1,0,2164,5318,1958,1,576000,787000,0,0
233618,3525,10.6,7.1,75.3,159.75,7.1,0,2063,5915,2012,2,699000,771000,1,0
871157,3800,17.6,6.0,105.6,135.0,33.6,1,2759,5255,1943,2,624000,760000,1,1
133612,3525,10.5,7.4,77.7,133.2,11.1,1,2054,5900,2008,2,595000,663000,1,0
173295,3525,14.5,7.3,105.9,98.55,25.6,1,2450,5808,1996,1,479000,561000,0,0
663347,3500,17.1,6.7,114.6,150.75,40.9,2,2709,5805,1998,1,695000,767000,0,0
812528,3800,16.1,10.6,170.7,190.8,75.3,1,2613,5603,1977,1,900000,1079000,0,1
732922,3500,16.2,9.3,150.7,125.55,48.4,2,2618,5701,1988,1,623000,739000,0,0
822313,3800,15.6,8.1,126.4,109.35,29.2,1,2563,5557,1976,1,539000,673000,0,0
371601,3528,10.2,11.0,112.2,148.5,13.2,2,2016,5406,1966,2,684000,889000,1,0
241663,3528,13.2,10.6,139.9,190.8,23.3,1,2316,5406,1963,1,875000,1145000,0,1
121295,3528,14.6,6.6,96.4,148.5,30.4,2,2456,5309,1949,2,671000,869000,1,1
873168,3500,18.1,6.7,121.3,120.6,61.0,1,2814,5761,1994,1,579000,639000,0,0
923498,3525,14.6,6.9,100.7,124.2,17.9,2,2463,5863,2000,1,577000,653000,0,0
293473,3525,13.7,7.2,98.6,162.0,33.8,2,2368,5861,2004,2,727000,820000,1,0
370170,3800,18.6,5.4,100.4,97.2,51.8,1,2861,5000,1929,1,469000,564000,0,1
140746,3800,17.1,5.3,90.6,119.25,27.0,1,2710,5161,1944,1,549000,682000,0,1
961888,3525,14.1,11.0,155.1,198.0,45.1,2,2413,5462,1967,2,916000,1172000,1,1
730204,3528,10.2,5.8,59.2,130.5,5.8,0,2016,5060,1935,2,569000,748000,1,1
461387,3800,19.1,8.6,164.3,154.8,86.9,1,2913,5307,1955,2,751000,881000,1,1
962619,3525,10.7,9.8,104.9,176.4,16.7,1,2067,5654,1980,2,790000,949000,1,0
623205,3525,10.2,7.5,76.5,135.0,7.5,0,2015,5814,1996,2,601000,686000,1,0
682206,3525,10.2,8.6,87.7,154.8,8.6,0,2017,5555,1972,2,689000,846000,1,0
523753,3500,17.5,8.1,141.8,182.25,68.9,2,2750,5900,2005,2,842000,898000,1,0
111279,3528,13.6,5.6,76.2,75.6,14.6,1,2356,5305,1953,1,363000,499000,1,0
591739,3800,16.5,10.2,168.3,183.6,76.5,1,2650,5411,1962,2,869000,1080000,1,1
822988,3500,19.1,7.4,141.3,99.9,74.7,1,2911,5716,1995,1,513000,565000,0,0
643668,3525,13.1,7.2,94.3,129.6,22.3,2,2313,5900,2004,2,594000,669000,1,0
541791,3800,19.6,10.9,213.6,245.25,115.5,1,2956,5415,1962,2,1152000,1302000,1,1
590909,3800,15.1,6.3,95.1,85.05,32.1,1,2512,5211,1946,1,416000,564000,1,0
332840,3525,12.1,7.7,93.2,173.25,8.5,0,2209,5703,1990,2,768000,909000,1,0
791525,3800,16.2,8.6,139.3,116.1,61.9,2,2618,5363,1963,1,576000,745000,0,1
801596,3800,19.5,9.9,193.1,222.75,74.3,1,2950,5368,1958,1,1045000,1191000,0,1
913624,3525,11.1,7.1,78.8,159.75,7.1,0,2106,5911,2010,2,702000,778000,1,0
802331,3800,16.6,10.9,180.9,245.25,71.9,2,2664,5566,1979,2,1126000,1332000,1,1
121172,3800,18.6,6.0,111.6,108.0,45.6,2,2859,5267,1954,1,521000,625000,0,1
860660,3528,13.2,6.5,85.8,117.0,14.3,1,2318,5163,1939,1,537000,741000,0,1
180231,3528,11.6,6.7,77.7,150.75,17.4,2,2158,5058,1928,2,665000,911000,1,1
240068,3528,13.2,5.7,75.2,128.25,23.9,2,2319,5013,1921,2,573000,774000,1,1
550395,3800,19.7,5.8,114.3,78.3,44.7,1,2969,5050,1926,1,405000,480000,1,1
352902,3500,15.1,10.8,163.1,194.4,65.9,1,2507,5716,1988,1,908000,1072000,0,1
963177,3500,18.5,6.6,122.1,118.8,56.1,1,2850,5763,1993,1,573000,626000,0,0
380135,3800,16.6,5.8,96.3,104.4,32.5,2,2659,5012,1925,1,495000,631000,0,1
823454,3525,12.7,7.2,91.4,97.2,7.2,0,2266,5856,2008,1,462000,535000,1,0
451160,3800,18.2,5.9,107.4,79.65,36.6,1,2818,5255,1950,1,405000,502000,1,0
301780,3800,19.1,10.6,202.5,238.5,75.3,2,2912,5411,1965,1,1116000,1279000,0,1
370222,3528,11.1,5.9,65.5,132.75,12.4,1,2106,5064,1936,1,583000,788000,0,1
772912,3500,15.5,10.6,164.3,238.5,58.3,2,2553,5710,1988,1,1085000,1261000,0,1
341951,3800,17.6,10.4,183.0,234.0,79.0,1,2762,5462,1967,1,1082000,1281000,0,1
251435,3528,11.6,8.0,92.8,108.0,12.8,1,2162,5352,1958,1,506000,685000,0,0
882574,3800,18.6,10.8,200.9,243.0,103.7,1,2863,5616,1980,1,1133000,1268000,0,1
262710,3500,15.5,10.2,158.1,137.7,56.1,1,2552,5652,1980,1,677000,825000,0,0
182893,3525,14.5,8.3,120.4,112.05,37.4,1,2452,5712,1989,1,545000,658000,0,0
601971,3800,18.6,11.0,204.6,247.5,94.6,2,2860,5462,1963,1,1154000,1331000,0,1
891430,3528,11.6,10.3,119.5,185.4,10.3,2,2162,5360,1957,2,837000,1104000,1,1
731645,3528,12.0,10.6,127.2,238.5,31.8,1,2204,5414,1961,1,1056000,1356000,0,1
233715,3500,15.6,8.1,126.4,145.8,29.2,1,2557,5913,2010,1,684000,755000,1,0
960553,3800,17.7,6.3,111.5,141.75,48.5,2,2766,5102,1931,2,656000,803000,1,1
481491,3528,14.6,10.0,146.0,135.0,26.0,1,2458,5362,1957,2,657000,877000,1,1
350979,3800,18.6,6.4,119.0,86.4,48.6,1,2862,5201,1948,1,441000,541000,1,1
813687,3525,14.1,7.9,111.4,177.75,16.6,2,2405,5915,2012,2,800000,886000,1,0
252738,3500,16.5,10.3,170.0,185.4,46.4,1,2650,5653,1984,2,878000,1032000,1,1
970831,3528,11.7,5.1,59.7,114.75,8.7,0,2167,5202,1948,1,507000,686000,0,0
771629,3528,11.2,10.1,113.1,227.25,12.1,1,2116,5410,1966,1,999000,1276000,0,1
542582,3800,19.0,9.1,172.9,163.8,81.9,2,2901,5617,1983,1,794000,888000,0,1
181523,3800,16.0,5.4,86.4,72.9,27.0,1,2600,5350,1952,1,361000,469000,1,0
321587,3800,19.1,8.6,164.3,116.1,69.7,2,2913,5357,1961,1,596000,708000,0,1
723878,3525,13.5,8.4,113.4,151.2,12.6,2,2353,5959,2015,2,696000,767000,1,0
822201,3525,10.2,10.4,106.1,187.2,10.4,1,2017,5557,1972,2,834000,1023000,1,1
160728,3800,16.1,6.0,96.6,81.0,42.6,1,2613,5167,1940,1,401000,532000,1,1
373083,3525,14.2,7.0,99.4,126.0,36.4,1,2417,5765,1997,1,584000,684000,0,0
910655,3528,12.7,6.1,77.5,109.8,16.5,1,2266,5157,1938,1,501000,699000,0,1
890201,3528,10.2,6.7,68.3,150.75,6.7,0,2017,5059,1925,1,658000,864000,0,1
711984,3800,19.1,8.5,162.4,191.25,68.9,2,2910,5466,1971,2,895000,1018000,1,1
631929,3800,16.1,10.7,172.3,240.75,54.6,1,2605,5459,1967,1,1101000,1349000,0,1
321971,3800,18.6,9.3,173.0,209.25,61.4,2,2862,5456,1961,2,975000,1126000,1,1
250313,3800,15.7,6.0,94.2,108.0,22.2,1,2569,5054,1934,1,507000,664000,0,1
462621,3525,11.1,9.1,101.0,122.85,9.1,0,2113,5654,1985,2,572000,703000,1,0
191658,3528,12.5,10.9,136.3,147.15,10.9,1,2252,5405,1967,1,698000,935000,0,1
390884,3528,14.1,6.9,97.3,93.15,14.5,1,2405,5207,1945,1,450000,626000,0,1
313102,3500,15.1,8.1,122.3,182.25,41.3,1,2505,5750,1991,1,827000,955000,0,0
871861,3528,13.1,9.0,117.9,202.5,36.9,2,2309,5456,1966,1,904000,1149000,0,1
242434,3525,11.5,9.6,110.4,216.0,9.6,0,2153,5616,1984,2,952000,1153000,1,0
633005,3525,10.1,8.5,85.9,191.25,8.5,0,2007,5758,1997,1,834000,957000,0,0
221997,3800,19.5,9.8,191.1,220.5,93.1,1,2952,5453,1962,2,1035000,1165000,1,1
790426,3528,11.1,5.3,58.8,119.25,5.3,0,2112,5115,1932,1,524000,710000,0,1
912244,3525,12.2,10.9,133.0,147.15,13.1,2,2216,5561,1976,1,695000,887000,0,0
132020,3525,11.2,10.5,117.6,189.0,23.1,2,2116,5501,1966,1,850000,1073000,0,1
882672,3525,13.5,9.3,125.6,125.55,32.6,2,2353,5662,1988,2,603000,745000,1,0
812387,3800,19.0,8.8,167.2,118.8,79.2,1,2904,5551,1978,1,609000,701000,0,0
800992,3800,19.7,6.1,120.2,109.8,59.2,1,2965,5205,1941,1,535000,623000,0,1
321144,3800,17.1,6.8,116.3,91.8,34.7,1,2705,5254,1949,1,460000,591000,0,1
891859,3525,12.6,9.0,113.4,121.5,9.0,0,2258,5465,1963,1,577000,760000,0,0
961452,3528,12.6,5.1,64.3,114.75,18.4,2,2263,5352,1952,1,510000,667000,0,0
733849,3525,12.2,7.3,89.1,98.55,7.3,0,2216,5965,2017,1,465000,518000,1,0
742779,3500,18.6,10.0,186.0,135.0,76.0,1,2860,5666,1981,2,689000,781000,1,0
502620,3525,11.1,10.6,117.7,190.8,10.6,1,2110,5650,1989,2,857000,1037000,1,0
291611,3528,10.6,11.0,116.6,247.5,11.0,2,2060,5403,1959,2,1083000,1374000,1,1
851911,3800,15.5,10.0,155.0,135.0,35.0,2,2552,5452,1968,2,664000,854000,1,1
741330,3800,16.6,6.8,112.9,91.8,38.1,1,2663,5311,1953,1,458000,590000,0,0
452950,3500,17.6,7.8,137.3,140.4,67.1,2,2757,5714,1992,2,671000,760000,1,0
333307,3500,15.1,6.9,104.2,155.25,35.2,2,2513,5807,2001,1,704000,800000,0,0
732759,3500,17.5,9.2,161.0,165.6,59.8,2,2751,5653,1980,1,791000,912000,0,1
380863,3528,13.0,5.2,67.6,70.2,5.2,0,2302,5219,1946,1,335000,472000,1,0
781246,3528,12.2,5.2,63.4,93.6,16.6,1,2215,5303,1951,1,425000,572000,0,0
902761,3500,18.1,10.4,188.2,234.0,63.4,1,2812,5665,1980,1,1087000,1218000,0,1
842935,3500,16.7,7.1,118.6,159.75,40.5,2,2669,5707,1990,2,734000,838000,1,0
310262,3528,13.1,6.1,79.9,82.35,18.9,1,2306,5069,1929,1,393000,562000,1,1
440240,3528,12.0,6.3,75.6,113.4,6.3,0,2204,5052,1927,1,514000,720000,0,1
343387,3500,19.0,7.5,142.5,135.0,67.5,2,2904,5810,1997,2,654000,696000,1,0
540042,3528,12.1,6.8,82.3,122.4,21.1,1,2208,5008,1930,1,555000,770000,0,1
671166,3800,18.0,5.7,102.6,76.95,39.9,1,2804,5258,1948,1,390000,486000,1,0
882688,3525,14.0,10.6,148.4,190.8,42.4,1,2400,5662,1982,2,882000,1068000,1,1
221370,3800,18.5,8.5,157.3,153.0,55.3,1,2854,5318,1956,2,738000,881000,1,1
343398,3500,19.5,7.2,140.4,97.2,68.4,1,2951,5809,1996,1,501000,531000,0,0
540718,3800,15.6,6.5,101.4,117.0,42.9,1,2556,5160,1943,1,549000,721000,0,1
213713,3500,15.7,8.0,125.6,144.0,45.6,1,2565,5914,2003,1,676000,745000,0,0
473679,3525,13.7,7.8,106.9,140.4,21.1,2,2366,5915,2013,1,647000,724000,1,0
421090,3528,14.7,6.8,100.0,122.4,25.2,2,2466,5251,1948,2,570000,756000,1,1
290775,3800,18.6,6.7,124.6,90.45,64.3,1,2858,5160,1942,1,461000,568000,1,1
591203,3528,10.1,6.2,62.6,111.6,6.2,0,2007,5318,1951,1,496000,644000,0,0
993873,3525,13.5,7.6,102.6,136.8,26.6,1,2352,5958,2015,2,629000,694000,1,0
262608,3525,10.0,8.9,89.0,160.2,8.9,0,2002,5661,1986,1,712000,847000,0,0
563270,3525,13.6,7.3,99.3,98.55,33.6,1,2361,5818,2002,1,474000,556000,0,0
651279,3528,13.6,9.0,122.4,202.5,23.4,1,2357,5302,1956,1,908000,1194000,0,1
371222,3528,11.0,9.6,105.6,216.0,9.6,0,2103,5308,1955,1,948000,1239000,0,1
441016,3528,10.6,5.0,53.0,112.5,5.0,0,2059,5263,1944,1,492000,644000,0,0
892411,3525,10.6,9.0,95.4,202.5,9.0,0,2060,5609,1981,2,886000,1066000,1,0
530448,3528,12.0,5.4,64.8,121.5,16.2,1,2201,5118,1940,1,538000,746000,0,1
133006,3525,10.1,7.0,70.7,94.5,7.7,0,2005,5755,1999,1,435000,510000,0,0
723388,3500,19.2,8.1,155.5,109.35,74.5,1,2916,5807,2000,1,562000,602000,0,0
221327,3800,16.1,5.4,86.9,72.9,32.9,1,2609,5313,1952,1,361000,472000,1,0
122409,3525,10.1,9.3,93.9,209.25,9.3,0,2006,5618,1976,2,912000,1087000,1,0
191967,3800,18.1,10.1,182.8,227.25,71.7,1,2810,5455,1962,2,1055000,1235000,1,1
910301,3800,15.1,5.0,75.5,67.5,30.5,1,2512,5066,1929,1,330000,450000,1,1
400721,3800,16.0,6.5,104.0,117.0,26.0,1,2603,5165,1944,1,551000,714000,0,1
250324,3800,16.1,6.8,109.5,122.4,48.3,2,2607,5053,1935,2,577000,748000,1,1
702147,3800,17.1,8.9,152.2,120.15,54.3,2,2711,5501,1967,2,602000,740000,1,1
372328,3800,16.0,10.1,161.6,227.25,40.4,2,2600,5555,1974,2,1038000,1247000,1,1
720007,3528,10.0,5.6,56.0,100.8,5.6,0,2004,5003,1930,1,448000,592000,0,1
911681,3528,14.1,8.8,124.1,198.0,18.5,1,2413,5411,1963,1,891000,1137000,0,1
681429,3528,11.1,8.4,93.2,113.4,17.6,1,2109,5356,1958,1,528000,709000,0,0
601236,3528,11.6,6.4,74.2,86.4,6.4,0,2160,5307,1954,1,405000,555000,1,0
561484,3528,14.0,10.9,152.6,245.25,43.6,2,2403,5350,1956,1,1103000,1428000,0,1
683903,3500,15.2,8.5,129.2,153.0,27.2,1,2519,5968,2016,1,715000,778000,1,0
293343,3500,17.1,7.6,130.0,136.8,46.4,2,2712,5804,1999,2,651000,725000,1,0
800388,3800,19.2,5.0,96.0,90.0,41.0,1,2915,5065,1934,1,437000,518000,1,1
672710,3500,15.7,10.4,163.3,234.0,59.3,1,2568,5651,1982,1,1067000,1257000,0,1
371576,3800,18.5,5.5,101.8,74.25,35.8,1,2852,5351,1954,1,378000,459000,1,0
981412,3528,10.5,6.0,63.0,108.0,6.0,0,2053,5352,1952,1,482000,627000,0,0
990351,3800,17.5,6.9,120.8,93.15,44.9,1,2751,5060,1928,1,469000,598000,0,1
610925,3800,16.2,5.0,81.0,90.0,36.0,1,2615,5215,1941,1,425000,547000,1,1
543323,3500,16.0,8.1,129.6,109.35,48.6,1,2601,5814,1996,1,541000,621000,0,0
273705,3500,15.0,8.0,120.0,144.0,24.0,1,2501,5908,2011,1,672000,747000,1,0
771692,3528,14.6,10.3,150.4,185.4,57.7,2,2456,5411,1967,1,862000,1111000,0,1
301349,3800,17.1,11.0,188.1,198.0,78.1,2,2714,5317,1955,1,942000,1171000,0,1
191070,3528,13.7,6.9,94.5,155.25,18.6,1,2368,5266,1949,1,697000,922000,0,1
733129,3500,16.0,6.6,105.6,89.1,26.4,1,2602,5757,1995,1,441000,516000,1,0
380924,3800,16.1,6.6,106.3,148.5,33.7,2,2608,5219,1948,1,679000,862000,0,1
761865,3528,13.0,8.7,113.1,195.75,8.7,0,2302,5453,1970,1,873000,1111000,0,1
362888,3525,14.1,8.2,115.6,110.7,17.2,1,2410,5708,1990,1,535000,650000,0,0
543468,3525,13.1,8.3,108.7,112.05,17.4,1,2306,5865,2009,1,535000,618000,1,0
732826,3525,11.0,8.1,89.1,109.35,16.2,2,2104,5716,1992,1,509000,612000,0,0
423914,3500,15.6,8.4,131.0,151.2,55.4,2,2560,5950,2013,2,710000,773000,1,0
660303,3800,15.2,6.4,97.3,86.4,26.9,1,2518,5054,1930,1,423000,576000,1,1
163511,3500,15.6,7.1,110.8,159.75,39.8,1,2558,5866,2003,2,728000,808000,1,0
701442,3528,12.1,10.7,129.5,192.6,33.2,1,2205,5353,1961,2,874000,1160000,1,1
100936,3800,16.6,6.7,111.2,150.75,44.2,2,2656,5200,1946,1,692000,869000,0,1
642660,3525,13.1,8.8,115.3,118.8,27.3,2,2314,5661,1985,1,567000,702000,0,0
941792,3800,19.7,10.3,202.9,185.4,79.3,1,2968,5419,1965,1,904000,1028000,0,1
830137,3800,16.7,6.0,100.2,81.0,46.2,1,2668,5003,1926,1,404000,527000,1,1
251145,3800,17.2,5.5,94.6,99.0,45.1,1,2717,5255,1951,1,472000,590000,0,0
893967,3500,18.2,7.1,129.2,127.8,51.1,1,2817,5960,2009,2,615000,638000,1,0
783299,3525,14.5,8.2,118.9,147.6,28.7,2,2453,5802,1993,2,686000,792000,1,0
321733,3800,16.6,9.3,154.4,125.55,61.4,2,2656,5411,1957,1,626000,795000,0,1
221848,3528,12.1,10.2,123.4,183.6,10.2,1,2213,5451,1962,1,833000,1075000,0,1
270686,3528,14.2,6.6,93.7,118.8,27.7,1,2416,5157,1937,1,550000,746000,0,1
441883,3528,14.0,8.1,113.4,145.8,16.2,2,2403,5460,1964,2,674000,863000,1,1
562462,3525,13.1,8.9,116.6,200.25,36.5,2,2308,5610,1981,1,894000,1089000,0,0
301809,3528,10.2,9.3,94.9,209.25,9.3,0,2015,5461,1972,2,913000,1134000,1,1
223287,3525,14.1,6.9,97.3,155.25,35.2,2,2407,5804,1997,2,699000,801000,1,0
182468,3525,13.1,9.7,127.1,174.6,30.1,2,2308,5618,1979,1,800000,985000,0,0
523925,3500,16.1,7.1,114.3,159.75,50.4,1,2609,5960,2007,2,730000,782000,1,0
213955,3500,17.6,7.8,137.3,105.3,43.7,1,2757,5969,2014,1,531000,561000,1,0
523211,3525,10.7,7.2,77.0,162.0,7.2,0,2065,5815,1995,1,710000,806000,0,0
303522,3500,16.0,7.8,124.8,140.4,39.0,2,2600,5867,2003,2,661000,736000,1,0
372923,3500,16.0,9.3,148.8,167.4,37.2,1,2600,5707,1986,2,789000,921000,1,0
473436,3525,11.6,7.5,87.0,135.0,7.5,0,2164,5862,2007,1,610000,693000,1,0
663173,3500,18.7,7.9,147.7,106.65,52.9,2,2868,5753,1994,1,545000,602000,0,0
852679,3525,13.6,9.3,126.5,167.4,24.2,2,2355,5665,1983,1,771000,935000,0,0
322579,3800,18.6,8.3,154.4,149.4,79.7,1,2855,5612,1986,1,721000,818000,0,0
412113,3800,15.6,8.2,127.9,184.5,54.1,2,2556,5509,1971,1,840000,1027000,0,1
283323,3500,16.0,7.0,112.0,126.0,49.0,2,2603,5806,2002,1,594000,673000,0,0
223634,3525,11.5,6.7,77.1,90.45,6.7,0,2153,5903,2008,1,423000,481000,1,0
750655,3528,12.6,5.8,73.1,130.5,15.1,2,2256,5168,1936,2,580000,794000,1,1
922943,3500,17.1,11.0,188.1,148.5,67.1,1,2711,5709,1984,1,744000,866000,0,1
742154,3800,17.6,10.9,191.8,196.2,71.9,2,2760,5502,1970,2,938000,1117000,1,1
220752,3800,17.6,5.6,98.6,75.6,42.6,1,2759,5155,1941,1,381000,485000,1,1
282729,3500,16.1,11.0,177.1,148.5,45.1,1,2612,5665,1985,2,736000,884000,1,0
713037,3525,11.6,7.3,84.7,164.25,7.3,0,2161,5768,1995,1,725000,840000,0,0
680439,3528,11.7,6.5,76.1,146.25,6.5,0,2168,5104,1932,2,646000,891000,1,1
430804,3528,10.1,6.3,63.6,85.05,6.9,0,2008,5203,1945,1,391000,529000,1,0
240736,3800,16.6,6.1,101.3,82.35,40.3,1,2662,5161,1943,1,410000,537000,1,1
521885,3528,14.1,10.3,145.2,185.4,21.6,2,2408,5453,1964,1,858000,1100000,0,1
271877,3528,13.6,10.3,140.1,139.05,47.4,1,2363,5452,1968,2,668000,881000,1,1
801082,3528,14.1,6.6,93.1,118.8,20.5,2,2412,5262,1954,1,550000,736000,0,0
292318,3800,15.6,9.8,152.9,176.4,64.7,1,2560,5567,1974,1,828000,1011000,0,1
942630,3525,11.6,9.9,114.8,222.75,9.9,0,2157,5664,1982,2,983000,1175000,1,1
342993,3500,19.5,8.2,159.9,110.7,61.5,1,2952,5712,1994,1,571000,622000,0,0
450118,3800,15.7,5.1,80.1,91.8,18.9,1,2568,5008,1930,1,431000,563000,0,1
453065,3525,13.1,7.0,91.7,94.5,14.7,1,2314,5756,1992,1,451000,541000,0,0
701199,3800,19.6,6.0,117.6,135.0,63.6,2,2960,5253,1949,1,634000,728000,0,1
282146,3800,17.1,8.1,138.5,145.8,57.5,2,2711,5509,1969,2,694000,834000,1,1
822708,3500,15.1,8.5,128.4,114.75,34.9,1,2512,5660,1985,1,562000,686000,0,0
421419,3528,10.5,9.4,98.7,211.5,9.4,0,2051,5351,1958,1,925000,1186000,0,1
882677,3525,13.6,9.0,122.4,202.5,23.4,1,2362,5662,1981,2,908000,1088000,1,1
351873,3528,13.6,8.2,111.5,110.7,21.3,1,2356,5458,1965,1,532000,701000,0,0
523591,3500,19.5,8.2,159.9,110.7,61.5,2,2951,5858,2005,1,571000,596000,0,0
713856,3525,12.5,6.6,82.5,148.5,9.9,0,2253,5966,2012,1,660000,722000,1,0
821068,3528,13.1,5.2,68.1,93.6,5.7,0,2314,5253,1951,1,429000,583000,0,0
972360,3800,18.1,10.3,186.4,231.75,93.7,2,2812,5567,1980,2,1076000,1233000,1,1
753933,3500,16.5,7.7,127.1,138.6,34.7,1,2650,5950,2011,1,656000,706000,1,0
182246,3525,12.1,10.6,128.3,190.8,11.7,1,2205,5562,1975,2,866000,1082000,1,1
972559,3800,17.5,8.8,154.0,118.8,48.4,1,2753,5605,1977,1,598000,710000,0,0
621416,3528,10.6,8.2,86.9,184.5,8.2,0,2060,5362,1957,2,808000,1034000,1,1
180863,3528,13.1,5.1,66.8,68.85,20.9,1,2307,5213,1945,1,329000,464000,1,0
231857,3528,12.6,8.6,108.4,116.1,8.6,0,2257,5453,1969,1,551000,729000,0,0
360447,3528,12.0,5.5,66.0,123.75,5.5,0,2201,5112,1935,1,548000,761000,0,1
742175,3800,18.6,10.6,197.2,190.8,101.8,1,2857,5515,1968,2,921000,1066000,1,1
942822,3525,11.1,8.9,98.8,120.15,18.7,1,2105,5707,1987,2,560000,676000,1,0
842193,3800,19.6,10.1,198.0,136.35,97.0,1,2964,5500,1967,1,704000,803000,0,1
490022,3528,11.1,5.2,57.7,117.0,10.9,1,2105,5014,1922,1,514000,690000,0,1
223413,3525,10.7,7.8,83.5,140.4,13.3,1,2065,5864,2007,2,628000,709000,1,0
791416,3528,10.6,8.8,93.3,118.8,14.1,1,2058,5357,1959,1,550000,730000,0,0
571299,3528,14.5,8.3,120.4,149.4,45.7,1,2450,5314,1958,2,694000,914000,1,1
883421,3525,11.1,7.5,83.3,135.0,7.5,0,2106,5862,2001,1,607000,687000,0,0
263342,3500,17.1,7.3,124.8,98.55,51.8,1,2709,5818,2003,1,494000,556000,0,0
851625,3528,11.0,9.5,104.5,213.75,19.0,2,2103,5403,1967,2,939000,1198000,1,1
432182,3800,19.2,10.6,203.5,238.5,86.9,1,2918,5503,1968,2,1117000,1259000,1,1
440701,3800,15.1,6.0,90.6,108.0,30.6,2,2508,5152,1937,1,504000,670000,0,1
460951,3800,17.7,6.9,122.1,93.15,53.1,1,2767,5200,1939,1,470000,595000,0,1
333186,3500,19.1,6.5,124.2,87.75,59.2,1,2907,5765,1998,1,450000,490000,1,0
250408,3528,10.2,6.2,63.2,111.6,6.2,0,2016,5105,1937,1,497000,663000,0,1
483552,3500,17.6,7.6,133.8,136.8,57.8,1,2762,5861,2002,1,654000,709000,0,0
653524,3500,16.0,7.3,116.8,98.55,43.8,1,2604,5856,2008,1,488000,552000,1,0
573843,3525,12.1,6.7,81.1,150.75,7.4,0,2209,5961,2010,1,668000,731000,1,0
962952,3500,17.7,9.8,173.5,132.3,65.7,2,2766,5719,1987,2,668000,765000,1,0
103086,3525,14.0,8.7,121.8,156.6,17.4,2,2403,5762,1989,1,724000,849000,0,0
423944,3500,17.2,8.4,144.5,151.2,52.1,2,2718,5962,2017,1,720000,763000,1,0
511180,3800,19.2,5.8,111.4,78.3,59.2,1,2917,5254,1944,1,402000,483000,1,1
990449,3528,12.0,5.4,64.8,72.9,5.4,0,2201,5113,1934,1,343000,500000,1,1
802305,3800,15.1,8.4,126.8,189.0,26.0,1,2514,5564,1972,2,857000,1041000,1,1
511873,3528,13.6,8.1,110.2,145.8,29.2,1,2362,5461,1968,1,671000,863000,0,0
311992,3800,19.7,9.6,189.1,129.6,102.7,2,2969,5465,1962,1,670000,768000,0,1
990397,3800,19.5,6.2,120.9,139.5,52.7,1,2954,5060,1931,1,655000,757000,0,1
192081,3525,14.1,9.3,131.1,125.55,47.4,2,2405,5518,1974,1,607000,783000,0,0
633879,3525,13.7,7.7,105.5,138.6,28.5,2,2365,5963,2017,2,639000,703000,1,0
580162,3800,18.1,6.8,123.1,91.8,48.3,1,2807,5001,1929,1,466000,582000,0,1
610544,3800,17.0,6.6,112.2,118.8,46.2,2,2700,5116,1941,1,565000,715000,0,1
712149,3800,17.1,9.3,159.0,167.4,47.4,1,2710,5507,1966,1,797000,959000,0,1
553362,3500,18.0,6.5,117.0,146.25,39.0,1,2804,5807,2002,2,679000,735000,1,0
433765,3500,18.1,7.7,139.4,173.25,62.4,1,2814,5915,2007,2,805000,843000,1,0
900881,3528,14.2,5.3,75.3,71.55,11.7,1,2416,5217,1948,1,346000,479000,1,0
961069,3528,13.0,6.6,85.8,148.5,13.2,2,2300,5268,1946,2,663000,883000,1,1
921577,3800,18.5,6.7,124.0,120.6,50.3,2,2853,5353,1954,2,582000,692000,1,1
361443,3528,12.1,5.8,70.2,130.5,5.8,0,2207,5354,1952,2,578000,755000,1,0
120414,3528,10.6,5.7,60.4,128.25,5.7,0,2058,5100,1935,1,561000,748000,0,1
223810,3525,10.7,6.5,69.6,87.75,6.5,0,2068,5956,2009,1,407000,450000,1,0
592849,3525,12.1,10.1,122.2,136.35,10.1,1,2211,5703,1984,1,643000,784000,0,0
150872,3528,13.5,5.4,72.9,121.5,24.3,2,2353,5217,1948,2,544000,728000,1,1
643901,3500,15.0,6.5,97.5,87.75,39.0,1,2503,5954,2007,1,429000,475000,1,0
873630,3525,11.5,7.4,85.1,99.9,11.1,1,2150,5915,2012,1,468000,529000,1,0
923631,3525,11.6,6.6,76.6,148.5,10.6,1,2159,5904,2012,1,655000,729000,1,0
152173,3800,18.6,8.0,148.8,108.0,60.8,1,2860,5516,1969,1,551000,648000,0,0
823165,3500,18.1,7.1,128.5,95.85,57.5,1,2812,5754,1994,1,486000,545000,0,0
330112,3800,15.7,5.1,80.1,91.8,34.2,1,2566,5002,1926,1,431000,563000,0,1
990968,3800,18.1,6.8,123.1,91.8,61.9,1,2809,5201,1945,1,466000,582000,0,1
502085,3525,14.2,10.2,144.8,183.6,32.6,2,2416,5512,1975,2,850000,1073000,1,1
451053,3528,12.5,5.1,63.8,114.75,17.9,1,2251,5253,1943,1,510000,684000,0,1
381494,3528,14.7,10.0,147.0,135.0,57.0,2,2466,5359,1956,1,658000,878000,0,1
600612,3528,10.6,5.1,54.1,91.8,8.2,0,2058,5164,1941,1,410000,554000,0,0
971655,3528,12.6,9.1,114.7,163.8,14.6,2,2259,5401,1960,1,747000,979000,0,1
471524,3800,16.1,8.6,138.5,116.1,61.1,2,2606,5353,1961,1,575000,747000,0,1
571665,3528,13.2,9.5,125.4,128.25,20.9,2,2319,5403,1961,1,613000,822000,0,1
133441,3525,12.1,6.6,79.9,89.1,20.5,1,2210,5851,2003,1,420000,487000,1,0
670894,3528,14.5,6.1,88.5,137.25,33.6,1,2452,5207,1946,1,620000,815000,0,1
663124,3500,16.1,6.6,106.3,89.1,33.7,1,2614,5757,1992,1,441000,515000,1,0
691292,3528,14.6,8.4,122.6,151.2,38.6,1,2464,5314,1958,1,703000,923000,0,1
742267,3525,13.2,10.8,142.6,243.0,45.4,2,2319,5551,1973,2,1086000,1345000,1,1
321170,3800,18.6,5.1,94.9,114.75,49.0,2,2856,5268,1944,1,535000,633000,0,1
582530,3800,16.6,8.4,139.4,189.0,55.4,1,2662,5610,1985,2,868000,1017000,1,0
331286,3528,14.1,6.5,91.7,117.0,33.2,1,2407,5306,1949,1,541000,719000,0,1
650810,3528,10.6,5.0,53.0,112.5,8.0,0,2061,5212,1942,1,492000,650000,0,0
940972,3800,18.7,6.5,121.6,87.75,56.6,1,2866,5211,1940,1,448000,549000,1,1
992206,3525,10.0,9.4,94.0,169.2,9.4,0,2000,5569,1981,2,752000,917000,1,0
752563,3500,18.1,9.2,166.5,207.0,65.3,2,2808,5617,1985,1,961000,1091000,0,1
941563,3800,18.1,8.4,152.0,189.0,59.6,2,2807,5357,1959,2,878000,1043000,1,1
742157,3800,17.6,10.9,191.8,245.25,61.0,1,2755,5505,1967,2,1134000,1334000,1,1
240834,3528,11.5,5.3,61.0,119.25,5.3,0,2152,5201,1947,1,526000,710000,0,0
533719,3500,15.5,7.9,122.5,177.75,43.5,2,2550,5901,2008,1,809000,889000,1,0
282046,3525,12.1,9.0,108.9,162.0,9.0,0,2205,5518,1975,2,735000,931000,1,0
690192,3800,19.5,5.4,105.3,97.2,45.9,1,2953,5015,1921,1,473000,553000,0,1
841729,3800,16.1,10.3,165.8,231.75,42.2,1,2611,5403,1957,2,1060000,1311000,1,1
240639,3528,11.7,6.9,80.7,155.25,18.6,1,2167,5150,1941,2,686000,939000,1,1
211383,3800,19.0,6.8,129.2,91.8,61.2,1,2904,5302,1954,1,471000,565000,0,1
940053,3528,12.6,5.1,64.3,68.85,18.4,1,2263,5011,1927,1,327000,465000,1,1
430352,3800,17.6,5.1,89.8,114.75,38.8,2,2756,5065,1926,1,531000,651000,0,1
973345,3500,17.2,6.9,118.7,93.15,56.6,1,2717,5813,1999,1,468000,526000,0,0
712792,3500,19.7,9.6,189.1,216.0,83.5,1,2969,5662,1984,2,1015000,1094000,1,1
903213,3525,10.6,7.7,81.6,173.25,7.7,0,2061,5804,1996,1,758000,864000,0,0
170913,3800,15.7,5.1,80.1,68.85,29.1,1,2565,5208,1940,1,339000,455000,1,0
793584,3500,19.0,8.5,161.5,153.0,85.0,1,2904,5867,2003,2,741000,776000,1,0
981207,3528,10.0,6.3,63.0,141.75,6.3,0,2004,5308,1949,2,617000,790000,1,1
521818,3528,10.7,9.4,100.6,169.2,16.0,2,2069,5461,1966,1,757000,961000,0,1
530532,3800,16.7,5.4,90.2,121.5,41.6,2,2669,5119,1941,1,558000,701000,0,1
481678,3528,13.5,10.2,137.7,137.7,15.3,2,2350,5401,1964,2,661000,885000,1,1
362810,3525,10.5,7.5,78.8,168.75,7.5,0,2054,5714,1994,1,738000,862000,0,0
353809,3525,10.2,6.8,69.4,122.4,6.8,0,2017,5969,2015,1,545000,593000,1,0
650418,3528,10.5,5.7,59.9,128.25,5.7,0,2052,5115,1932,2,561000,746000,1,1
702359,3800,17.7,8.4,148.7,113.4,73.1,1,2766,5561,1980,1,573000,684000,0,0
693396,3500,19.7,6.7,132.0,90.45,71.7,1,2968,5802,2003,1,467000,494000,1,0
621550,3800,17.5,8.7,152.3,117.45,74.0,2,2754,5353,1959,1,592000,739000,0,1
740154,3800,17.6,5.4,95.0,121.5,35.6,2,2757,5017,1923,1,562000,688000,0,1
231325,3800,16.0,5.2,83.2,70.2,20.8,1,2600,5312,1949,1,347000,455000,1,0
820140,3800,17.1,6.3,107.7,85.05,32.1,1,2712,5014,1927,1,426000,549000,1,1
580280,3528,14.1,6.1,86.0,109.8,12.8,2,2409,5050,1933,1,508000,690000,0,1
373046,3525,12.2,7.8,95.2,140.4,9.4,0,2215,5752,1990,2,638000,753000,1,0
523226,3525,11.1,8.3,92.1,186.75,8.3,0,2110,5815,2001,1,821000,936000,0,0
742906,3500,15.1,8.1,122.3,145.8,49.4,2,2514,5710,1990,1,681000,804000,0,0
833403,3525,10.0,6.7,67.0,90.45,6.7,0,2001,5861,2005,1,415000,471000,1,0
811100,3800,15.1,6.6,99.7,148.5,40.3,1,2509,5258,1953,2,674000,871000,1,1
571796,3800,19.5,8.2,159.9,184.5,69.7,1,2954,5410,1958,1,866000,980000,0,1
643765,3500,18.2,7.1,129.2,159.75,58.2,1,2819,5917,2005,1,742000,777000,0,0
470843,3528,12.1,6.0,72.6,108.0,6.0,0,2209,5209,1940,1,490000,676000,0,1
511891,3525,14.5,9.9,143.6,178.2,34.7,2,2454,5467,1967,1,828000,1052000,0,1
853045,3525,12.1,7.5,90.8,135.0,7.5,0,2206,5764,1996,1,613000,720000,0,0
633461,3525,13.1,7.2,94.3,97.2,7.9,0,2307,5864,2003,1,464000,537000,0,0
453130,3500,16.7,7.2,120.2,162.0,41.0,2,2669,5768,1995,2,744000,836000,1,0
380335,3800,16.6,5.2,86.3,70.2,29.1,1,2663,5055,1928,1,350000,458000,1,1
992484,3525,14.0,10.3,144.2,231.75,51.5,1,2401,5602,1975,1,1042000,1267000,0,1
801006,3528,10.0,7.0,70.0,126.0,7.0,0,2000,5266,1950,1,560000,732000,0,0
731314,3800,15.5,5.2,80.6,93.6,23.4,1,2552,5303,1950,1,439000,568000,0,0
561873,3528,13.5,8.3,112.1,186.75,20.8,2,2351,5462,1962,1,837000,1059000,0,1
323531,3500,16.6,7.6,126.2,171.0,57.8,1,2657,5850,2006,1,785000,863000,1,0
682302,3800,15.2,8.6,130.7,116.1,27.5,1,2518,5555,1972,1,569000,717000,0,0
230011,3528,10.7,5.1,54.6,68.85,5.1,0,2068,5003,1928,1,319000,440000,1,1
932353,3800,17.7,10.0,177.0,180.0,77.0,1,2766,5554,1975,1,862000,1013000,0,1
260907,3800,15.1,5.1,77.0,91.8,20.9,1,2508,5216,1946,1,429000,567000,0,0
601217,3528,10.6,5.3,56.2,119.25,8.5,0,2061,5307,1953,1,522000,677000,0,0
213079,3525,13.6,8.4,114.2,151.2,38.6,2,2359,5766,1993,1,696000,818000,0,0
352294,3525,14.6,10.7,156.2,144.45,59.9,2,2458,5565,1975,1,703000,889000,0,1
941670,3528,13.6,8.4,114.2,151.2,13.4,2,2357,5415,1962,2,696000,906000,1,1
913923,3500,16.2,8.2,132.8,147.6,59.0,2,2617,5955,2007,1,697000,752000,1,0
193650,3525,12.6,7.4,93.2,166.5,26.6,1,2260,5913,2011,1,741000,824000,1,0
713455,3525,12.7,6.9,87.6,124.2,6.9,0,2268,5855,2003,1,567000,648000,0,0
800521,3800,16.1,6.3,101.4,85.05,38.4,1,2611,5108,1933,1,421000,560000,1,1
130612,3528,10.5,5.7,59.9,128.25,5.7,0,2052,5157,1937,2,561000,744000,1,1
383896,3525,14.5,6.5,94.3,146.25,35.8,2,2453,5960,2017,1,660000,719000,1,0
982023,3525,11.1,9.9,109.9,133.65,20.8,2,2106,5502,1969,2,623000,801000,1,0
940358,3800,17.6,5.4,95.0,72.9,35.6,1,2761,5058,1933,1,368000,467000,1,1
921133,3800,16.6,6.7,111.2,150.75,50.9,2,2660,5262,1951,2,692000,863000,1,1
262521,3500,16.1,8.9,143.3,120.15,36.5,1,2605,5619,1979,2,595000,726000,1,0
331268,3528,13.2,7.0,92.4,157.5,8.4,0,2315,5317,1954,2,704000,927000,1,1
622099,3525,14.6,10.4,151.8,234.0,27.0,1,2456,5508,1969,1,1057000,1311000,0,1
602565,3800,18.1,11.0,199.1,148.5,67.1,1,2806,5602,1980,1,753000,882000,0,1
831728,3800,16.1,9.9,159.4,222.75,60.4,1,2610,5419,1959,1,1019000,1256000,0,1
641633,3528,11.6,8.2,95.1,147.6,8.2,0,2159,5405,1961,2,666000,868000,1,0
620345,3800,17.1,5.0,85.5,90.0,35.5,1,2709,5063,1929,1,428000,540000,1,1
603334,3500,16.6,8.1,134.5,182.25,37.3,1,2658,5812,2003,1,837000,930000,0,0
812649,3525,12.2,8.1,98.8,109.35,25.9,1,2218,5664,1988,1,516000,638000,0,0
153302,3500,15.1,8.3,125.3,112.05,25.7,1,2514,5810,2000,1,548000,638000,0,0
653191,3500,19.5,7.1,138.5,159.75,60.4,2,2953,5766,1999,1,750000,792000,0,0
992879,3525,13.7,9.6,131.5,172.8,25.9,2,2369,5711,1986,1,796000,951000,0,0
333853,3525,12.7,8.1,102.9,145.8,8.1,0,2267,5955,2016,1,666000,736000,1,0
332783,3500,19.1,6.6,126.1,89.1,66.7,1,2910,5667,1991,1,457000,511000,1,0
142212,3525,10.5,8.7,91.4,117.45,8.7,0,2054,5557,1973,1,543000,682000,0,0
513951,3500,17.7,7.1,125.7,159.75,40.5,1,2767,5969,2012,2,740000,770000,1,0
562840,3525,12.0,8.6,103.2,116.1,25.8,2,2203,5718,1986,1,547000,663000,0,0
271550,3800,17.5,9.4,164.5,211.5,61.1,2,2753,5363,1960,2,978000,1177000,1,1
570342,3800,17.1,6.3,107.7,113.4,32.1,1,2710,5054,1928,1,540000,681000,0,1
861344,3800,17.2,8.4,144.5,189.0,52.1,2,2715,5304,1956,2,872000,1068000,1,1
142549,3500,17.0,9.2,156.4,207.0,73.6,2,2703,5617,1985,1,953000,1106000,0,1
852720,3500,16.2,8.8,142.6,158.4,54.6,2,2618,5652,1979,2,748000,885000,1,0
250170,3800,18.5,6.1,112.9,137.25,39.7,1,2851,5007,1922,2,639000,761000,1,1
101532,3800,16.7,10.2,170.3,229.5,68.3,2,2666,5365,1959,1,1054000,1297000,0,1
442909,3500,15.2,9.7,147.4,130.95,60.1,2,2515,5716,1988,1,642000,770000,0,0
793551,3500,17.6,7.2,126.7,129.6,61.9,2,2761,5869,2002,1,620000,670000,0,0
513422,3525,11.2,8.5,95.2,114.75,18.7,2,2115,5853,2000,1,535000,617000,0,0
500564,3800,18.1,5.5,99.6,123.75,39.1,1,2810,5100,1930,2,575000,694000,1,1
310030,3528,11.5,5.2,59.8,93.6,5.2,0,2154,5013,1931,1,422000,582000,0,1
323036,3525,11.5,10.0,115.0,135.0,10.0,2,2152,5764,1989,2,632000,752000,1,0
753790,3500,19.7,6.5,128.1,146.25,69.6,1,2968,5906,2011,2,687000,697000,1,0
231553,3800,17.7,5.9,104.4,79.65,39.5,1,2768,5357,1954,1,402000,500000,1,0
531909,3800,15.1,8.1,122.3,109.35,49.4,2,2505,5462,1969,1,535000,693000,0,0
991774,3800,18.5,8.2,151.7,147.6,77.9,2,2851,5404,1962,1,712000,841000,0,1
710313,3800,15.7,5.2,81.6,93.6,24.4,1,2569,5061,1933,1,440000,576000,0,1
612862,3525,13.0,8.0,104.0,180.0,16.0,1,2300,5716,1988,1,803000,949000,0,0
423875,3525,13.5,7.5,101.3,135.0,26.3,2,2353,5955,2009,1,621000,686000,1,0
880290,3528,14.7,6.6,97.0,118.8,31.0,1,2466,5053,1935,1,553000,742000,0,1
863814,3525,10.5,7.3,76.7,164.25,7.3,0,2051,5966,2014,1,718000,779000,1,0
831473,3528,13.6,10.5,142.8,189.0,27.3,2,2361,5352,1956,2,870000,1150000,1,1
813486,3525,14.2,6.7,95.1,150.75,14.7,2,2415,5863,2007,1,679000,764000,1,0
783833,3525,11.6,6.8,78.9,91.8,17.7,1,2162,5957,2014,1,430000,480000,1,0
722631,3525,11.6,10.1,117.2,136.35,10.1,1,2155,5660,1983,2,639000,787000,1,0
842140,3800,17.1,8.4,143.6,151.2,42.8,1,2705,5515,1970,1,720000,866000,0,1
243918,3500,15.6,8.0,124.8,180.0,36.8,2,2564,5965,2014,2,820000,882000,1,0
301983,3800,19.0,9.7,184.3,218.25,67.9,2,2904,5453,1964,1,1020000,1165000,0,1
460487,3528,14.1,6.4,90.2,115.2,13.4,1,2409,5119,1934,1,533000,725000,0,1
591356,3800,17.6,5.9,103.8,79.65,38.9,1,2764,5312,1948,1,402000,503000,1,0
642290,3525,14.6,9.6,140.2,216.0,44.2,1,2464,5563,1980,2,976000,1192000,1,1
833126,3500,16.0,6.6,105.6,89.1,39.6,1,2602,5769,1990,1,441000,514000,1,0
181789,3800,19.0,10.7,203.3,240.75,96.3,1,2904,5410,1966,2,1126000,1293000,1,1
682697,3525,14.6,8.5,124.1,191.25,22.1,1,2455,5667,1991,2,864000,1028000,1,0
423298,3525,14.6,6.6,96.4,148.5,17.2,2,2459,5813,1999,2,671000,764000,1,0
142866,3525,13.2,6.9,91.1,155.25,29.0,2,2318,5707,1990,2,694000,822000,1,0
943588,3500,19.1,8.0,152.8,108.0,80.8,1,2908,5866,2004,1,554000,584000,0,0
973607,3525,10.0,7.1,71.0,159.75,7.1,0,2000,5903,2009,2,696000,766000,1,0
310731,3800,16.6,6.0,99.6,135.0,33.6,1,2664,5161,1945,2,620000,778000,1,1
922744,3500,17.1,9.6,164.2,216.0,68.2,2,2712,5652,1989,2,995000,1144000,1,1
123655,3525,12.7,6.6,83.8,89.1,17.8,1,2266,5918,2009,1,423000,480000,1,0
770188,3800,19.0,5.3,100.7,71.55,53.0,1,2902,5001,1930,1,367000,444000,1,1
392739,3500,16.7,10.8,180.4,145.8,83.2,1,2667,5655,1980,1,728000,868000,0,1
412031,3525,11.6,9.0,104.4,121.5,9.0,0,2155,5518,1969,1,570000,733000,0,0
203886,3525,14.2,8.1,115.0,182.25,42.1,1,2416,5955,2007,2,821000,897000,1,0
152608,3525,10.0,9.3,93.0,209.25,9.3,0,2000,5664,1986,2,911000,1072000,1,0
542896,3525,14.5,8.0,116.0,144.0,28.0,2,2454,5714,1990,1,669000,794000,0,0
643579,3500,18.5,8.4,155.4,151.2,71.4,2,2850,5854,2001,1,729000,777000,0,0
553474,3525,13.6,7.2,97.9,162.0,25.9,1,2357,5853,2004,1,726000,822000,0,0
181285,3528,14.1,5.4,76.1,121.5,22.1,1,2413,5316,1954,2,547000,712000,1,0
461396,3800,19.5,8.8,171.6,118.8,92.4,1,2951,5309,1955,1,612000,723000,0,1
371336,3800,16.6,6.2,102.9,139.5,28.5,1,2664,5306,1950,2,640000,794000,1,1
800394,3800,19.5,5.3,103.4,119.25,50.4,2,2950,5065,1935,1,560000,648000,0,1
103765,3500,18.2,7.4,134.7,166.5,60.7,1,2819,5914,2007,1,774000,811000,1,0
292120,3800,16.1,8.6,138.5,116.1,35.3,2,2613,5511,1973,1,575000,721000,0,0
692445,3525,12.1,8.4,101.6,189.0,17.6,2,2213,5615,1982,2,837000,1017000,1,0
231125,3800,16.0,5.3,84.8,119.25,26.5,1,2603,5258,1950,1,545000,689000,0,1
803880,3525,14.2,7.2,102.2,129.6,23.0,2,2418,5957,2009,1,600000,660000,1,0
293665,3525,13.2,8.1,106.9,182.25,17.8,2,2319,5917,2013,2,815000,905000,1,0
771560,3800,18.1,8.2,148.4,110.7,50.0,2,2813,5369,1956,1,562000,688000,0,1
681931,3800,16.6,10.6,176.0,190.8,80.6,2,2660,5452,1965,1,904000,1113000,0,1
410570,3800,18.6,6.3,117.2,113.4,47.9,2,2861,5107,1936,1,547000,660000,0,1
111351,3800,17.6,5.2,91.5,70.2,29.1,1,2760,5316,1952,1,354000,444000,1,0
530100,3800,15.2,5.1,77.5,91.8,21.4,1,2518,5008,1929,1,429000,567000,0,1
432579,3800,18.6,9.1,169.3,204.75,87.4,1,2857,5612,1979,2,954000,1071000,1,1
551267,3528,13.2,6.7,88.4,90.45,14.7,1,2315,5312,1954,1,433000,595000,1,0
201397,3800,19.5,6.2,120.9,111.6,65.1,2,2951,5319,1949,1,543000,629000,0,1
472894,3525,14.6,8.5,124.1,114.75,39.1,2,2458,5705,1985,1,558000,676000,0,0
243373,3500,18.6,7.3,135.8,98.55,62.8,1,2864,5813,1997,1,503000,546000,0,0
360144,3800,17.0,5.7,96.9,128.25,34.2,2,2702,5008,1924,2,591000,733000,1,1
601316,3800,15.6,9.3,145.1,125.55,61.4,2,2561,5312,1957,1,618000,817000,0,1
422176,3800,18.5,10.6,196.1,143.1,90.1,2,2852,5512,1971,2,729000,860000,1,1
803170,3500,18.5,6.8,125.8,122.4,57.8,2,2850,5751,1997,1,590000,648000,0,0
632326,3800,16.1,11.0,177.1,247.5,78.1,1,2612,5555,1978,2,1132000,1356000,1,1
251308,3800,15.2,5.5,83.6,99.0,34.1,1,2518,5312,1948,1,463000,602000,0,0
383643,3525,12.1,6.9,83.5,93.15,14.5,1,2207,5909,2010,1,439000,499000,1,0
170856,3528,12.7,6.7,85.1,90.45,24.8,1,2266,5219,1948,1,430000,608000,1,0
680760,3800,18.1,5.4,97.7,121.5,43.7,1,2805,5169,1941,1,564000,682000,0,1
261367,3800,18.1,6.7,121.3,120.6,47.6,1,2805,5316,1953,2,579000,702000,1,1
142424,3525,11.2,10.3,115.4,231.75,10.3,1,2115,5615,1976,1,1019000,1232000,0,1
122187,3800,19.0,9.9,188.1,133.65,79.2,2,2902,5511,1972,2,685000,796000,1,1
312499,3525,14.6,10.2,148.9,137.7,36.7,1,2464,5614,1976,1,670000,834000,0,0
172218,3525,10.7,8.5,91.0,114.75,8.5,0,2068,5552,1975,1,532000,670000,0,0
460367,3800,18.2,6.1,111.0,137.25,43.9,2,2818,5056,1926,1,638000,768000,0,1
651036,3528,11.5,6.6,75.9,89.1,6.6,0,2150,5268,1950,1,417000,577000,1,0
633183,3500,19.1,9.7,185.3,218.25,88.3,1,2907,5751,1989,1,1021000,1096000,0,1
722469,3525,13.0,8.1,105.3,109.35,8.1,0,2300,5616,1983,1,522000,655000,0,0
633258,3525,12.6,8.2,103.3,110.7,8.2,0,2261,5805,1993,1,525000,620000,0,0
832290,3525,14.6,10.4,151.8,234.0,58.2,2,2456,5558,1977,2,1057000,1295000,1,1
330341,3800,17.1,6.3,107.7,85.05,38.4,1,2712,5055,1925,1,426000,550000,1,1
892859,3525,12.6,9.4,118.4,169.2,9.4,0,2255,5713,1986,2,772000,923000,1,0
182046,3525,12.0,10.9,130.8,147.15,10.9,1,2200,5512,1976,1,693000,898000,0,0
572749,3500,17.2,9.3,160.0,209.25,48.4,2,2716,5654,1981,1,965000,1108000,0,1
891515,3800,15.6,10.4,162.2,234.0,37.4,2,2560,5356,1955,1,1066000,1343000,0,1
531980,3800,19.1,8.9,170.0,200.25,81.0,1,2911,5460,1971,1,937000,1066000,0,1
681866,3528,13.2,10.9,143.9,147.15,13.1,2,2318,5463,1965,1,704000,927000,0,1
823587,3500,19.0,6.8,129.2,122.4,54.4,2,2903,5855,2006,2,593000,623000,1,0
341978,3800,18.6,10.1,187.9,136.35,86.9,2,2864,5469,1965,2,696000,825000,1,1
252161,3800,18.2,10.1,183.8,227.25,62.6,1,2816,5504,1973,2,1056000,1224000,1,1
713495,3525,14.7,7.4,108.8,166.5,34.8,1,2468,5855,2008,1,753000,846000,1,0
981769,3800,18.1,8.2,148.4,184.5,66.4,2,2809,5413,1959,1,857000,1010000,0,1
573395,3500,19.5,7.9,154.1,106.65,67.2,1,2952,5810,1999,1,550000,582000,0,0
990000,3528,10.2,6.6,67.3,118.8,6.6,0,2019,5009,1931,1,529000,703000,0,1
740006,3528,10.2,5.9,60.2,79.65,5.9,0,2019,5003,1930,1,367000,498000,1,1
373520,3500,16.0,8.2,131.2,110.7,57.4,1,2602,5851,1999,1,548000,621000,0,0
670594,3800,19.6,5.7,111.7,76.95,60.4,1,2958,5113,1936,1,397000,473000,1,1
213951,3500,17.7,8.4,148.7,189.0,47.9,2,2769,5951,2007,2,875000,916000,1,0
691432,3528,11.6,5.9,68.4,79.65,5.9,0,2162,5352,1954,1,373000,505000,1,0
582098,3525,14.6,9.9,144.5,133.65,55.4,1,2462,5504,1974,1,650000,837000,0,0
752463,3525,13.1,10.5,137.6,236.25,43.1,1,2313,5600,1976,2,1055000,1288000,1,1
240952,3800,17.6,7.0,123.2,126.0,46.2,2,2759,5212,1946,2,603000,747000,1,1
301168,3800,18.1,6.3,114.0,85.05,44.7,1,2809,5259,1948,1,431000,536000,1,1
952602,3525,10.1,11.0,111.1,247.5,11.0,2,2009,5659,1980,1,1079000,1273000,0,1
690005,3528,10.0,5.3,53.0,71.55,5.3,0,2001,5017,1929,1,329000,444000,1,1
240506,3800,15.1,6.8,102.7,153.0,27.9,2,2506,5105,1940,2,694000,907000,1,1
300242,3528,12.1,6.3,76.2,141.75,6.9,0,2207,5054,1929,1,628000,865000,0,1
403008,3525,10.1,9.9,100.0,178.2,9.9,0,2006,5760,1989,1,793000,917000,0,0
263205,3525,10.1,7.0,70.7,157.5,7.7,0,2005,5814,2004,2,687000,776000,1,0
361210,3528,10.7,6.8,72.8,91.8,6.8,0,2068,5305,1950,1,425000,574000,0,0
542630,3525,11.6,8.0,92.8,108.0,8.0,0,2159,5663,1988,1,506000,623000,0,0
182185,3800,19.2,10.7,205.4,240.75,109.1,1,2915,5511,1975,1,1127000,1271000,0,1
702845,3525,12.2,10.8,131.8,145.8,23.8,2,2216,5705,1986,2,689000,839000,1,0
381902,3800,15.1,10.2,154.0,229.5,52.0,1,2510,5456,1968,2,1041000,1297000,1,1
473504,3500,15.1,8.5,128.4,191.25,26.4,1,2509,5864,2003,1,868000,969000,0,0
632770,3500,18.6,6.5,120.9,146.25,49.4,2,2863,5657,1990,2,682000,756000,1,0
532285,3525,14.0,9.4,131.6,126.9,47.0,1,2403,5555,1971,1,613000,782000,0,0
731184,3800,19.2,7.0,134.4,126.0,57.4,1,2915,5265,1944,1,612000,720000,0,1
930826,3528,11.0,6.9,75.9,155.25,6.9,0,2102,5203,1947,1,682000,911000,0,1
521043,3528,12.2,5.3,64.7,95.4,5.3,0,2216,5268,1952,1,433000,589000,0,0
583195,3500,19.7,6.8,134.0,122.4,52.4,2,2969,5757,1994,1,597000,633000,0,0
233225,3525,11.2,6.5,72.8,87.75,7.8,0,2119,5802,2001,1,409000,480000,1,0
540206,3528,10.2,6.1,62.2,82.35,6.1,0,2018,5055,1933,1,379000,517000,1,1
311017,3528,10.7,5.0,53.5,67.5,5.0,0,2066,5255,1949,1,313000,426000,1,0
673692,3525,14.6,7.9,115.3,177.75,20.5,1,2458,5916,2008,2,803000,886000,1,0
623552,3500,17.7,8.0,141.6,180.0,61.6,1,2765,5867,2005,2,833000,895000,1,0
270783,3800,19.2,6.5,124.8,146.25,59.8,1,2915,5163,1939,2,685000,801000,1,1
463514,3500,15.6,6.7,104.5,150.75,44.2,1,2558,5851,2001,2,687000,765000,1,0
593947,3500,17.2,7.3,125.6,98.55,59.9,1,2716,5967,2016,1,495000,528000,1,0
151617,3528,10.7,10.1,108.1,136.35,10.1,1,2068,5418,1965,1,632000,827000,0,0
160992,3800,19.6,5.5,107.8,99.0,41.8,1,2955,5202,1945,1,482000,563000,0,1
993057,3525,12.5,7.9,98.8,142.2,19.8,2,2252,5752,1990,2,648000,765000,1,0
482253,3525,12.6,8.8,110.9,198.0,22.9,1,2259,5553,1971,2,881000,1090000,1,1
260140,3800,17.1,5.7,97.5,102.6,40.5,2,2713,5001,1922,1,488000,614000,0,1
823158,3500,17.6,8.0,140.8,108.0,68.8,2,2758,5760,1998,1,545000,617000,0,0
412749,3500,17.1,9.3,159.0,125.55,75.3,1,2705,5667,1981,2,629000,742000,1,0
472590,3800,19.7,10.0,197.0,135.0,97.0,1,2967,5616,1980,2,698000,776000,1,1
853070,3525,13.5,7.1,95.9,159.75,17.8,2,2353,5750,1998,2,716000,836000,1,0
200110,3800,15.6,5.2,81.1,117.0,29.1,2,2556,5009,1922,1,533000,686000,0,1
761752,3800,17.6,10.7,188.3,144.45,59.9,2,2763,5418,1961,2,728000,898000,1,1
163457,3525,12.7,8.0,101.6,144.0,21.6,1,2268,5852,1999,2,657000,752000,1,0
990199,3800,19.6,5.2,101.9,70.2,44.7,1,2960,5011,1931,1,362000,430000,1,1
691884,3525,14.0,10.9,152.6,245.25,43.6,2,2402,5469,1966,1,1103000,1389000,0,1
910915,3800,15.6,6.2,96.7,83.7,40.9,1,2558,5215,1942,1,412000,552000,1,1
802488,3525,14.1,10.4,146.6,234.0,21.8,2,2409,5616,1983,1,1053000,1275000,0,1
630122,3800,16.0,5.6,89.6,126.0,28.0,1,2604,5011,1924,2,576000,733000,1,1
720600,3528,10.0,5.6,56.0,100.8,5.6,0,2000,5152,1934,1,448000,594000,0,1
920668,3528,13.2,6.5,85.8,87.75,14.3,1,2318,5169,1945,1,420000,595000,1,0
430373,3800,18.7,5.5,102.9,74.25,53.4,1,2865,5055,1926,1,379000,466000,1,1
910475,3528,13.7,6.6,90.4,118.8,11.2,2,2365,5110,1931,1,548000,752000,0,1
503575,3500,18.5,7.9,146.2,142.2,75.1,1,2851,5869,2009,1,686000,727000,1,0
492435,3525,11.7,8.0,93.6,180.0,8.0,0,2165,5614,1980,1,795000,964000,0,0
102397,3800,19.6,8.4,164.6,113.4,89.0,1,2964,5557,1976,1,585000,660000,0,0
862399,3800,19.6,8.0,156.8,144.0,76.8,1,2960,5559,1974,2,701000,781000,1,1
731852,3528,12.7,8.7,110.5,195.75,32.2,2,2268,5455,1967,1,871000,1109000,0,1
230714,3800,15.7,5.6,87.9,100.8,31.9,2,2567,5166,1937,1,474000,620000,0,1
471710,3800,15.7,10.3,161.7,139.05,58.7,1,2566,5405,1958,2,686000,889000,1,1
692343,3800,17.1,10.2,174.4,137.7,82.6,2,2705,5568,1978,2,690000,836000,1,1
231797,3800,19.6,10.1,198.0,136.35,86.9,2,2964,5415,1967,1,704000,815000,0,1
450656,3528,12.6,6.4,80.6,115.2,6.4,0,2256,5162,1943,1,525000,732000,0,1
383262,3525,13.2,8.1,106.9,109.35,17.8,1,2317,5802,2001,1,523000,618000,0,0
530839,3528,11.6,5.9,68.4,132.75,5.9,0,2155,5215,1944,1,586000,789000,0,1
492535,3800,16.5,9.7,160.1,174.6,53.4,2,2650,5604,1984,2,826000,985000,1,0
161321,3800,16.1,6.2,99.8,111.6,44.0,2,2607,5303,1949,1,526000,673000,0,1
623436,3525,11.6,7.6,88.2,102.6,7.6,0,2163,5861,2007,1,481000,554000,1,0
242450,3525,12.6,8.4,105.8,151.2,8.4,0,2256,5603,1984,2,689000,853000,1,0
591599,3800,19.7,8.6,169.4,193.5,92.0,1,2969,5367,1960,2,910000,1030000,1,1
482992,3500,19.7,10.7,210.8,144.45,114.5,1,2969,5707,1985,2,746000,810000,1,1
533722,3500,16.0,7.8,124.8,105.3,54.6,1,2604,5912,2009,1,521000,578000,1,0
941372,3800,18.7,5.5,102.9,74.25,42.4,1,2868,5317,1953,1,379000,460000,1,0
492991,3500,19.6,7.4,145.0,166.5,78.4,1,2955,5714,1992,1,782000,836000,0,0
520515,3800,15.7,5.3,83.2,71.55,24.9,1,2565,5114,1939,1,353000,475000,1,0
421545,3800,17.2,9.7,166.8,218.25,69.8,2,2718,5360,1958,1,1006000,1224000,0,1
201919,3800,15.6,8.8,137.3,158.4,58.1,1,2564,5453,1967,2,743000,933000,1,1
902608,3525,10.0,10.8,108.0,145.8,10.8,2,2001,5658,1982,2,670000,809000,1,0
661114,3800,15.5,5.4,83.7,72.9,24.3,1,2554,5252,1945,1,359000,479000,1,0
172682,3525,14.0,8.8,123.2,118.8,17.6,2,2403,5652,1986,1,574000,710000,0,0
580811,3528,10.6,5.7,60.4,76.95,9.1,0,2056,5218,1948,1,356000,488000,1,0
543720,3500,16.1,8.5,136.9,114.75,51.9,1,2607,5915,2013,1,569000,630000,1,0
482702,3500,15.1,9.7,146.5,174.6,49.5,1,2511,5666,1983,1,816000,976000,0,0
390394,3800,19.5,6.5,126.8,87.75,55.3,1,2954,5056,1933,1,452000,539000,1,1
332941,3500,17.1,8.8,150.5,198.0,44.9,1,2707,5705,1987,1,912000,1036000,0,1
731966,3800,18.2,9.8,178.4,132.3,70.6,1,2817,5450,1963,1,672000,811000,0,1
890828,3528,11.0,5.1,56.1,114.75,5.1,0,2104,5212,1949,1,504000,672000,0,0
372986,3500,19.2,10.1,193.9,136.35,72.7,1,2918,5705,1986,1,701000,773000,0,0
191755,3800,17.6,10.6,186.6,238.5,59.4,1,2757,5405,1957,2,1103000,1320000,1,1
902967,3500,18.1,7.7,139.4,173.25,54.7,2,2812,5717,1992,2,805000,891000,1,0
493744,3500,17.2,8.1,139.3,145.8,58.3,2,2715,5916,2005,2,695000,747000,1,0
282256,3525,12.6,8.6,108.4,193.5,22.4,2,2255,5562,1979,2,861000,1063000,1,0
150695,3528,14.7,5.1,75.0,91.8,24.0,1,2469,5160,1945,1,427000,572000,0,0
560217,3528,10.6,6.9,73.1,155.25,6.9,0,2058,5050,1931,2,679000,904000,1,1
771022,3528,11.1,5.6,62.2,75.6,5.6,0,2107,5258,1948,1,352000,485000,1,0
172425,3525,11.1,9.3,103.2,209.25,19.5,2,2113,5616,1986,1,920000,1110000,0,0
290737,3800,16.6,6.1,101.3,82.35,34.2,1,2656,5155,1938,1,410000,538000,1,1
912192,3800,19.6,10.4,203.8,140.4,110.2,1,2964,5511,1973,1,725000,825000,0,1
320263,3528,13.1,7.0,91.7,126.0,21.7,2,2309,5050,1926,2,577000,800000,1,1
933764,3500,18.0,8.5,153.0,191.25,51.0,2,2801,5901,2012,1,887000,937000,1,0
410467,3528,13.1,5.0,65.5,67.5,15.5,1,2308,5105,1935,1,322000,461000,1,0
730281,3528,14.2,6.9,98.0,155.25,22.1,2,2418,5056,1933,1,699000,931000,0,1
942153,3800,17.5,10.4,182.0,140.4,78.0,1,2752,5508,1974,2,707000,859000,1,1
673334,3500,16.6,7.6,126.2,102.6,57.8,1,2655,5802,2003,1,511000,584000,0,0
303679,3525,13.5,6.7,90.5,150.75,16.8,1,2350,5902,2011,1,675000,753000,1,0
352480,3525,14.1,8.2,115.6,110.7,33.6,2,2408,5606,1977,1,535000,672000,0,0
181982,3800,19.2,10.2,195.8,137.7,83.6,2,2917,5461,1969,1,707000,826000,0,1
273092,3525,14.6,8.0,116.8,144.0,36.8,2,2458,5759,1993,1,669000,783000,0,0
363633,3525,11.6,7.8,90.5,140.4,20.3,2,2156,5917,2005,1,634000,708000,0,0
752682,3525,14.1,9.8,138.2,132.3,50.0,1,2411,5655,1986,1,640000,791000,0,0
870544,3800,17.1,5.5,94.1,123.75,44.6,2,2714,5107,1932,1,570000,707000,0,1
671486,3528,14.0,10.8,151.2,145.8,21.6,1,2403,5353,1956,2,704000,950000,1,1
840684,3528,14.1,7.0,98.7,126.0,28.7,1,2409,5152,1937,1,583000,792000,0,1
563273,3525,13.5,7.8,105.3,140.4,35.1,1,2352,5807,1998,2,646000,749000,1,0
473812,3525,10.7,6.8,72.8,91.8,6.8,0,2067,5968,2017,1,425000,469000,1,0
922135,3800,16.6,10.0,166.0,225.0,76.0,1,2660,5503,1966,1,1033000,1240000,0,1
543238,3525,11.7,7.5,87.8,168.75,7.5,0,2169,5814,1998,1,745000,853000,0,0
691650,3528,12.6,9.7,122.2,174.6,25.2,2,2262,5419,1958,2,796000,1038000,1,1
403563,3500,18.2,7.1,129.2,95.85,65.3,1,2819,5865,2006,1,487000,526000,1,0
163652,3525,12.5,8.5,106.3,153.0,12.8,2,2252,5912,2008,1,697000,782000,1,0
772695,3525,14.5,10.9,158.1,147.15,27.3,1,2451,5654,1983,1,715000,881000,0,0
732158,3800,17.7,8.2,145.1,147.6,71.3,2,2765,5503,1969,2,706000,840000,1,1
492884,3525,14.1,7.1,100.1,159.75,36.2,1,2409,5704,1992,1,719000,849000,0,0
291596,3800,19.6,8.4,164.6,113.4,63.8,2,2964,5358,1960,1,585000,683000,0,1
390701,3800,15.2,5.9,89.7,132.75,18.9,2,2517,5161,1936,1,603000,785000,0,1
722879,3525,13.6,7.5,102.0,101.25,12.0,1,2358,5707,1990,1,487000,593000,0,0
463731,3500,16.6,6.5,107.9,146.25,36.4,1,2664,5908,2012,2,671000,725000,1,0
722567,3800,18.2,10.9,198.4,147.15,100.3,1,2816,5608,1980,1,747000,871000,0,1
380936,3800,16.6,5.2,86.3,70.2,29.1,1,2664,5201,1942,1,350000,456000,1,0
232027,3525,11.0,8.4,92.4,113.4,16.8,2,2100,5514,1975,1,528000,675000,0,0
521225,3528,11.1,5.4,59.9,121.5,5.4,0,2114,5319,1953,1,534000,697000,0,0
663094,3525,14.6,8.5,124.1,153.0,30.6,2,2461,5753,1993,2,711000,834000,1,0
960378,3800,18.6,6.8,126.5,122.4,44.9,1,2860,5051,1933,1,591000,713000,0,1
142948,3500,17.2,9.4,161.7,211.5,67.7,1,2716,5708,1989,2,975000,1104000,1,1
120085,3528,14.1,6.5,91.7,87.75,20.2,1,2407,5012,1930,1,424000,591000,1,1
911932,3800,16.6,8.6,142.8,116.1,48.2,1,2660,5467,1963,1,579000,725000,0,1
970987,3800,19.0,6.1,115.9,109.8,61.0,2,2902,5213,1942,1,532000,631000,0,1
161720,3800,16.1,8.5,136.9,114.75,51.9,1,2610,5401,1965,1,569000,731000,0,0
560286,3528,14.1,5.8,81.8,130.5,18.0,2,2405,5067,1929,1,587000,785000,0,1
620835,3528,11.7,6.2,72.5,139.5,6.2,0,2168,5214,1945,2,616000,831000,1,1
592306,3800,15.2,8.6,130.7,154.8,44.7,1,2519,5560,1978,1,724000,891000,0,0
933683,3525,14.0,8.3,116.2,186.75,33.2,2,2401,5918,2007,2,840000,930000,1,0
692479,3525,13.5,10.0,135.0,225.0,25.0,1,2350,5610,1979,1,1008000,1226000,0,1
763272,3525,13.7,7.5,102.8,101.25,12.8,2,2367,5805,2001,1,487000,574000,0,0
173756,3500,17.6,7.1,125.0,159.75,61.1,2,2755,5906,2010,1,739000,786000,1,0
433194,3500,19.5,7.9,154.1,106.65,83.0,2,2950,5761,1998,1,550000,591000,0,0
231789,3800,19.1,8.1,154.7,182.25,65.6,1,2911,5419,1964,2,853000,976000,1,1
640274,3528,13.5,6.3,85.1,113.4,28.4,1,2353,5063,1928,1,522000,717000,0,1
811300,3800,15.1,6.7,101.2,90.45,40.9,1,2511,5301,1950,1,443000,593000,1,0
952343,3800,17.0,10.0,170.0,225.0,50.0,1,2700,5565,1979,1,1036000,1218000,0,1
840034,3528,11.6,6.9,80.0,93.15,6.9,0,2156,5011,1925,1,437000,618000,0,1
702729,3500,16.1,11.0,177.1,247.5,56.1,2,2609,5650,1983,2,1132000,1325000,1,1
461277,3528,13.5,6.2,83.7,111.6,21.7,2,2353,5313,1953,1,513000,685000,0,0
482586,3800,19.0,8.5,161.5,114.75,85.0,1,2903,5602,1975,1,588000,670000,0,0
252421,3525,11.0,10.2,112.2,137.7,10.2,1,2100,5604,1977,1,641000,798000,0,0
973476,3525,13.6,7.1,96.6,95.85,32.7,1,2358,5856,2001,1,461000,533000,0,0
362101,3800,15.2,9.7,147.4,218.25,60.1,1,2515,5519,1968,2,991000,1216000,1,1
520318,3800,15.5,6.7,103.9,120.6,23.5,1,2550,5060,1933,1,566000,744000,0,1
542063,3525,13.2,10.0,132.0,135.0,22.0,2,2319,5516,1967,2,646000,837000,1,0
961549,3800,17.1,5.6,95.8,75.6,34.2,1,2711,5355,1953,1,379000,479000,1,0
750075,3528,13.7,6.7,91.8,150.75,31.5,2,2366,5015,1928,1,676000,907000,0,1
811705,3800,15.0,9.7,145.5,218.25,48.5,2,2503,5407,1964,2,989000,1247000,1,1
681918,3800,15.6,9.5,148.2,213.75,43.7,1,2562,5451,1967,1,974000,1204000,0,1
931837,3525,11.6,10.1,117.2,136.35,26.3,1,2163,5467,1968,2,639000,836000,1,0
162515,3800,15.5,9.1,141.1,204.75,59.2,1,2554,5605,1979,1,932000,1113000,0,1
310812,3528,10.7,5.5,58.9,123.75,9.4,0,2068,5213,1945,1,542000,717000,0,1
270669,3528,13.2,6.1,80.5,137.25,7.3,0,2317,5152,1939,1,613000,833000,0,1
692388,3800,19.1,10.6,202.5,143.1,75.3,2,2907,5559,1974,2,734000,843000,1,1
250404,3528,10.1,6.8,68.7,153.0,7.5,0,2014,5118,1940,2,667000,876000,1,1
621066,3528,13.1,6.9,90.4,124.2,21.4,2,2307,5252,1945,2,569000,774000,1,1
892382,3800,19.2,10.3,197.8,231.75,94.8,2,2917,5553,1977,1,1085000,1213000,0,1
742184,3800,19.2,8.2,157.4,147.6,75.4,2,2918,5510,1969,1,716000,815000,0,1
473215,3525,10.6,8.1,85.9,182.25,8.1,0,2064,5805,1997,2,798000,909000,1,0
601642,3528,12.1,9.1,110.1,122.85,10.0,1,2209,5417,1967,1,579000,773000,0,0
561142,3800,17.1,6.2,106.0,111.6,44.0,2,2708,5254,1947,1,531000,666000,0,1
933954,3500,17.7,8.5,150.5,191.25,65.5,1,2766,5959,2012,1,885000,925000,1,0
981132,3800,16.6,7.0,116.2,126.0,53.2,2,2659,5258,1946,2,597000,757000,1,1
932808,3525,10.1,10.2,103.0,137.7,10.2,1,2013,5712,1988,1,633000,754000,0,0
512632,3525,11.6,9.7,112.5,174.6,9.7,0,2155,5667,1981,1,788000,952000,0,0
970372,3800,18.5,5.0,92.5,67.5,32.5,1,2854,5054,1934,1,344000,424000,1,1
603574,3500,18.5,7.1,131.4,127.8,67.5,1,2852,5857,2002,2,616000,656000,1,0
250081,3528,14.0,6.1,85.4,137.25,30.5,1,2400,5017,1925,2,617000,823000,1,1
653123,3500,16.2,8.1,131.2,109.35,34.0,2,2618,5760,1990,1,542000,632000,0,0
241839,3528,11.6,9.3,107.9,167.4,9.3,0,2156,5465,1966,2,756000,968000,1,1
861549,3800,17.0,9.5,161.5,213.75,57.0,1,2701,5358,1963,2,984000,1202000,1,1
701445,3528,12.2,8.7,106.1,195.75,19.1,2,2219,5355,1961,1,868000,1133000,0,1
881668,3528,13.2,10.5,138.6,189.0,12.6,1,2319,5416,1958,2,867000,1130000,1,1
173998,3500,19.5,7.0,136.5,157.5,59.5,1,2950,5958,2015,1,739000,741000,1,0
102796,3500,19.5,9.8,191.1,176.4,83.3,2,2950,5657,1984,2,858000,939000,1,1
963709,3500,15.1,8.3,125.3,112.05,50.6,2,2509,5902,2012,1,548000,618000,1,0
180938,3800,16.6,6.8,112.9,91.8,31.3,1,2656,5207,1949,1,458000,598000,0,1
393778,3500,18.6,7.1,132.1,159.75,61.1,2,2857,5904,2008,1,745000,776000,1,0
581235,3528,11.5,6.1,70.2,137.25,6.1,0,2154,5318,1954,1,605000,794000,0,0
221368,3800,18.1,5.1,92.3,114.75,46.4,2,2813,5301,1954,1,533000,636000,0,0
703732,3500,16.6,6.9,114.5,155.25,45.5,2,2656,5916,2011,1,713000,769000,1,0
791285,3528,14.1,6.1,86.0,137.25,25.0,1,2411,5304,1951,1,618000,806000,0,1
511719,3800,15.6,10.6,165.4,143.1,38.2,2,2558,5413,1959,2,705000,914000,1,1
410789,3800,19.1,5.7,108.9,102.6,57.6,1,2911,5151,1939,1,498000,590000,0,1
221208,3528,10.1,6.6,66.7,89.1,6.6,0,2011,5308,1949,1,410000,544000,1,0
483028,3525,11.1,6.8,75.5,91.8,6.8,0,2113,5761,1998,1,428000,508000,0,0
493441,3525,12.1,6.8,82.3,122.4,14.3,2,2210,5867,2002,1,555000,632000,0,0
911539,3800,16.7,9.6,160.3,172.8,64.3,1,2666,5366,1955,2,819000,1023000,1,1
163011,3525,10.6,6.9,73.1,93.15,6.9,0,2061,5750,1995,1,431000,511000,0,0
503653,3525,12.5,8.2,102.5,110.7,20.5,1,2252,5918,2004,1,525000,595000,0,0
930483,3528,14.2,6.2,88.0,111.6,19.8,1,2415,5110,1934,1,517000,702000,0,1
352000,3525,10.1,9.7,98.0,174.6,9.7,0,2006,5514,1967,1,777000,962000,0,1
241968,3800,18.1,8.4,152.0,189.0,76.4,1,2814,5462,1970,2,878000,1025000,1,1
780434,3528,11.5,5.8,66.7,130.5,8.7,0,2154,5109,1940,1,575000,790000,0,1
912360,3800,18.1,10.3,186.4,231.75,62.8,2,2806,5551,1971,2,1076000,1239000,1,1
623626,3525,11.1,7.0,77.7,157.5,7.7,0,2107,5917,2004,1,692000,765000,0,0
353854,3525,12.7,8.5,108.0,191.25,14.5,1,2267,5951,2009,1,851000,936000,1,0
163078,3525,13.6,6.6,89.8,148.5,23.8,1,2362,5759,1997,2,666000,775000,1,0
882041,3525,12.1,9.6,116.2,172.8,20.2,1,2206,5504,1970,1,784000,997000,0,1
342272,3525,13.6,10.7,145.5,240.75,17.1,1,2363,5562,1975,1,1079000,1330000,0,1
210982,3800,19.2,6.1,117.1,109.8,50.0,1,2918,5210,1943,1,533000,629000,0,1
433036,3525,11.6,8.4,97.4,189.0,21.8,2,2160,5767,1999,2,834000,967000,1,0
462540,3800,17.1,10.0,171.0,225.0,61.0,1,2710,5613,1976,2,1037000,1203000,1,1
872983,3500,19.1,8.4,160.4,189.0,68.0,2,2909,5700,1993,2,884000,960000,1,0
561746,3800,17.0,8.3,141.1,112.05,49.8,2,2701,5412,1958,1,561000,704000,0,1
282243,3525,12.1,10.8,130.7,145.8,22.7,1,2211,5550,1978,2,688000,881000,1,0
242825,3525,11.1,8.6,95.5,116.1,8.6,0,2107,5703,1985,1,541000,654000,0,0
893096,3525,14.7,8.3,122.0,112.05,39.0,2,2467,5751,1991,1,546000,651000,0,0
233713,3500,15.7,7.2,113.0,97.2,33.8,1,2565,5918,2011,1,479000,533000,1,0
661364,3800,18.1,8.7,157.5,117.45,53.1,2,2808,5316,1957,1,596000,737000,0,1
973503,3500,15.1,6.5,98.2,146.25,26.7,2,2506,5868,1999,2,664000,740000,1,0
110799,3800,19.6,6.6,129.4,118.8,70.0,2,2961,5169,1941,1,579000,675000,0,1
940234,3528,11.5,5.1,58.7,91.8,5.1,0,2154,5065,1933,1,414000,577000,0,1
430595,3800,19.5,6.0,117.0,81.0,57.0,1,2950,5110,1934,1,418000,499000,1,1
561824,3528,11.2,11.0,123.2,198.0,11.0,2,2117,5463,1963,1,891000,1137000,0,1
191398,3800,19.5,5.6,109.2,75.6,42.0,1,2954,5300,1950,1,390000,460000,1,0
