"age","gender","zip_code","daily_kcal","protein_g","carbs_g","fat_g","fruit_portions"
71,"female","3514",2391,220,242,20,2
48,"male","1035",2338,220,133,56,3
21,"female","1046",2038,65,337,37,4
31,"male","3024",2049,96,345,20,3
35,"female","1023",1922,117,298,20,3
68,"male","9728",2023,157,321,28,4
29,"female","3511",2082,85,338,74,3
24,"other","5644",2271,156,248,92,2
86,"female","4817",1970,30,410,27,6
26,"male","3024",1867,30,405,20,2
75,"female","9721",2092,220,142,56,3
60,"female","5632",1991,150,257,29,4
79,"female","1036",1577,37,225,90,6
30,"male","6211",2840,72,429,76,4
32,"male","3542",1915,136,284,20,2
80,"male","1036",2554,60,439,37,5
22,"male","4817",2308,30,470,35,0
57,"female","5612",2238,64,341,41,8
81,"male","5621",1934,90,162,93,2
24,"female","6535",2167,220,236,20,4
27,"male","5014",2900,86,498,20,2
78,"male","8921",2218,74,415,39,1
71,"female","3516",1640,92,262,45,2
53,"female","1046",1411,36,154,78,1
35,"female","5045",2224,208,321,30,2
41,"male","9728",2451,80,406,77,2
84,"male","5012",1790,214,133,55,1
41,"male","5012",2480,114,292,91,1
80,"female","9728",1845,159,185,39,2
39,"male","5045",2668,126,396,68,1
42,"male","3023",2309,41,378,36,0
39,"male","2014",1957,35,309,50,4
62,"male","4816",2242,213,276,31,10
44,"male","3534",2369,220,206,41,7
66,"female","1036",1925,111,186,89,5
49,"female","5612",1979,127,296,31,4
40,"male","3023",2161,30,120,177,4
43,"male","1023",1999,176,194,84,3
89,"male","1035",2009,78,301,66,3
51,"female","1031",1855,30,393,47,0
55,"female","5632",2417,110,223,112,3
88,"male","5646",2139,65,394,23,7
65,"male","1825",1815,76,220,55,2
18,"male","9735",2117,201,197,53,3
39,"male","5033",2400,89,338,89,1
39,"male","4825",2541,104,309,98,2
46,"female","5634",2012,156,258,45,1
34,"male","5033",1940,88,242,84,1
42,"female","5014",2208,69,314,78,6
54,"male","1033",2190,46,486,24,2
69,"male","4811",2206,36,380,41,5
80,"female","9728",1734,104,299,20,3
35,"male","5033",2413,34,483,68,1
55,"male","5033",2424,68,338,92,2
71,"male","4811",2024,137,179,63,0
36,"female","5033",2112,62,278,91,1
28,"other","3542",1920,143,199,36,3
21,"female","6216",1664,59,351,20,6
37,"female","1031",2157,57,303,86,3
21,"male","9712",2227,98,270,78,1
75,"female","4816",2382,137,304,92,6
89,"male","1028",2122,30,465,43,3
38,"female","3511",2049,83,299,97,2
59,"female","1825",2027,220,118,20,0
76,"female","3023",1893,48,282,71,6
46,"female","1823",1914,220,236,20,2
85,"male","6221",2118,162,361,46,1
86,"male","5621",2123,52,319,81,1
86,"female","1035",1979,30,307,54,9
36,"male","2517",2503,128,425,20,1
78,"female","4811",1735,104,319,29,6
43,"female","6221",2435,169,380,20,3
87,"female","5632",1872,85,308,28,2
32,"male","3024",2132,80,289,49,5
39,"male","3542",2495,162,364,45,2
58,"male","2517",2474,220,262,20,10
66,"male","9735",2514,105,233,151,2
80,"female","3515",1847,56,231,77,5
78,"male","1023",2386,104,454,25,6
22,"male","3511",2601,81,378,101,0
55,"male","3534",2305,115,217,110,6
73,"female","3023",1776,105,366,37,9
25,"male","5612",2398,220,361,29,4
73,"male","9711",1758,96,105,119,2
48,"male","6535",1695,183,248,20,4
29,"female","3511",2515,30,511,68,1
66,"male","6514",1756,113,215,57,2
60,"male","4822",1643,51,245,68,1
58,"male","5622",2264,139,292,65,5
83,"female","6535",1610,64,294,20,4
55,"male","5045",2618,201,295,27,6
69,"male","4825",2613,220,255,49,0
72,"male","6514",1984,220,208,20,6
31,"male","9731",2517,85,365,52,2
49,"male","5612",2781,116,415,50,2
82,"male","3531",2053,78,184,75,5
40,"female","9721",2399,169,243,96,3
22,"female","2545",2266,88,342,66,2
66,"male","9711",1629,214,116,76,3
24,"female","5012",2285,68,292,43,1
29,"female","9711",2082,85,323,55,2
82,"male","3024",2178,30,459,24,4
80,"female","3515",1839,65,179,88,7
31,"other","3548",1961,196,235,20,2
46,"female","1046",1797,37,375,20,3
53,"male","5014",1964,30,402,28,3
39,"female","5616",2105,220,236,20,1
65,"male","6216",2494,119,375,51,6
60,"male","8921",2264,38,291,122,2
37,"male","2517",2503,220,268,20,4
43,"male","3041",2177,220,126,55,3
57,"male","2545",2121,33,288,98,1
24,"female","1023",2297,220,264,20,5
23,"male","1046",2398,72,117,143,4
74,"male","2545",2047,56,359,53,1
28,"male","5033",2516,123,454,56,4
88,"male","9721",2138,30,552,44,1
41,"male","1033",2427,197,264,117,3
73,"male","5622",2061,65,369,37,4
61,"male","2545",2110,214,352,35,5
29,"female","9728",2040,159,214,79,3
37,"male","3514",2533,175,375,33,3
58,"male","3516",2178,113,163,109,2
39,"male","6224",1931,87,418,20,4
29,"male","5033",2486,34,230,180,3
85,"female","5012",1604,69,262,39,1
54,"male","2517",2274,131,419,20,9
26,"female","3511",2794,30,497,84,1
41,"male","1033",2427,155,161,119,3
89,"other","6514",1936,216,177,26,3
22,"female","3516",1895,104,253,51,1
59,"female","3511",2146,63,329,81,1
47,"male","5612",2155,157,390,20,2
53,"male","9731",1833,204,116,56,5
56,"female","8921",1956,30,200,145,1
87,"male","3514",2436,30,396,84,6
45,"male","1023",2212,136,311,37,5
81,"female","2014",1963,220,190,49,6
78,"male","9721",1866,30,155,121,4
84,"female","3534",1955,50,383,20,7
64,"female","4817",2348,82,236,127,1
56,"female","4817",1928,30,295,51,4
65,"female","3024",1956,61,231,98,2
54,"female","5612",1636,208,80,54,4
66,"female","5644",1525,57,217,62,3
60,"male","1046",2282,85,395,51,7
21,"female","1825",2102,48,324,66,1
71,"female","2517",1624,30,188,39,6
82,"female","1046",1720,65,270,20,5
80,"female","9728",1860,92,308,32,3
52,"male","8921",2525,154,273,86,3
84,"female","1823",1800,125,361,20,2
89,"male","1035",2009,81,346,21,2
85,"female","2517",1358,61,216,28,6
40,"male","4816",2455,168,224,119,1
84,"male","5646",2547,220,228,53,4
71,"female","4822",1612,92,203,62,3
41,"female","6211",2457,135,496,36,2
51,"female","5632",1979,89,301,49,3
57,"male","1033",2257,220,216,20,5
73,"female","4811",2495,102,436,20,5
38,"male","5632",2756,156,364,35,2
60,"female","3511",1903,137,174,86,10
76,"male","3035",2014,43,369,25,4
57,"male","5612",2342,207,353,21,4
32,"female","5025",1946,30,343,28,6
77,"other","5616",2280,137,322,27,1
56,"male","9731",1934,115,330,20,4
86,"male","9735",2055,58,302,69,2
19,"female","3026",1701,51,290,24,5
34,"male","4816",2065,71,288,68,1
18,"female","5033",2398,123,289,103,5
30,"male","5634",2678,198,350,31,3
55,"male","5033",2424,220,263,56,3
84,"female","8912",1452,30,269,53,7
89,"female","4817",2067,171,255,44,5
18,"male","2517",2630,181,324,45,3
31,"male","8912",2077,95,346,34,2
37,"female","5022",2257,171,388,20,4
66,"female","1036",1925,111,202,59,6
82,"female","3515",1887,56,231,88,7
46,"male","2014",2063,71,184,100,5
79,"male","5033",2187,181,229,62,2
66,"male","9735",2135,72,379,44,1
47,"male","3035",2226,220,158,36,5
38,"female","5644",1694,104,205,20,1
47,"female","2517",2538,220,345,33,2
85,"female","3515",1507,30,292,20,6
50,"male","1033",2153,30,474,28,5
69,"female","2517",1911,163,359,20,1
66,"female","3534",1968,94,216,89,4
87,"male","9728",2385,207,118,115,5
37,"female","6211",2131,186,216,72,1
74,"male","5622",2058,106,430,20,6
35,"male","6535",1847,220,212,20,2
61,"male","5612",2201,176,311,20,4
45,"female","6211",2433,148,427,48,2
89,"male","1028",2122,78,275,59,1
20,"male","1023",2281,220,291,73,5
84,"male","4817",2050,171,247,92,5
38,"female","9735",2230,144,233,112,0
47,"male","3035",2385,220,299,20,3
36,"female","3531",2258,130,344,52,4
73,"female","6216",1663,30,296,47,2
37,"male","2517",2459,107,381,25,2
72,"female","5632",1928,53,207,97,4
79,"male","1035",2756,35,585,20,5
25,"female","5644",2191,125,248,80,1
56,"female","3514",2027,41,324,66,5
47,"female","5634",1770,156,142,61,1
69,"male","9728",2793,84,373,60,4
33,"male","5014",2232,47,411,28,5
62,"female","3542",2112,30,323,66,2
28,"female","5616",2431,109,257,145,3
85,"female","6211",2271,220,279,41,7
78,"female","1031",1823,65,184,108,4
21,"female","5022",2031,30,410,28,3
81,"female","4811",1755,111,304,20,5
84,"male","4816",2332,133,317,38,4
89,"female","3542",2176,47,381,46,4
28,"female","5612",2439,111,405,50,5
57,"female","5045",2139,84,398,25,4
59,"male","3542",2118,131,313,20,2
85,"female","4822",1349,45,169,56,1
26,"female","3041",1965,71,325,57,4
25,"female","1023",1994,133,298,20,2
49,"male","6514",2256,98,385,39,1
73,"female","4811",2105,137,297,57,4
39,"male","9721",2292,56,298,97,1
52,"male","5025",1904,183,300,20,5
73,"female","1036",1515,98,203,20,10
30,"male","6514",1749,176,149,72,4
82,"male","3516",2028,79,299,79,2
21,"female","1825",2102,79,392,24,2
62,"female","2545",2105,108,342,74,3
56,"female","3035",2222,57,233,107,4
70,"male","6221",2386,43,278,142,6
72,"female","3548",1664,136,147,72,3
34,"female","5632",1758,178,216,24,3
75,"male","6224",1810,139,180,43,4
47,"male","4811",2211,117,337,39,7
71,"male","3516",2463,148,267,86,1
23,"male","2545",2847,129,428,59,4
36,"male","1023",2143,72,403,20,3
59,"male","1031",2241,30,120,177,1
27,"male","1046",2286,135,396,20,4
74,"male","5622",2187,220,229,31,5
39,"male","5045",2635,220,396,39,2
63,"male","3026",1995,220,294,20,2
87,"male","5612",2141,41,332,59,4
29,"female","8921",2397,83,219,133,5
77,"male","2517",2119,142,293,30,7
19,"female","1028",2183,85,322,64,0
89,"male","8927",2009,88,301,49,5
68,"male","9728",2315,220,242,24,5
55,"male","4817",2480,30,98,162,1
47,"female","6211",2065,88,299,31,3
86,"male","1036",2407,172,357,79,3
40,"female","5644",1952,30,143,140,2
38,"male","6224",2179,51,368,56,4
62,"female","3531",1983,39,255,99,4
44,"female","4817",1710,182,100,69,2
35,"female","3514",2412,99,192,145,3
38,"male","5045",2261,220,279,60,7
73,"male","5646",2365,220,299,20,7
55,"male","5632",2305,63,292,76,2
39,"male","4825",2353,175,288,42,1
31,"male","9731",1945,136,257,20,4
62,"other","3531",2279,92,409,60,5
23,"male","1825",1998,30,356,43,2
50,"male","1046",2013,55,317,74,0
67,"female","3024",1908,30,458,23,2
19,"male","3024",2174,216,346,26,1
88,"female","5646",1793,40,286,36,8
62,"female","1031",1865,104,299,20,3
19,"male","3026",2168,50,392,20,0
71,"female","5616",1914,96,257,71,4
59,"female","9721",1645,51,245,68,2
84,"male","3542",2498,105,227,141,3
77,"female","3531",2196,137,283,34,4
89,"female","4817",1444,48,237,21,2
69,"male","4816",2294,94,398,28,4
35,"female","5646",1770,117,275,35,2
41,"female","6211",2283,39,428,72,3
43,"male","1036",2173,35,316,81,3
47,"male","5622",2423,39,522,20,2
58,"male","1033",2390,85,287,95,0
61,"female","2517",2144,113,413,20,10
58,"male","9711",2268,116,339,35,2
41,"other","5621",2216,51,322,92,4
71,"female","4822",1716,118,197,43,3
83,"male","5612",2190,180,325,20,3
64,"male","6514",1534,148,121,58,2
38,"male","5646",2653,213,330,36,4
19,"female","5014",2712,165,572,20,7
23,"male","9711",2200,135,327,37,2
49,"male","1028",2177,77,316,97,4
61,"female","5014",1839,220,179,20,9
64,"female","5646",2053,220,305,20,5
83,"female","9731",1200,121,213,28,3
32,"female","1823",1946,220,275,20,7
59,"male","9731",1783,54,320,41,4
68,"male","5025",1704,61,296,24,0
64,"other","5646",2204,133,337,50,7
37,"female","1031",2028,64,296,51,4
58,"male","4822",1643,84,196,59,2
81,"male","5646",2283,220,299,24,5
45,"female","6211",2237,220,148,21,4
61,"female","8921",1908,136,172,86,3
48,"male","6221",2748,116,572,20,6
54,"male","6224",2413,220,286,20,1
78,"male","9712",2221,60,320,86,5
53,"male","5634",2403,213,247,94,6
64,"female","9711",2073,220,131,84,3
70,"female","1825",1743,49,343,21,4
71,"female","1028",2124,37,319,93,5
87,"male","9728",2407,122,352,70,3
56,"female","3514",2216,155,192,68,3
81,"other","3511",2154,158,231,99,4
47,"male","5622",2718,125,366,20,5
30,"male","8912",1828,209,163,56,2
61,"female","9721",1991,75,298,31,2
45,"female","6535",1601,139,290,33,5
69,"female","1033",1799,94,388,20,3
40,"male","8912",2413,154,375,44,3
46,"female","5634",2084,146,321,20,2
55,"male","6535",1679,52,304,36,6
50,"female","6514",1981,220,149,20,3
27,"other","3548",2299,151,389,25,2
86,"female","5621",1809,34,209,58,3
18,"male","2517",2405,87,397,75,1
27,"male","5014",2364,220,286,20,9
65,"female","8927",2684,184,301,31,5
87,"male","1033",2225,220,211,25,6
56,"female","6221",2312,135,215,75,2
70,"female","4822",1525,65,83,76,2
72,"male","1028",1761,76,186,109,3
60,"female","3542",1637,30,328,42,3
69,"female","9728",2105,30,299,95,0
32,"male","6514",2297,114,346,52,3
77,"male","9735",2292,59,288,110,3
76,"male","2014",2023,35,317,66,5
27,"female","9711",1948,220,131,62,4
75,"female","6224",1640,90,168,47,2
57,"male","5025",1934,30,413,20,7
34,"female","1035",2311,220,188,42,3
60,"other","9712",2146,116,233,82,4
65,"female","9731",1357,121,228,20,2
70,"male","4825",2395,220,232,36,0
39,"female","4825",2324,220,311,26,2
76,"male","6224",1903,220,178,20,4
18,"female","8921",2397,88,268,74,4
87,"male","5646",2159,220,279,51,5
65,"female","8927",2684,184,375,33,2
63,"female","1036",2204,184,178,66,3
77,"female","3514",1480,40,287,42,4
88,"male","3026",2123,30,323,70,9
86,"male","5012",2201,30,462,20,6
59,"male","9728",2451,141,437,20,4
27,"other","2517",2147,108,457,20,5
71,"female","9712",1936,105,275,46,3
78,"male","5622",2667,150,426,44,6
33,"female","6224",2037,30,224,88,6
81,"male","5621",1602,61,190,28,2
71,"female","9712",2235,30,291,93,1
85,"female","2517",1681,30,215,62,7
85,"female","5012",2297,99,375,35,7
85,"female","1036",1854,114,202,59,5
47,"male","5012",2256,77,328,56,1
55,"male","2545",2184,65,288,98,2
77,"female","9721",1951,131,212,62,1
51,"male","3511",2384,64,186,116,7
29,"female","5632",2429,190,343,51,1
40,"male","2545",2653,174,439,59,3
59,"male","5646",2257,90,427,20,5
70,"female","1825",1827,192,204,28,6
78,"male","9721",2226,147,80,105,5
64,"male","3515",2080,177,255,47,1
36,"male","3035",2611,87,375,68,2
35,"female","1023",2263,220,253,21,3
40,"female","3515",2180,116,378,28,3
39,"male","3024",2653,199,438,20,2
58,"male","6535",1822,78,245,36,2
44,"other","4822",2003,55,344,20,3
81,"male","6535",1985,203,293,20,3
84,"female","8912",1696,67,237,84,5
79,"male","5616",1915,41,231,98,2
29,"female","2545",1937,71,299,31,4
39,"male","5022",2497,220,302,33,8
68,"male","8912",2268,92,375,20,3
89,"other","4825",1626,40,290,61,2
22,"female","3023",2270,133,234,95,2
86,"female","2014",1416,77,97,126,7
72,"female","1028",1504,30,270,52,5
88,"female","2517",1723,74,315,25,2
26,"other","3026",2298,76,457,20,4
38,"male","3511",2271,60,331,84,0
49,"male","5622",2126,102,323,67,3
80,"male","1028",2330,161,251,111,4
30,"male","1823",1892,146,313,20,3
81,"male","3514",2056,90,322,66,6
28,"female","6221",2309,77,365,82,4
53,"female","9731",1643,57,168,55,3
42,"female","9735",1985,185,180,47,2
54,"male","2517",2512,135,342,27,6
35,"female","1023",2263,112,460,20,9
21,"male","3026",1945,64,330,23,4
24,"male","3023",2719,220,212,54,1
41,"other","6211",2385,41,382,56,5
36,"male","1023",2341,138,375,24,1
59,"female","1031",1865,30,296,62,0
20,"male","1825",1993,152,268,34,3
32,"female","1035",2412,123,385,60,3
56,"female","3548",1733,47,321,26,6
39,"male","4825",2508,220,207,49,2
55,"female","8927",2008,81,301,31,5
20,"male","5621",1808,61,286,28,3
69,"female","6216",1643,30,244,94,1
44,"female","4817",1995,55,295,51,2
75,"male","6514",1752,113,178,55,6
70,"female","5022",1873,190,216,20,3
82,"male","1028",1691,76,94,116,3
79,"female","6535",1650,64,254,69,3
67,"female","5622",2069,220,236,23,5
78,"female","9721",1634,68,122,78,5
47,"female","2517",2451,41,490,20,9
76,"female","3023",1776,124,223,39,3
64,"female","5025",1660,53,321,27,1
54,"female","6211",1583,30,240,47,3
57,"male","2517",2063,142,335,20,10
69,"male","8912",2491,220,138,73,1
80,"female","3515",1200,103,290,34,4
33,"male","3542",2428,149,376,34,1
19,"male","9721",2630,220,154,103,3
76,"male","4811",2292,210,257,38,1
49,"male","3534",2369,220,206,28,4
26,"male","9721",2404,148,80,150,1
59,"male","3515",1976,184,334,20,2
21,"male","5646",2337,220,212,55,2
60,"male","8921",2085,198,265,44,2
27,"male","9711",2512,218,118,83,5
82,"female","1825",1800,84,237,57,3
37,"male","9735",2143,220,126,69,0
54,"female","8912",2106,204,381,20,5
31,"female","3548",2037,160,221,23,3
29,"female","1035",2436,153,370,80,0
50,"female","1813",1958,131,352,20,5
69,"female","3515",1865,41,207,108,4
51,"female","1823",1884,83,378,20,6
62,"male","1823",1817,146,220,20,7
88,"female","1028",1819,37,182,103,8
81,"other","2545",1906,131,337,33,4
81,"male","1035",2271,158,281,38,4
82,"male","4811",2118,137,297,75,2
82,"female","8927",2335,118,341,70,7
55,"male","2545",2184,113,342,78,7
76,"male","6224",2113,149,291,40,5
48,"female","1028",1877,34,401,40,7
21,"male","2014",2479,151,410,27,5
52,"female","3023",1804,80,321,23,1
74,"female","5014",1921,118,326,20,8
29,"male","1028",1411,51,245,43,1
29,"female","1825",2414,74,448,20,5
72,"male","9712",1993,220,190,38,0
50,"male","5634",1847,30,354,36,4
87,"other","6221",1660,89,281,22,5
61,"female","5022",2229,84,481,20,5
19,"male","3026",2461,137,447,45,7
75,"female","3515",1939,41,307,57,7
21,"female","5033",2459,151,354,71,3
50,"male","4811",2004,92,262,123,0
65,"female","1825",1811,192,261,31,3
64,"female","1035",2133,211,264,61,6
57,"female","5632",2037,85,346,48,1
55,"female","1028",1733,77,291,28,1
19,"male","5012",1998,110,333,26,4
68,"female","3035",2069,87,404,20,7
63,"male","9712",2415,141,228,84,1
81,"male","3035",2130,88,311,58,4
48,"female","2014",2192,67,341,43,3
54,"male","3035",2228,100,374,60,7
46,"female","5634",2207,73,409,24,2
59,"male","5033",2546,58,372,88,3
87,"male","6211",2053,130,200,72,4
71,"other","3511",2072,64,358,53,5
86,"female","3511",1928,30,434,44,5
59,"male","5644",2086,128,209,80,2
80,"male","9721",2226,30,476,40,3
36,"male","3041",2297,220,169,57,7
59,"male","1031",1971,132,302,28,2
83,"male","6224",2201,73,319,78,3
42,"female","5033",2153,56,303,92,3
55,"female","9731",1440,38,240,28,3
38,"female","5045",2467,220,194,62,7
59,"male","3542",2178,31,406,43,0
82,"female","5014",1928,30,402,20,4
86,"female","5621",1800,96,206,51,2
73,"female","4811",2662,102,420,50,6
77,"male","1028",1962,120,212,83,0
65,"male","3515",2232,97,449,20,3
41,"male","3515",2480,150,429,34,4
52,"female","3531",1807,94,183,58,3
72,"male","3534",1723,43,191,93,4
75,"male","6514",1777,80,352,20,6
63,"female","2014",2151,220,150,49,4
81,"male","5646",2213,30,363,54,4
74,"female","1046",1774,80,179,103,5
61,"female","3024",2025,82,265,71,3
55,"female","3026",1526,148,169,67,7
62,"male","1823",1815,122,375,20,5
21,"male","5033",2176,57,315,96,4
88,"male","3023",2139,76,251,103,2
24,"male","5022",2219,126,359,25,4
85,"female","1028",1408,72,147,53,1
30,"male","4811",2486,84,519,34,7
39,"male","3542",1915,120,263,49,2
26,"female","5622",2365,30,480,55,2
55,"male","1036",2522,220,286,61,4
76,"female","6216",1644,128,204,29,4
31,"male","4811",2243,88,390,29,7
71,"female","5022",1632,164,217,20,3
87,"male","5616",2352,119,334,65,3
29,"female","8921",2889,88,385,119,3
43,"female","5644",1940,88,242,84,1
48,"female","5025",1473,57,363,22,3
52,"female","3511",2281,30,227,98,7
57,"male","1033",2435,57,506,47,4
83,"male","1813",1882,44,302,42,9
42,"male","5616",2174,90,215,89,4
76,"male","3035",2187,143,281,46,4
36,"female","1023",2174,220,237,32,2
45,"female","6535",1642,48,302,20,3
61,"female","3024",2214,130,317,38,2
60,"male","3548",2086,86,359,28,7
56,"female","4817",2340,82,426,25,4
80,"female","8921",2229,51,344,52,2
19,"male","5644",1905,74,176,146,2
70,"male","6221",1723,30,350,43,4
36,"male","5634",2678,220,195,42,4
82,"female","3511",1921,70,304,23,2
63,"male","5622",2090,212,308,21,2
65,"male","1825",2165,63,392,47,5
87,"female","5634",2176,69,370,76,4
42,"female","5612",2153,38,485,29,3
32,"male","6216",2208,57,256,107,3
28,"female","3531",2416,127,183,103,4
54,"male","4817",2221,51,323,84,1
69,"male","9728",2568,137,491,28,6
22,"female","4817",2439,30,230,180,1
59,"female","1031",1823,30,383,47,0
73,"male","5045",2010,78,391,20,5
64,"female","8921",1844,158,215,52,3
32,"male","5612",2398,165,160,109,1
47,"male","5622",2553,39,398,91,4
59,"male","3023",2306,30,462,44,2
29,"female","1825",1974,106,255,66,5
33,"female","9721",2147,35,327,96,4
41,"male","8927",2423,135,393,48,3
65,"other","1823",1831,77,418,20,6
28,"female","5634",1903,101,320,28,0
79,"female","1028",1642,77,203,62,1
88,"female","5045",2368,85,429,37,4
79,"female","1036",2296,140,357,20,4
26,"male","1036",2374,55,154,180,1
60,"female","3511",2057,172,279,34,3
27,"female","1028",1879,175,176,69,2
35,"female","3515",2052,197,275,20,7
54,"male","5045",2239,220,291,27,5
53,"female","8927",2008,44,346,48,6
75,"male","5616",2511,219,301,20,4
35,"male","3516",2065,48,227,98,5
22,"male","3511",2601,90,439,85,1
18,"female","1028",2183,80,239,85,2
31,"male","4811",2552,220,253,39,2
47,"male","5622",2457,192,348,42,2
79,"female","8921",2229,52,214,121,2
29,"male","1028",1968,72,242,89,3
30,"male","5022",2387,220,268,49,7
40,"other","5646",2223,173,416,20,2
51,"male","1031",2095,88,486,20,2
33,"female","4811",2242,182,216,76,4
22,"male","6514",2571,53,484,48,1
56,"male","3534",2296,207,270,34,5
76,"male","4811",1952,30,330,23,4
80,"male","8921",2368,220,242,93,4
71,"female","5022",1632,155,214,20,3
67,"female","3024",1908,165,172,34,6
59,"female","9721",2023,35,332,44,4
55,"male","8912",2063,220,275,20,4
59,"male","2517",2234,220,263,20,4
46,"male","6535",1745,183,248,20,4
46,"female","5632",2153,62,297,81,5
36,"female","1023",2052,72,416,20,0
71,"female","2014",2495,54,474,29,2
49,"male","4822",1947,30,136,121,4
80,"female","3514",1485,30,356,22,6
23,"other","3041",1713,105,218,51,3
53,"female","3542",2177,69,464,20,3
30,"female","3024",2211,151,316,20,4
37,"male","5033",2400,82,356,93,5
58,"male","9711",1833,220,116,68,6
28,"male","5632",2514,220,221,62,3
50,"other","4822",1997,88,176,93,0
23,"female","1036",2028,77,353,43,3
33,"female","8912",2627,206,330,49,4
51,"female","3024",2019,30,402,24,5
34,"male","8921",2459,45,352,93,3
42,"male","5616",2402,30,438,45,4
62,"male","1035",2413,118,319,63,3
21,"female","8927",2889,111,410,60,2
27,"male","3548",1889,46,387,20,4
18,"male","5045",2387,165,369,60,4
75,"female","1028",1508,62,155,53,2
42,"female","2545",1995,132,317,24,5
55,"female","9731",1598,69,183,20,3
35,"male","5022",2459,168,329,39,10
80,"female","3515",1889,85,322,20,6
72,"other","3531",1978,39,383,20,3
89,"female","5022",2087,82,414,20,10
85,"female","2517",1416,113,213,46,5
86,"female","5634",1891,79,324,24,2
26,"female","3511",1770,61,250,63,3
42,"female","5033",1935,88,229,84,1
89,"male","4817",1833,50,237,74,3
29,"other","3542",1866,97,279,42,2
54,"male","5045",2343,92,466,28,6
53,"female","3026",1440,38,154,62,9
39,"male","2014",1957,53,351,25,4
32,"male","4825",2704,89,410,20,2
61,"male","3534",2315,92,370,67,1
18,"other","3534",1852,59,311,45,6
18,"male","5045",2263,111,392,32,5
89,"male","6216",1932,60,214,97,1
39,"male","3511",1942,210,142,67,3
32,"female","1033",1858,175,236,23,1
79,"female","8921",2097,88,304,70,4
42,"male","6224",2293,30,411,45,2
18,"male","4825",1756,30,359,25,1
85,"male","6221",2526,204,388,33,5
81,"female","3041",2181,69,258,125,1
66,"male","2545",2162,137,278,71,3
51,"male","3514",2451,164,239,62,1
56,"male","8921",2796,98,385,131,2
38,"male","6224",1994,160,251,52,2
25,"male","4816",2152,220,237,25,6
62,"female","3531",2073,72,184,90,4
63,"male","3026",1756,113,241,60,4
87,"female","3534",1836,79,106,116,6
53,"female","1035",2208,220,154,60,3
58,"female","6535",1379,58,273,20,6
71,"female","2517",2001,146,335,20,5
77,"male","1028",1903,150,236,62,3
54,"male","9731",1964,220,151,20,5
79,"male","5616",2484,219,290,20,3
27,"male","1813",1927,138,194,64,2
87,"male","1046",1591,149,169,31,4
29,"female","5022",2071,108,196,101,4
75,"female","9731",1392,51,256,26,10
71,"male","3516",1984,84,188,112,2
23,"male","3511",2315,90,237,116,0
22,"male","4817",2720,220,195,66,4
38,"male","9712",2072,51,186,177,2
25,"other","5632",2429,220,80,134,7
85,"female","3026",1524,132,174,39,6
63,"male","1825",1952,74,280,66,3
27,"male","9712",2330,75,379,41,2
56,"female","1036",2106,76,225,111,4
38,"female","3516",1629,185,105,45,2
72,"male","1036",2386,55,431,20,3
51,"female","2545",1957,66,349,68,5
82,"male","4825",2667,150,470,35,6
88,"male","4817",1591,65,258,46,3
74,"female","1825",1939,39,252,87,1
39,"female","4825",2112,220,213,20,2
33,"female","6224",2084,64,376,34,3
42,"male","3023",2344,69,439,37,1
27,"male","9712",2315,208,245,93,2
57,"female","5632",1645,98,274,20,3
22,"female","3023",1894,161,94,106,3
64,"female","3515",1947,41,231,108,5
20,"male","1023",1927,46,369,33,3
58,"male","4822",2132,30,334,86,1
21,"male","1035",2390,38,314,100,3
87,"male","2014",1810,52,182,77,7
81,"male","3515",1953,56,282,66,9
64,"female","5025",1417,43,297,20,4
54,"male","3035",2020,41,412,23,5
62,"male","5025",2094,180,333,20,3
56,"male","1046",2453,71,392,54,3
55,"male","9728",2796,220,332,20,3
49,"male","5622",2748,157,347,42,1
28,"female","9735",2030,201,94,61,3
84,"female","4822",1408,41,96,85,2
24,"female","1031",2180,127,207,92,2
40,"other","6211",2385,30,255,149,8
60,"male","3548",2119,176,249,35,10
28,"male","5045",2185,216,268,61,4
19,"female","5014",2712,87,571,75,2
64,"female","3035",2232,132,409,20,4
57,"female","4822",2020,86,173,105,1
80,"female","5621",2223,56,310,81,9
70,"male","3026",1945,141,262,20,6
84,"female","5632",2249,86,402,20,3
51,"female","3516",1965,174,272,45,3
43,"male","3534",2494,36,371,102,3
62,"male","1035",2413,118,358,43,3
25,"male","5622",2572,68,485,20,5
44,"female","1823",1791,30,441,20,3
88,"male","3023",1953,30,376,93,8
79,"male","6211",2199,162,318,20,5
57,"male","5612",2687,148,571,20,4
32,"female","5622",2428,113,393,20,7
69,"female","1825",1412,64,243,33,4
28,"female","9735",2167,57,296,85,2
80,"female","5646",1734,119,251,48,4
84,"male","9712",1986,203,170,66,3
53,"male","1813",2217,100,381,28,6
31,"female","5025",2043,110,348,20,2
65,"male","9731",2094,81,167,91,1
89,"male","3515",1932,58,223,114,5
79,"male","5033",2381,68,219,116,2
27,"female","1028",2026,175,272,34,4
25,"male","1028",1934,30,401,40,4
28,"male","3515",1860,30,428,20,7
70,"male","1823",1815,96,326,20,4
85,"female","6211",1868,32,419,24,6
36,"female","6535",1634,74,247,24,1
47,"male","3035",2226,173,385,20,5
35,"female","3542",1809,115,178,95,2
82,"male","6224",1603,78,228,38,4
43,"male","6211",2216,35,382,67,3
85,"female","4817",1752,96,213,51,3
49,"male","4822",2177,72,392,26,2
30,"female","3515",1911,35,318,28,2
41,"male","5012",2566,60,469,29,1
58,"male","1033",2435,71,426,77,1
40,"female","5644",1392,76,263,39,4
50,"female","3542",1928,136,300,20,2
35,"male","3024",2220,30,331,84,3
85,"female","1033",1696,34,284,49,1
36,"male","6224",2080,87,392,39,1
71,"male","4817",2223,69,358,41,3
53,"female","5033",2137,63,329,93,1
68,"male","9728",2023,80,262,57,6
64,"female","1035",2073,92,346,20,4
68,"male","1813",2094,112,259,49,3
43,"male","2014",2062,154,244,41,2
53,"female","1036",1807,30,180,108,4
63,"female","3024",2280,32,264,101,1
59,"male","2517",2370,147,366,33,5
73,"female","3035",2548,220,323,20,4
56,"male","6535",1695,189,261,20,7
62,"male","1823",1815,174,282,20,4
67,"male","9721",2094,202,178,72,2
33,"female","5632",1922,53,310,59,2
77,"female","1036",1344,220,158,36,6
18,"female","3511",2712,90,439,54,0
19,"male","1813",2496,220,172,69,1
40,"male","8912",2153,69,347,43,2
84,"male","3534",2207,94,282,53,3
22,"male","9712",2601,102,439,20,3
21,"male","3041",2517,53,365,115,3
18,"female","1028",2382,212,272,30,2
86,"male","1825",2421,122,301,61,3
18,"female","9711",2233,160,281,62,1
71,"female","2545",2204,122,273,64,7
46,"female","5632",2421,120,408,39,3
89,"male","4825",2229,36,443,29,4
58,"male","6535",1983,220,212,20,0
83,"male","5045",2350,92,458,20,2
19,"male","3023",2665,66,214,151,1
87,"female","5632",1872,52,229,100,6
82,"male","9712",2221,113,147,109,5
72,"male","5621",2039,57,317,93,2
80,"male","9721",2050,30,156,121,3
50,"male","1825",1857,192,219,32,6
73,"male","5612",2646,206,358,42,5
20,"male","5045",2185,216,233,48,3
57,"male","5612",2342,220,275,73,6
66,"male","9735",2272,57,195,145,2
26,"female","1028",2190,85,239,85,1
75,"female","4817",1949,30,380,56,3
53,"female","1036",2301,207,214,63,6
61,"male","4816",1936,30,373,20,0
20,"male","3024",2398,220,288,22,3
84,"female","5634",1557,74,199,53,5
39,"female","5621",1474,89,225,33,3
49,"female","5644",1932,220,208,43,5
24,"male","5022",2369,220,270,20,6
48,"female","1028",1759,71,199,59,3
46,"female","4822",2101,62,343,30,4
30,"male","5634",2368,212,272,73,4
55,"male","1028",2114,107,241,75,2
43,"female","2014",2071,168,170,55,5
50,"other","5616",2011,82,270,47,5
33,"male","9731",2304,152,344,20,0
51,"female","5632",1807,30,295,44,0
29,"female","2545",2352,30,352,43,4
53,"male","5634",2413,212,367,32,5
27,"female","9711",2199,119,351,26,4
18,"male","1028",1894,80,180,102,5
84,"female","9712",1890,48,302,55,4
59,"male","5646",2390,136,402,20,7
56,"male","3035",2454,220,263,39,3
30,"male","5022",1910,220,200,21,6
21,"male","2014",2398,220,259,93,2
60,"female","5632",2299,30,320,107,10
89,"other","4811",1868,56,370,28,2
35,"female","5612",2230,100,357,39,4
47,"female","4825",2082,220,217,23,2
77,"male","1028",1810,80,146,109,0
19,"other","4822",1695,192,127,69,2
41,"female","5025",1654,179,243,20,3
63,"female","1046",1479,97,190,34,4
18,"male","3026",2239,128,398,20,5
50,"male","3542",2159,216,272,20,3
84,"male","2545",2628,54,372,131,5
66,"male","3026",1995,220,236,20,2
82,"female","3515",1800,194,179,27,6
72,"female","6224",1626,30,332,42,5
67,"female","9728",1878,136,290,33,3
78,"male","8921",2368,220,263,51,2
70,"female","5014",1750,181,237,20,3
56,"male","1046",2437,220,266,25,1
35,"female","5612",2452,73,444,29,5
89,"female","4817",1760,96,262,45,2
39,"male","8912",2182,68,347,43,0
51,"male","4817",2620,220,275,25,4
56,"female","4825",2371,220,282,30,1
38,"male","5646",2427,63,503,23,2
72,"male","4825",2154,79,370,29,3
49,"male","4822",1896,65,275,82,1
40,"male","3023",2259,33,347,58,4
72,"female","9721",1677,43,191,110,1
87,"male","1033",2313,134,283,70,7
60,"female","9731",1623,57,291,22,4
86,"male","9735",2089,57,310,86,5
62,"female","1031",2300,30,306,81,2
68,"female","3531",2069,94,218,123,3
30,"female","5634",2106,199,299,20,3
48,"male","1046",2097,56,256,93,1
64,"male","6211",2195,105,338,43,6
56,"female","1023",2417,130,392,39,4
72,"male","9721",1946,78,237,89,1
33,"other","5634",2678,160,372,37,3
19,"female","9721",1959,53,227,84,4
64,"female","8921",2015,158,272,32,5
30,"female","5646",2543,206,330,42,3
50,"female","4822",1621,53,250,63,2
79,"female","6216",1644,31,290,62,4
55,"female","3026",1357,75,157,48,3
28,"female","5033",2433,144,354,71,4
49,"male","3041",2218,117,431,20,5
88,"female","1825",1949,110,231,82,5
54,"male","3035",1898,70,413,20,6
68,"female","5621",1716,77,219,57,3
62,"female","1031",2146,202,116,78,1
27,"male","3516",1892,38,262,86,2
29,"male","1028",1934,30,383,76,1
29,"female","5644",1907,129,260,20,2
26,"female","3511",1257,56,250,31,0
49,"male","3534",2441,120,215,116,4
25,"female","3035",2544,207,343,44,5
62,"female","3542",1597,166,209,20,4
20,"female","4811",1616,75,132,78,4
57,"male","3026",1783,55,321,41,0
41,"male","5033",2080,85,269,78,1
21,"male","9711",2286,117,339,43,1
31,"female","5612",2168,143,221,62,5
42,"male","8912",2656,116,331,98,5
86,"female","3514",1786,194,80,53,6
39,"female","5022",2325,193,321,30,4
52,"female","5012",1960,56,272,82,0
69,"male","3023",1888,70,320,37,1
69,"male","1031",1952,78,298,20,7
42,"female","1028",1759,52,236,52,4
35,"female","3041",2082,201,234,52,1
88,"female","5045",1708,30,296,44,7
72,"female","3024",1515,178,185,39,1
80,"male","4817",2050,30,248,92,3
62,"male","1823",1815,122,306,20,4
26,"male","5014",2571,220,279,20,9
71,"other","9712",1936,74,104,112,2
72,"male","3511",1769,80,197,46,5
38,"male","2014",2486,96,398,47,5
62,"female","2014",2406,106,370,60,3
84,"male","9731",2028,64,308,84,2
88,"female","5621",1983,204,118,61,3
79,"female","3511",1886,97,232,82,5
60,"male","5014",1964,30,387,20,5
73,"male","5612",2415,45,401,29,2
62,"female","6224",1991,86,392,20,6
54,"female","3514",2027,53,321,68,2
89,"male","3515",2084,102,346,20,1
57,"female","4822",1379,102,205,20,4
40,"male","3515",2351,220,194,20,4
73,"female","6216",1682,76,316,20,4
38,"male","1023",2070,83,397,20,6
56,"male","3534",2448,48,239,158,1
26,"female","3542",1816,97,218,57,2
79,"male","5033",2290,108,251,79,2
74,"female","5634",1889,47,264,95,1
38,"male","5646",2400,220,334,32,4
19,"female","5634",2055,106,392,20,0
58,"male","3514",2626,175,330,20,0
35,"female","5612",2452,73,458,20,5
68,"male","1023",2133,82,438,20,5
54,"male","4816",2020,81,310,31,3
66,"male","1825",2277,142,231,83,0
37,"female","6211",2622,30,533,73,2
34,"female","1035",2311,162,384,25,3
49,"female","5622",2133,119,365,20,5
51,"male","3516",1949,174,219,52,4
27,"male","5022",1910,220,192,20,9
18,"female","5033",1827,30,182,93,3
49,"male","5632",2574,220,277,20,2
59,"female","1031",1896,72,146,109,2
59,"male","5622",2687,220,367,34,5
46,"female","6224",1501,90,282,20,3
25,"male","3023",2625,72,109,142,0
85,"male","6221",2296,204,321,20,2
29,"female","1035",2436,129,257,153,2
66,"male","3035",2070,118,326,59,5
35,"male","1813",2211,68,263,79,2
87,"female","5012",2137,176,187,52,3
88,"male","3023",1977,73,269,50,8
30,"male","8912",1925,196,214,20,3
26,"male","1825",1998,96,260,58,3
74,"other","5616",2092,79,429,24,3
35,"male","1825",2129,177,231,31,4
27,"male","5014",2489,220,281,20,3
43,"female","5621",1598,35,257,20,2
86,"male","6216",1605,128,206,43,6
79,"female","6514",1392,51,202,35,3
38,"female","3516",1774,185,90,54,2
84,"female","6224",1797,94,322,30,3
31,"female","3542",2149,88,247,113,0
72,"male","5621",2039,30,410,24,4
64,"female","6211",2280,128,322,49,8
57,"male","5033",2522,220,263,61,3
31,"female","4816",2372,199,253,61,4
79,"male","5644",2551,90,454,74,3
37,"female","5022",2447,220,381,20,3
62,"female","3542",1597,166,241,20,4
27,"female","6514",2191,44,452,23,4
71,"female","1031",2099,149,261,59,4
18,"male","9735",2619,103,109,144,4
20,"male","1023",2301,220,263,20,7
89,"male","6216",2051,60,380,58,2
36,"female","1031",2028,30,261,80,2
41,"male","5634",2116,88,288,51,4
89,"male","1028",1644,80,206,36,5
85,"female","6216",1756,117,253,48,6
87,"male","2014",1591,110,97,95,4
69,"male","1823",2277,210,233,20,4
66,"male","9711",2098,52,421,26,1
25,"other","3548",2252,160,281,20,4
84,"male","5014",2350,220,356,20,3
29,"female","1023",2167,83,434,20,6
22,"female","3542",2042,71,345,29,3
51,"male","1823",1819,61,348,41,7
62,"male","3511",1957,30,248,79,5
36,"male","3041",1998,162,268,39,3
88,"female","5621",1606,34,257,20,6
28,"male","1046",2286,79,363,78,3
27,"male","6224",2057,51,392,20,0
33,"female","6224",1825,59,418,20,1
27,"female","1035",2235,107,325,73,7
61,"male","5634",2201,159,232,62,3
62,"female","9711",2279,129,273,62,3
29,"female","9728",2040,50,267,89,5
52,"male","5014",2346,183,363,20,4
35,"male","5616",2508,168,333,44,4
69,"female","5012",1865,56,262,78,4
51,"male","3516",1858,188,150,28,1
50,"other","8912",2005,116,182,78,2
81,"male","6535",1657,183,185,20,2
52,"male","5014",2390,113,376,33,6
53,"male","1825",2208,114,252,91,2
32,"male","5612",2608,165,420,39,2
80,"female","5621",2009,47,287,95,3
41,"male","1813",2259,38,490,20,8
37,"male","9735",2152,185,116,28,2
65,"female","3516",2125,34,291,93,3
40,"female","3026",1952,70,337,20,4
64,"female","4822",1812,220,195,38,4
37,"male","5045",2353,217,194,85,5
21,"male","3026",1829,131,358,20,4
70,"male","5045",2205,133,378,27,5
76,"female","5621",2116,30,476,23,6
18,"male","4825",2512,156,402,20,3
31,"male","9731",2366,220,263,43,3
70,"female","4822",1612,93,200,70,2
58,"male","5012",2411,60,289,127,1
72,"female","3515",1663,30,340,20,7
34,"female","8912",2105,212,381,20,2
61,"male","3035",2201,140,370,20,2
66,"female","6216",1788,139,222,37,0
62,"male","1823",2233,220,310,30,5
31,"male","9712",2800,107,251,151,3
74,"male","1036",2043,80,260,97,3
26,"female","5646",2230,208,203,29,6
72,"male","2014",2023,107,378,20,3
87,"female","1036",1801,72,219,36,6
53,"male","4825",2386,104,410,39,2
18,"male","4817",2366,98,339,68,1
73,"female","5022",1850,96,356,20,8
42,"male","6224",2003,156,321,36,1
41,"male","5622",2433,192,427,20,2
84,"male","5014",2199,69,314,84,1
61,"female","5632",1920,53,349,22,1
80,"male","4811",2110,220,216,38,2
39,"female","5616",2055,82,439,32,5
19,"male","1813",2237,92,392,28,5
81,"male","5621",1893,220,214,20,2
82,"male","4811",2089,220,237,32,1
86,"male","1036",2247,168,303,62,4
50,"male","3515",2108,102,427,20,4
57,"female","2517",2341,39,508,20,8
83,"female","9735",1859,58,153,146,4
28,"female","3514",2330,139,239,62,3
56,"female","4817",2192,220,242,22,3
28,"male","5634",1897,97,324,20,3
70,"female","3534",2155,131,236,90,3
57,"male","5014",2390,53,403,28,3
58,"male","1033",2121,90,161,121,4
56,"female","4811",2311,185,280,51,4
79,"male","1031",2252,63,207,128,1
50,"female","4822",1886,44,165,115,4
38,"male","1023",2143,141,258,66,2
72,"male","5612",2053,30,454,20,4
42,"female","5014",2049,220,295,20,3
28,"female","5025",1981,164,288,20,2
25,"male","3035",2523,63,406,81,3
86,"male","6211",2221,32,333,80,6
30,"male","8912",1925,130,233,46,1
72,"male","6221",2165,197,263,60,6
30,"male","1036",2388,220,299,49,4
79,"female","1036",1948,30,407,20,2
35,"female","3041",1799,93,268,25,3
47,"male","2014",2251,92,318,80,4
85,"female","1023",2032,61,351,43,5
81,"male","6514",1537,146,102,67,4
21,"female","8927",2150,31,372,64,3
84,"male","3542",1953,30,303,47,3
48,"male","5632",2343,183,177,93,3
28,"male","3515",1860,57,220,88,3
62,"female","9712",1743,167,147,76,2
58,"female","1046",2139,30,418,20,1
50,"female","1031",1935,164,256,45,2
38,"female","8921",2351,135,183,115,4
64,"female","5646",1844,220,110,44,5
28,"female","5025",1902,65,359,38,4
44,"other","8912",2180,47,323,99,1
60,"female","3515",2063,195,255,49,2
50,"female","1031",2367,56,172,172,4
35,"male","6211",3045,174,372,20,3
18,"female","9711",2058,30,427,20,1
19,"female","5634",1956,55,182,99,3
76,"female","1825",1710,111,219,54,0
41,"male","3035",2611,213,367,20,3
25,"other","2517",2147,96,443,20,6
71,"female","2517",1505,30,250,24,7
89,"male","9735",2592,177,353,45,2
46,"male","2014",2149,30,320,66,8
48,"male","1035",2497,38,441,62,1
39,"female","4825",2112,220,237,20,6
49,"male","5632",2415,53,329,80,2
22,"male","9712",2227,168,213,84,2
79,"female","6211",1480,30,210,74,6
54,"male","5045",2618,217,181,121,4
30,"male","3514",2769,220,195,49,1
40,"female","5632",2324,185,280,49,1
63,"male","1825",1837,146,172,36,6
89,"other","1028",1718,80,186,108,5
29,"male","8912",2045,108,302,64,1
56,"male","3534",2270,136,192,112,5
52,"female","3531",2053,105,251,101,8
68,"female","8912",1640,59,228,59,5
69,"male","1031",2277,116,305,33,7
71,"female","2545",2203,108,233,79,3
76,"female","9711",2201,121,207,93,5
88,"male","3041",2268,119,304,44,4
56,"female","8921",1991,30,152,120,1
24,"female","1023",2302,220,264,25,5
28,"male","3023",2719,220,259,61,0
83,"female","6535",1310,45,140,48,10
55,"male","3026",2053,99,408,20,7
80,"male","2545",2646,220,275,31,4
21,"male","5033",2176,72,352,20,1
51,"male","8927",2555,212,301,31,6
42,"male","3542",2498,120,380,51,2
84,"female","4825",2096,171,341,27,5
51,"male","5621",1912,43,309,54,0
71,"female","4822",1738,30,191,93,1
34,"male","5025",1858,220,246,20,6
23,"female","1036",2431,127,349,70,3
48,"female","1035",2333,82,282,91,6
44,"female","3026",1914,94,354,20,3
27,"male","9712",1931,58,263,82,3
53,"male","5634",2307,212,244,48,6
48,"female","1028",1501,147,80,59,2
31,"male","5012",1844,66,263,85,1
48,"female","6221",2451,58,558,28,2
38,"female","3511",1755,37,245,68,3
82,"male","4811",2110,140,332,20,2
58,"male","1813",2217,86,293,29,1
23,"male","5622",2550,220,286,23,5
71,"male","4811",2165,107,395,42,5
29,"female","1825",2102,30,357,46,2
26,"female","1823",1943,220,294,20,5
58,"male","6535",1983,220,190,20,1
18,"female","1813",2070,220,236,20,3
62,"female","3542",2112,30,410,20,4
21,"male","6535",1867,193,219,20,1
49,"male","3024",1852,106,267,48,2
19,"male","5045",2512,167,396,27,2
35,"female","5616",2258,220,264,20,1
30,"male","5022",2387,220,281,20,8
75,"other","5012",1903,30,88,149,0
86,"male","8927",1992,146,307,41,7
82,"female","1046",1720,70,305,20,6
57,"male","1036",2437,120,349,93,6
53,"male","8912",2071,95,334,63,3
29,"male","8912",2272,194,270,49,3
39,"male","3026",2284,195,202,111,6
72,"female","3548",2015,33,409,20,2
75,"female","5634",1889,220,151,39,5
39,"male","6224",1931,87,376,21,5
43,"male","3511",2401,30,431,80,3
56,"male","5022",2186,119,416,20,4
64,"male","5022",2256,207,270,20,3
76,"male","5022",2406,220,268,21,3
69,"female","6216",1412,30,154,72,8
50,"male","3542",1819,141,315,27,1
23,"female","6224",2180,44,411,20,0
52,"male","9735",2173,30,376,51,2
88,"male","1825",2078,61,333,68,7
21,"female","1036",2431,124,349,98,1
35,"male","3534",2065,87,338,33,2
50,"male","5033",2790,127,486,59,2
39,"male","3024",2003,30,402,40,3
31,"female","5622",2599,103,370,22,7
32,"male","5612",2507,152,447,20,5
55,"female","3531",2465,157,329,47,6
55,"male","5634",2403,143,394,40,3
25,"male","5025",1945,118,263,71,1
63,"male","3041",2190,116,363,20,7
39,"male","3542",2312,136,456,22,0
80,"female","8912",1941,110,233,86,3
49,"female","4811",2669,33,542,47,2
89,"male","5644",1377,30,96,76,2
84,"female","5612",2249,96,414,20,5
59,"male","5644",2351,143,323,43,1
54,"male","5045",2378,92,466,28,3
57,"female","2517",2227,158,393,20,2
18,"male","1028",1998,72,254,29,1
25,"male","5022",2394,207,363,20,10
58,"male","5622",2451,170,372,42,3
75,"female","3515",1881,56,282,57,4
52,"female","5033",2023,86,269,40,3
25,"female","3035",2172,52,336,47,3
65,"male","6211",2256,56,359,76,4
26,"male","3516",2330,80,163,142,0
73,"male","6224",2029,135,258,49,2
61,"female","3516",1635,84,218,59,3
79,"male","5644",2330,161,231,123,4
61,"female","3024",2025,96,349,29,2
71,"female","3514",2096,114,161,86,3
21,"male","5033",2200,125,273,49,1
72,"male","3511",1781,173,206,29,2
88,"male","3041",2016,118,190,81,6
51,"male","9711",2347,116,303,54,1
40,"male","2517",2292,43,481,20,4
74,"female","5646",2186,77,403,20,5
36,"male","6221",2417,154,142,119,4
72,"male","9711",1781,54,286,35,2
28,"female","5616",1939,148,333,20,5
18,"male","6216",2320,204,358,49,2
79,"female","5621",2009,166,235,63,3
84,"male","1036",1892,114,249,59,2
61,"female","4822",1812,80,229,62,0
65,"female","3515",1998,139,335,20,2
18,"female","9711",2586,220,150,83,1
38,"female","5045",2419,220,213,42,4
50,"male","1825",2325,47,323,71,4
62,"male","5632",2133,178,216,62,1
82,"male","9711",2400,35,325,108,3
28,"female","6221",2675,96,420,25,3
43,"female","3026",1915,30,385,20,3
65,"female","4825",1588,37,266,53,1
20,"female","5033",2137,220,150,57,3
88,"male","3041",1543,125,181,46,3
28,"female","5025",1548,32,230,20,4
39,"female","1033",2127,88,161,140,3
71,"other","3511",1784,88,219,70,4
86,"other","5646",1793,40,416,47,5
27,"male","3026",2368,135,424,20,3
87,"male","2545",2415,63,315,68,3
88,"male","6221",2702,220,250,50,2
75,"male","5616",2352,92,339,67,4
89,"male","1028",1377,30,184,69,5
79,"female","3514",1485,75,294,20,2
55,"female","9735",2157,30,195,141,0
52,"male","1031",2372,220,150,63,4
40,"female","5022",2097,69,342,41,5
40,"female","5022",2457,193,363,20,2
26,"female","2517",2234,220,249,20,3
44,"male","9731",2284,195,116,76,1
59,"male","2517",2138,63,374,43,7
75,"male","6535",1565,99,275,20,3
88,"male","3023",1993,79,363,30,5
22,"male","3514",2533,168,370,30,3
43,"female","3041",1769,105,183,36,2
35,"male","1813",2237,63,202,137,6
20,"male","6211",3045,37,437,113,3
20,"female","5033",2398,151,354,73,3
61,"male","9712",2415,116,163,142,0
42,"male","3542",1840,97,260,52,3
84,"female","1031",1843,43,156,115,7
51,"female","2545",1804,94,267,49,3
72,"male","9721",1818,65,266,35,6
43,"female","2014",1995,139,273,20,3
74,"male","2545",2340,60,143,180,1
53,"female","3548",1964,30,369,33,4
21,"male","3026",1945,64,325,43,6
52,"male","9721",2383,162,183,115,5
62,"male","1033",2095,151,167,63,3
30,"male","4811",2388,220,235,20,5
28,"female","9712",2118,124,344,26,2
78,"male","5634",1935,220,128,87,6
87,"female","3534",1989,142,224,53,4
74,"male","2545",2594,220,195,29,2
58,"male","1035",2474,60,426,87,5
53,"female","1036",2301,207,268,47,6
72,"female","8921",2121,78,396,34,1
56,"male","5022",2370,45,522,20,6
48,"male","6211",2348,51,249,116,8
42,"male","5646",2211,178,266,73,0
55,"male","5634",2413,143,395,50,5
42,"male","5616",2216,113,396,34,4
65,"male","3514",2277,132,299,57,3
47,"male","3515",2346,207,167,20,0
39,"female","3516",1774,220,90,54,1
84,"male","4816",2806,116,410,40,3
69,"female","1036",2121,149,323,39,4
85,"female","4822",1524,48,178,75,1
75,"female","3534",1895,70,287,34,6
88,"male","3041",1543,44,257,59,1
88,"male","4811",2592,72,558,20,5
77,"other","5616",1800,96,267,40,5
53,"male","4825",2067,177,195,45,2
21,"male","1035",2451,114,415,51,2
61,"female","5632",1645,30,244,85,0
69,"female","6216",1643,68,270,20,3
71,"female","2014",2440,117,474,34,4
63,"female","9712",2204,99,233,90,7
49,"male","1825",2325,220,198,39,1
63,"female","5033",1853,137,219,71,3
24,"male","3023",2432,72,361,68,0
41,"female","6211",2237,144,333,38,5
85,"male","6221",2089,162,402,48,5
51,"female","3516",2349,30,143,180,4
29,"female","1031",1728,65,218,62,5
85,"female","6211",1836,162,271,33,6
78,"female","3534",1735,74,219,52,6
62,"female","2014",2129,178,171,68,2
29,"female","1035",2111,95,115,140,4
23,"male","9731",1769,220,86,47,1
82,"female","1825",1507,113,216,20,10
42,"female","2545",1991,149,142,89,0
34,"female","8912",2227,69,343,63,4
64,"female","3035",2133,84,409,20,4
48,"female","5612",2380,31,485,20,3
82,"female","4822",2116,204,247,44,3
29,"female","5644",1907,185,177,69,1
53,"male","8921",2525,154,273,73,1
44,"female","4817",1995,30,143,115,2
83,"male","1023",2247,103,440,21,4
57,"male","4816",2454,67,473,34,3
50,"male","3511",2468,127,248,111,2
51,"female","6221",2222,51,334,92,0
52,"male","8912",2170,211,281,36,5
36,"female","9728",2270,163,217,76,4
79,"male","5045",2257,155,355,57,4
58,"female","2545",2331,116,198,130,7
54,"male","3542",2232,220,145,55,4
53,"female","1046",1923,49,348,20,2
61,"female","4811",2187,69,409,47,4
28,"male","3023",2470,30,264,128,1
19,"male","5033",2496,144,238,96,1
33,"female","1028",2048,73,260,97,4
51,"female","1823",2058,106,322,20,4
87,"male","9728",2380,133,236,72,1
53,"female","8921",1956,42,344,28,2
53,"female","1035",1992,136,225,63,6
25,"male","5621",2271,30,322,103,4
86,"male","1033",1882,55,338,32,2
79,"female","4825",2352,185,261,76,6
29,"other","3023",1918,143,80,84,4
69,"female","6216",1865,119,184,72,7
50,"female","4822",1981,86,357,29,2
74,"female","3531",2129,122,393,40,7
44,"female","8927",2311,220,291,30,4
25,"male","5045",2703,165,440,25,4
54,"female","1813",2032,44,378,59,2
35,"male","6535",1822,220,136,20,2
53,"female","8927",2255,123,419,37,8
66,"female","5612",1968,119,296,31,4
69,"female","1023",1818,76,359,21,4
80,"male","4817",2050,64,325,55,5
35,"female","6221",2785,30,592,20,4
23,"male","5634",1894,112,257,69,5
68,"female","5022",1887,220,258,20,3
68,"female","5033",1671,88,280,40,2
87,"male","2014",1988,57,282,77,5
32,"female","5014",2706,86,588,20,3
49,"other","8912",2192,68,408,34,4
18,"male","4817",2647,220,227,20,2
88,"male","5646",1977,125,256,21,6
55,"male","4817",2483,82,339,91,5
58,"female","3542",1701,110,178,90,2
50,"male","3548",2086,92,345,20,0
57,"female","4822",1435,82,150,53,2
65,"male","6514",1534,132,199,31,5
40,"female","1823",1654,100,303,20,3
57,"male","5621",2157,133,278,60,1
26,"female","2517",2230,142,395,28,2
59,"female","5014",1764,167,249,20,2
79,"female","6535",1404,51,231,53,5
60,"female","3515",1923,30,318,36,3
82,"male","9712",2088,220,260,51,3
46,"female","1046",1966,30,360,20,3
35,"male","1813",2077,79,404,23,5
83,"female","3023",1950,131,327,24,2
41,"female","9728",1709,115,257,25,4
61,"female","1036",1890,75,242,86,7
25,"female","3035",2046,58,418,20,1
62,"female","5033",1925,97,186,68,2
21,"male","6216",2539,215,287,20,4
63,"male","4825",1936,154,217,20,6
44,"female","5612",2153,60,380,42,1
58,"male","3026",1568,148,208,28,6
24,"female","5622",2519,180,424,20,2
25,"female","6514",2153,220,236,20,2
30,"male","2014",2347,78,395,72,3
72,"female","1028",1466,30,217,47,5
63,"female","5634",2055,39,323,54,3
37,"male","9711",2095,92,205,109,2
80,"female","5644",1288,36,126,85,4
20,"male","2545",2847,107,341,103,3
84,"male","1036",2380,168,323,35,4
81,"male","5621",1934,88,266,106,3
68,"female","6211",1784,105,187,51,2
35,"male","9712",2484,55,114,180,5
31,"male","4811",2492,63,519,38,4
29,"female","9711",2199,171,281,47,1
69,"male","4811",2409,104,410,39,4
33,"male","5025",2074,220,160,31,8
23,"male","1046",2423,66,203,136,4
75,"male","9711",1827,77,344,56,4
47,"female","6211",2237,131,318,57,0
74,"female","5014",1571,66,297,20,1
86,"male","8927",2125,205,306,29,2
45,"male","1813",2085,79,404,23,4
64,"female","8921",2420,148,226,96,2
72,"female","3548",1668,115,296,29,4
89,"male","2517",1993,61,294,84,5
43,"female","9728",2180,45,388,46,3
39,"other","6514",2147,65,371,58,3
21,"female","4825",2459,220,266,39,2
59,"female","3511",2057,87,299,89,2
89,"male","6514",1936,220,186,20,0
89,"male","5022",2225,102,542,20,4
37,"female","5022",2257,122,340,23,3
20,"male","1035",2390,114,325,62,7
71,"female","5014",2019,220,275,20,3
22,"male","1823",2271,53,477,21,7
84,"female","9712",1921,90,91,103,3
25,"male","5622",2457,220,268,57,5
87,"male","2545",2230,168,332,33,3
49,"male","1825",1857,192,172,28,6
68,"female","6221",2105,113,402,42,6
24,"female","5012",2042,193,228,58,0
44,"female","5014",2435,124,492,23,3
53,"male","1825",2137,109,188,137,3
79,"female","6514",1384,43,256,26,2
40,"male","2517",2497,170,443,20,0
35,"female","1031",2317,194,154,129,3
29,"female","3548",2355,71,346,53,0
72,"male","9728",2071,60,323,89,3
35,"female","5616",1973,150,220,51,2
66,"female","5612",2238,63,364,50,5
84,"female","3534",1786,142,204,20,4
64,"female","1825",2280,54,323,71,6
60,"female","3511",1960,116,120,84,4
50,"male","5025",2066,92,410,20,4
33,"female","5045",2224,69,322,78,4
24,"female","5012",2042,193,177,56,1
36,"male","1036",2036,40,314,52,4
79,"male","5033",2283,65,219,108,3
77,"male","2517",2119,105,438,20,3
84,"male","3542",2028,47,318,74,2
71,"female","9735",1971,88,357,39,5
64,"female","3515",1974,30,402,29,5
75,"female","3534",2382,30,264,112,4
24,"male","4817",2315,30,483,48,2
60,"female","3542",1764,174,236,20,10
57,"female","4822",1542,102,196,38,4
33,"male","3516",2076,152,236,80,0
57,"male","9712",2613,90,511,34,3
58,"female","1031",1649,192,192,20,1
68,"female","5616",1757,96,241,44,3
66,"female","9728",2129,80,237,101,5
40,"female","5644",1694,73,100,114,4
31,"male","9712",2749,107,331,119,1
82,"female","3511",2046,87,299,67,4
71,"female","1028",1508,77,80,85,2
38,"other","6514",1713,113,195,57,2
86,"female","5621",1809,137,232,45,4
52,"male","9721",2234,195,222,31,4
41,"male","1031",2498,186,124,120,1
41,"male","5012",2566,114,378,91,4
46,"male","3548",2498,38,437,20,2
55,"male","3515",2308,103,454,20,6
53,"female","1035",1795,173,232,20,3
43,"male","9728",1852,192,261,42,5
54,"other","6514",1713,115,159,69,3
77,"female","5025",1642,179,237,23,3
52,"male","3515",2102,92,374,23,6
25,"other","3542",2427,64,503,20,1
63,"male","1035",2862,120,398,67,6
70,"male","3026",1736,212,124,20,3
50,"female","3542",2064,88,113,71,1
41,"male","5646",2418,220,334,36,2
37,"male","9735",2124,91,233,125,2
69,"male","9728",2315,206,263,60,4
59,"female","3511",2090,70,324,64,1
72,"female","8921",2189,115,277,54,2
52,"male","5634",1847,30,354,21,5
39,"male","5033",2427,70,329,86,4
53,"male","1033",2190,77,217,100,3
45,"female","6211",2433,122,490,37,1
70,"male","1813",1837,102,356,28,3
34,"female","3511",2253,45,296,74,4
18,"female","3514",2436,153,396,27,2
53,"female","9735",1985,30,129,143,0
32,"female","2517",2537,220,192,20,4
46,"female","5012",2089,92,378,20,3
73,"male","6224",1903,220,88,20,5
66,"female","6224",1998,85,351,20,6
78,"other","5616",2006,206,222,26,4
73,"male","3531",2594,43,575,47,4
27,"male","3026",2326,62,488,20,2
69,"male","4811",2409,102,466,20,2
62,"female","4817",1908,186,235,52,5
27,"male","4811",2435,46,519,38,4
28,"female","5634",1874,109,257,54,3
38,"male","1031",1889,76,345,20,5
32,"female","5622",2242,220,279,20,5
76,"male","4825",2407,35,474,43,10
74,"female","5646",1949,165,250,20,3
27,"other","5632",2350,220,145,42,3
43,"female","1023",2380,45,478,20,4
19,"male","5012",2660,104,331,131,3
77,"male","6224",1634,78,240,30,3
39,"male","6224",1695,58,302,20,5
73,"female","6224",1704,58,332,20,5
44,"female","1825",1965,34,367,20,3
29,"male","5025",2357,175,414,20,0
39,"male","4825",2353,84,269,95,4
25,"male","8912",1828,46,182,84,0
46,"male","3023",2315,107,305,72,1
85,"female","3035",1890,56,302,42,6
79,"female","5621",1288,30,256,20,3
66,"male","5022",1814,83,392,20,5
49,"male","5632",2574,95,294,123,0
39,"male","6224",2179,160,320,27,2
84,"male","1028",1794,80,187,98,5
45,"female","1825",2151,220,177,29,3
37,"male","3511",2343,112,219,116,3
51,"male","8927",2364,198,253,61,6
61,"male","3515",2282,125,261,83,1
18,"male","4817",2366,82,486,20,2
80,"male","1028",2551,160,380,95,4
53,"female","5621",2104,122,261,94,2
46,"male","4811",2173,150,364,20,4
60,"male","9728",2508,141,451,32,3
21,"female","3035",2046,43,401,49,4
81,"male","5646",2213,155,385,20,3
35,"female","5025",1654,220,203,20,7
69,"male","1031",1815,30,262,43,3
35,"female","1825",1872,196,193,32,2
61,"female","3516",1790,80,218,59,3
79,"female","5014",2096,220,254,20,3
61,"male","5634",2413,123,395,37,3
54,"male","3035",1898,30,413,23,5
62,"female","1031",2146,149,96,131,1
42,"female","5014",1981,220,236,20,6
21,"female","3035",2046,63,401,55,2
66,"male","9721",2094,149,243,81,1
43,"female","6221",2090,45,352,47,3
87,"male","2517",2174,85,434,20,7
35,"male","3516",2076,85,419,22,0
60,"female","3542",1999,204,165,53,3
22,"male","4825",2419,136,237,78,2
66,"male","9721",2356,57,225,172,3
81,"male","5646",2406,220,241,69,2
47,"female","4825",2421,33,438,62,1
41,"male","5634",2153,199,331,20,2
78,"male","8921",2269,220,232,43,3
53,"male","4817",2478,30,98,158,2
89,"other","2545",1660,37,215,91,6
64,"male","3514",2172,51,259,116,4
61,"male","5014",2019,139,288,20,4
61,"male","2545",2336,98,143,132,3
83,"male","3024",2554,73,215,158,7
43,"female","5621",1970,30,286,50,3
81,"female","4811",2271,102,387,35,2
32,"male","1046",2124,135,321,48,3
19,"female","3511",2436,30,343,72,0
88,"female","2517",1723,143,243,20,4
80,"female","9728",2172,41,332,84,3
42,"male","5012",2108,186,214,62,1
75,"female","4816",1895,71,286,22,4
70,"female","5632",1773,153,174,20,4
23,"female","9735",2171,75,396,45,2
46,"female","6224",2212,156,186,102,5
65,"male","9712",2218,220,264,32,3
41,"female","5033",2211,95,259,81,2
32,"male","3548",2069,220,201,29,1
24,"female","5622",1616,100,215,37,4
69,"male","5632",2235,213,342,20,4
62,"female","3542",1597,166,144,54,4
32,"female","9721",2147,53,338,97,2
29,"female","9711",1948,140,321,24,2
21,"female","3035",2266,220,158,52,3
49,"female","4822",1932,134,94,89,4
86,"male","6211",1930,32,389,20,3
75,"female","9731",1398,38,145,55,10
67,"female","9728",2406,192,324,20,6
54,"male","6514",2137,61,371,46,5
77,"male","5622",2154,119,382,25,8
27,"male","9712",2753,107,430,29,2
37,"female","6216",1755,168,236,20,4
56,"male","8921",2602,45,243,180,1
32,"female","3035",2108,87,237,95,2
40,"female","3515",1785,214,179,20,4
32,"female","9735",2443,106,237,151,1
75,"female","8927",2314,220,249,20,7
75,"female","1031",2234,116,251,104,1
61,"female","2517",2227,220,279,20,7
25,"male","8912",2365,115,259,91,3
86,"male","9735",2315,30,403,43,1
86,"female","1035",2201,143,281,38,3
66,"male","9735",2514,115,109,136,2
71,"other","9712",2096,81,297,66,4
35,"female","3515",2180,36,465,20,1
38,"female","3024",2449,99,382,32,3
64,"female","3023",2348,122,231,136,3
41,"male","3035",2160,169,282,36,4
26,"female","2014",2057,62,309,66,2
54,"female","9711",2312,129,291,60,3
83,"male","1813",2385,150,273,76,3
76,"male","1023",2397,98,366,48,4
47,"male","4811",2307,220,280,73,4
43,"female","2014",1995,57,308,74,3
61,"male","9712",2218,184,308,30,4
35,"other","1033",2108,72,237,108,3
52,"male","6221",2779,116,420,20,4
68,"female","5033",1750,88,178,101,2
78,"female","5646",1950,220,294,20,2
87,"male","4816",1974,47,315,63,0
50,"female","2014",1740,110,167,126,4
71,"female","2545",2789,52,345,103,3
39,"female","3534",2355,220,255,49,7
42,"female","3542",2088,106,374,38,0
42,"male","6224",1838,149,180,46,4
77,"male","1046",1775,196,165,32,4
53,"male","5634",2201,135,364,37,4
47,"male","3516",1819,144,217,53,1
53,"female","5632",2371,172,437,30,8
61,"male","5634",2307,79,370,58,5
46,"male","4811",2334,220,235,24,1
50,"female","6221",2114,88,359,41,7
61,"female","5033",1944,220,196,35,3
62,"male","8927",2756,190,266,119,2
50,"male","3542",1908,30,227,111,2
44,"male","1031",2394,77,439,62,6
25,"female","6514",2359,58,366,64,3
30,"male","5022",2387,220,302,20,8
26,"female","3542",1798,163,237,20,2
47,"male","3035",2494,132,470,20,4
70,"male","1823",2165,220,236,20,2
47,"male","3035",2611,79,381,62,2
50,"male","3041",2148,220,202,46,3
44,"female","5621",1970,62,406,23,2
23,"female","9735",2162,179,124,20,1
80,"male","4825",2165,144,395,24,1
83,"male","5612",2594,171,457,20,5
34,"male","8921",2507,45,250,162,4
79,"male","3548",1823,76,215,60,4
18,"male","6216",2571,220,257,61,3
37,"male","2517",2292,107,477,20,5
35,"male","3024",2413,220,206,32,1
22,"female","5612",2439,220,288,35,7
72,"male","9711",1781,77,388,47,5
51,"other","5621",1858,152,158,32,3
23,"male","2545",2559,110,414,85,3
69,"female","9728",2059,60,394,36,3
48,"male","5612",2598,219,306,42,2
56,"female","1023",2371,130,310,39,6
26,"female","2517",1959,46,286,42,6
47,"female","2545",2122,61,195,141,8
78,"female","2545",2127,113,163,107,6
80,"female","5644",1367,72,174,53,4
19,"female","3035",2100,114,237,72,1
83,"female","5634",1991,30,354,53,5
25,"male","4811",2374,220,206,20,2
77,"female","5022",2006,157,276,20,3
30,"male","4811",2458,220,266,39,2
22,"male","6224",2273,144,301,40,3
57,"female","5014",1764,126,306,20,8
60,"male","5634",2307,143,341,22,4
72,"female","8927",2684,118,365,79,5
88,"female","5646",2067,220,220,23,3
61,"male","4816",1936,30,413,20,3
46,"female","1823",1940,131,348,20,6
74,"male","5612",2646,123,420,50,3
41,"male","9711",2413,192,165,119,0
84,"female","9712",2154,55,214,104,3
46,"female","5616",1723,122,287,20,5
50,"male","2517",2138,89,396,20,5
57,"female","3035",2163,30,233,108,3
63,"male","9712",2282,98,264,77,3
32,"female","2014",1858,57,406,20,7
46,"male","2014",1833,134,215,47,1
28,"female","5025",1880,38,373,30,4
44,"male","1031",2261,30,374,61,1
70,"male","6221",2252,30,255,95,7
59,"male","3515",1976,30,385,28,6
25,"male","5612",2911,139,420,31,3
78,"male","1036",2462,60,154,180,9
56,"male","3035",1898,53,413,20,2
79,"female","1028",1384,30,310,48,3
31,"female","3542",1825,163,199,20,2
37,"male","3023",2486,69,439,56,1
41,"male","1825",2208,206,222,20,1
35,"female","4817",1806,144,242,61,3
89,"male","5022",2313,220,291,20,6
65,"male","9712",2218,99,270,66,1
71,"female","2545",2024,44,349,43,3
63,"male","9712",2218,220,253,34,4
39,"male","8912",2161,69,392,26,3
45,"male","5634",1606,30,127,76,2
52,"female","3023",1928,164,100,82,3
71,"male","6535",1389,68,231,53,5
75,"female","1028",1508,30,203,90,1
78,"male","1036",2203,147,357,35,2
68,"male","8912",2268,147,200,98,1
61,"male","1028",1888,156,192,38,1
87,"female","5632",1504,95,154,75,4
66,"male","6211",2557,220,323,20,5
40,"female","5632",2315,185,277,65,1
51,"female","5632",2085,220,217,36,2
25,"female","5644",1701,129,196,20,1
34,"male","8921",2381,65,154,150,0
35,"male","5632",2288,193,257,72,3
54,"female","1813",1619,122,271,31,10
33,"male","9721",2367,148,141,180,2
38,"male","5045",2491,94,461,30,4
47,"female","4816",2066,83,319,42,3
75,"other","5644",1721,130,122,57,4
81,"female","6224",1797,168,168,53,4
35,"male","8927",2553,42,382,76,6
43,"male","5622",2553,205,363,44,4
40,"male","2517",2474,107,307,27,2
84,"male","3023",2160,126,260,67,2
76,"male","4825",2482,207,407,26,6
75,"female","1036",1961,80,286,29,4
88,"male","1825",2246,220,211,36,6
77,"female","3531",1979,74,87,123,5
70,"male","1823",1815,65,351,43,4
72,"male","3511",1726,137,209,43,4
35,"female","1036",1743,59,291,46,4
58,"female","6211",2047,30,231,106,8
72,"female","8927",2213,30,371,67,3
22,"male","5022",2219,84,435,20,6
78,"female","3534",1839,164,232,38,8
62,"female","5644",1783,106,186,39,1
25,"male","2517",2374,216,279,20,4
61,"male","2545",2503,120,274,106,0
53,"female","3515",2484,220,290,20,5
70,"male","6221",1723,68,321,20,1
84,"female","9721",1865,30,318,69,4
59,"male","5644",2086,128,190,99,4
27,"female","2545",2162,53,179,146,5
51,"female","9735",2005,57,263,78,6
64,"female","1035",2232,31,438,47,6
68,"male","1813",2048,37,402,23,3
73,"male","5646",2365,220,323,29,3
87,"female","5033",1806,34,195,56,1
55,"male","6535",2021,68,265,73,5
62,"female","2545",2152,108,342,97,7
26,"male","9711",1972,216,116,56,1
61,"male","6535",1806,220,158,41,4
71,"female","1031",2146,200,182,66,1
18,"female","9712",2038,51,194,115,2
35,"male","5022",2391,220,356,20,6
23,"male","5634",1903,79,320,41,2
56,"female","3514",2102,85,161,86,7
80,"male","1028",2040,220,151,61,2
76,"female","6211",2404,104,370,28,8
77,"male","2517",2353,30,550,20,4
54,"female","5612",2269,110,391,28,5
20,"female","1825",2414,186,213,76,2
61,"female","6514",1962,85,349,20,2
55,"female","1028",1733,30,270,58,0
56,"male","3041",2006,92,315,40,3
79,"female","4825",2117,220,148,33,3
65,"female","1035",2207,136,299,53,9
62,"male","9728",2160,157,319,38,4
83,"male","3511",2159,52,214,121,4
50,"female","1046",1873,137,306,30,1
55,"male","6535",1847,123,257,31,3
63,"male","5022",2415,220,279,24,3
73,"female","1036",2121,184,223,64,5
71,"female","9735",1992,44,372,44,1
42,"male","5646",2211,146,357,20,2
47,"male","4822",2177,61,408,36,0
56,"male","5622",2264,157,345,20,3
46,"female","5012",2207,68,392,20,0
69,"male","4811",2038,107,211,92,4
22,"female","3514",2260,163,187,62,2
19,"male","1813",2237,113,318,48,4
72,"male","9712",1748,131,97,50,3
63,"male","6535",1555,148,212,20,2
62,"male","6514",2242,195,268,73,6
51,"other","5022",2352,220,371,20,4
71,"male","2517",2125,220,260,20,4
32,"other","9711",2199,119,351,29,3
85,"female","3035",1814,85,359,35,3
79,"female","6211",1800,61,160,99,5
51,"other","8912",1665,46,363,20,5
25,"female","6211",2266,149,322,60,2
82,"female","5616",1777,77,297,20,4
80,"male","8921",2269,142,243,79,2
64,"male","1825",1863,98,202,71,3
26,"male","3035",2900,213,379,34,3
28,"male","5634",1897,79,308,57,2
18,"male","1823",2186,149,393,36,6
26,"female","1036",2108,88,219,123,1
87,"female","1031",1805,47,237,91,7
63,"female","5616",1823,77,216,57,7
60,"male","1046",2315,71,373,47,4
62,"female","9712",2002,116,294,23,4
63,"male","6535",1586,146,238,20,2
81,"male","5646",2365,220,342,24,6
18,"other","5622",2412,111,435,25,8
31,"male","3024",2243,151,363,20,3
21,"male","3041",2242,113,282,55,3
77,"female","3534",1480,38,154,85,4
50,"male","1046",1843,41,328,20,0
40,"male","4816",2615,220,257,20,3
72,"female","6224",1754,156,211,29,2
45,"female","6535",1642,139,172,28,2
67,"male","3026",2034,33,456,20,2
21,"female","4825",2459,136,366,80,4
69,"female","3515",1743,30,351,25,8
56,"female","1036",2053,76,338,79,4
42,"male","3041",2325,172,295,70,6
39,"male","5045",2714,44,374,76,2
23,"female","5622",2053,89,430,20,5
66,"male","9735",2272,35,195,133,0
32,"female","5025",1946,183,334,20,9
44,"other","6224",2293,64,427,47,3
52,"male","6221",2378,45,256,136,7
48,"male","5014",2755,220,281,24,4
49,"male","9735",1843,30,152,131,4
36,"female","9728",1973,117,257,69,4
52,"male","3023",2282,39,347,20,4
31,"female","1035",2380,139,343,50,3
28,"female","5634",2250,176,333,20,3
52,"female","1825",1883,98,306,42,1
65,"female","1825",2027,116,249,78,3
41,"male","3515",2537,219,309,42,1
55,"female","9731",2004,152,299,20,6
75,"female","1036",2189,200,263,49,5
54,"female","9711",2027,180,259,31,3
44,"male","9731",1968,203,257,20,3
84,"female","3534",1755,156,131,76,4
73,"female","1036",2189,200,181,68,5
74,"female","1046",2139,31,385,39,7
25,"female","6211",2274,59,351,62,3
25,"male","5634",2218,107,322,50,4
20,"female","1823",1926,108,298,20,3
74,"male","1023",2165,124,311,47,6
47,"male","4822",1995,30,200,149,4
42,"male","6224",1874,149,209,36,4
38,"other","3023",2154,131,234,104,2
36,"male","1036",1940,114,234,80,6
75,"male","5616",2511,220,290,20,4
43,"male","1023",1999,72,416,20,2
56,"female","5644",1564,186,114,38,4
28,"male","5033",2439,80,278,114,1
66,"male","1825",2068,188,246,45,2
53,"female","1036",2005,114,234,84,4
35,"female","5612",2449,42,558,37,5
56,"male","3041",2102,167,394,20,8
75,"male","5616",1915,128,295,35,7
53,"male","4811",2529,220,209,20,0
28,"male","5025",2435,220,356,20,9
38,"male","6224",1994,87,403,20,4
75,"female","5612",2045,45,295,70,9
32,"female","1033",1532,99,155,78,2
65,"female","1036",2046,82,299,81,4
45,"female","3023",1991,76,304,24,0
82,"female","4822",1426,62,178,91,2
22,"female","5646",2386,136,435,20,3
61,"male","1028",2132,156,261,71,1
79,"male","5644",1748,130,100,69,0
88,"male","3023",1696,89,317,23,5
87,"male","9728",1860,130,223,28,6
62,"female","3511",2025,57,414,28,4
61,"male","5012",2107,86,432,21,1
54,"male","5622",2773,220,367,20,4
31,"female","5025",1500,57,257,20,8
51,"female","5621",1763,30,302,52,2
33,"female","1028",2338,74,225,111,6
40,"male","9712",2072,152,201,75,0
88,"female","9721",1723,30,155,101,5
55,"female","3531",2374,220,274,20,6
23,"female","1036",2028,37,314,71,2
23,"other","3514",2194,191,331,20,3
28,"male","2517",2512,157,372,31,2
45,"female","6535",1601,57,302,20,3
28,"female","9735",2006,57,117,146,1
67,"female","6224",1923,96,337,41,4
87,"female","1035",2129,82,115,135,4
44,"other","5646",2216,146,357,20,4
65,"female","3515",2027,220,305,20,3
29,"female","1035",2534,209,305,26,4
64,"female","3035",1972,30,401,27,5
44,"female","4817",1995,56,410,20,3
30,"female","5634",1965,102,337,20,5
83,"male","1813",1940,81,392,44,5
46,"female","4822",2094,119,303,48,0
44,"male","3542",2261,197,268,99,2
38,"male","3515",2046,207,255,20,4
58,"female","9731",1704,125,246,20,10
46,"female","1046",1860,122,161,75,2
50,"female","6211",2185,99,201,131,8
80,"female","5621",1695,61,228,43,3
62,"male","6514",2242,220,249,36,2
39,"male","3511",2566,160,421,85,3
88,"female","1028",1983,37,388,61,3
29,"other","3026",2435,76,519,20,6
87,"male","3041",2190,69,403,20,4
55,"female","5632",2417,78,249,158,1
28,"female","1033",2030,174,204,79,2
61,"female","5014",2111,171,293,20,4
44,"other","6211",2194,30,333,93,5
30,"female","5634",2043,71,375,41,4
48,"male","3024",2206,176,431,20,3
58,"male","3514",2264,220,213,31,5
27,"male","4811",2347,138,389,20,2
72,"male","1028",2113,198,272,51,1
53,"male","1813",1912,122,263,54,7
37,"female","5012",2146,220,196,22,4
42,"male","3023",2656,98,296,128,2
20,"male","5634",1998,30,354,53,3
39,"male","8912",2259,205,238,57,2
63,"male","5022",2557,220,356,27,3
27,"male","5616",2193,107,224,91,5
89,"male","3041",1992,30,419,20,3
50,"male","5025",2432,205,451,20,4
79,"other","3531",2471,79,467,33,4
35,"female","1023",1758,111,367,20,3
53,"female","5033",2269,72,246,85,2
87,"male","5014",2159,220,188,26,3
68,"other","6211",2239,155,374,48,5
30,"male","6211",2840,107,473,25,3
60,"female","4825",2139,220,201,23,4
86,"male","6211",1930,130,212,51,6
53,"female","8921",1991,32,186,146,1
39,"male","3511",2384,60,143,180,2
63,"male","9712",1814,108,279,35,3
21,"female","3515",1956,30,428,28,2
28,"female","6221",2675,83,420,20,3
18,"male","6535",2009,50,297,95,3
84,"male","1036",2247,105,237,79,5
41,"female","5025",1471,57,247,20,4
68,"male","9712",2010,81,173,116,7
56,"male","1028",1989,71,176,121,1
57,"female","5045",1588,117,190,30,5
51,"female","3023",2000,101,287,45,1
27,"female","6211",2544,30,407,76,1
38,"female","3516",2094,139,344,29,2
48,"male","6211",2571,107,435,28,4
69,"female","1033",1799,77,344,41,3
34,"female","5612",2308,94,411,20,4
58,"male","3026",1783,98,366,20,9
60,"male","3542",2241,195,266,102,10
63,"male","3026",2242,128,285,20,3
54,"female","3548",1733,69,299,26,6
57,"male","9712",1964,74,263,34,2
74,"male","1023",2195,121,378,33,7
22,"female","3516",1895,220,150,28,1
57,"female","2517",2066,123,298,20,5
62,"male","1033",2137,151,354,20,1
59,"female","3514",2300,102,318,72,7
40,"female","5045",2467,46,375,76,3
70,"female","5646",1998,75,331,79,5
44,"female","1823",1940,140,320,20,5
37,"male","3516",2428,30,114,180,1
58,"female","5033",1944,30,224,66,1
32,"female","1035",2224,137,384,28,3
27,"male","8921",2585,78,305,96,4
75,"female","9728",2105,159,323,32,1
80,"male","9735",2060,44,94,145,4
55,"male","4817",2618,160,484,32,8
72,"female","5634",1867,47,328,30,2
45,"male","1825",2325,109,442,40,3
68,"male","1023",2324,132,366,45,5
19,"female","3035",2380,186,261,88,0
26,"female","1823",1971,216,275,20,5
79,"male","5622",2297,220,263,66,2
42,"female","4825",2082,220,148,20,2
66,"male","3534",2336,57,204,180,2
45,"male","1813",2217,69,322,59,2
23,"male","1813",2281,121,363,47,3
72,"female","1031",1899,30,312,62,4
84,"male","3542",1791,62,270,33,2
62,"female","3511",1743,65,240,70,4
34,"female","9731",2094,99,237,90,0
80,"female","5644",1367,30,145,76,2
61,"male","4816",1936,145,177,68,3
48,"male","1035",2474,38,441,55,2
41,"male","5634",2368,54,430,27,2
89,"female","3023",1626,89,296,37,4
82,"male","4811",2096,101,395,44,6
69,"male","6221",2920,115,571,20,5
29,"female","5632",2779,139,358,49,2
39,"female","3516",1629,104,267,72,1
86,"female","2014",1540,69,149,95,4
71,"male","4816",2135,104,421,20,1
69,"male","4811",2409,61,350,53,1
69,"male","1046",2157,30,255,95,2
87,"female","5033",2035,79,419,44,1
85,"male","2545",2230,30,310,81,4
18,"female","3026",2218,50,449,20,4
89,"male","2517",2089,82,285,32,6
46,"male","6535",1806,220,189,20,1
72,"male","9711",1781,41,321,37,1
89,"female","3023",2306,117,191,133,0
61,"female","1023",1986,110,375,20,5
55,"male","9728",2796,125,437,68,3
35,"female","1825",1629,30,257,34,4
36,"male","5634",1600,30,250,53,2
72,"other","3035",2203,133,281,52,3
81,"female","3041",2015,73,338,20,5
31,"female","1823",1907,98,337,20,7
89,"male","8927",2042,143,321,30,4
35,"male","1813",2178,52,448,38,5
58,"male","3514",2687,175,348,20,3
22,"male","5616",2263,192,303,27,5
87,"female","1036",2036,48,252,94,4
23,"female","4811",2310,136,365,50,6
53,"female","3548",1733,178,215,20,7
87,"male","1046",1548,30,154,72,4
82,"male","1033",1992,150,235,57,4
74,"female","1046",1951,81,348,20,4
88,"male","6221",2210,183,333,20,0
87,"male","1031",2096,48,476,22,5
86,"male","5644",1880,137,192,53,4
88,"female","3511",1818,137,174,82,6
38,"male","5616",2261,168,363,20,2
46,"female","5012",1770,69,295,42,3
31,"female","6535",1622,64,254,20,3
43,"male","2014",1883,184,158,23,3
81,"female","5022",2280,120,322,39,6
34,"male","9711",2178,182,124,105,3
71,"female","3024",2189,214,268,48,5
39,"other","3515",2147,182,358,20,2
18,"male","5616",2115,84,165,110,2
27,"male","3516",1920,58,300,80,3
18,"female","1023",2454,220,262,39,4
30,"female","3515",1874,53,387,20,1
55,"male","9728",2626,220,181,62,2
35,"female","5025",1392,57,284,22,6
89,"male","2545",2524,168,249,54,0
77,"female","4811",1480,49,301,27,6
64,"male","3514",2242,59,292,80,4
62,"female","5644",1812,186,126,56,5
50,"female","6221",2538,122,388,42,2
29,"male","5025",1945,30,387,20,4
76,"female","3515",1839,59,231,84,6
35,"female","3514",2380,71,241,144,3
71,"female","3024",2121,80,315,52,2
20,"female","3515",1694,104,240,60,4
62,"female","3542",1999,74,263,107,5
48,"male","3024",1852,89,322,28,2
44,"female","3035",2563,48,478,54,1
49,"male","5025",2164,142,311,20,6
79,"male","5644",2040,32,317,65,2
89,"male","3035",2125,50,303,89,6
45,"male","6535",2021,86,265,56,4
75,"female","5634",1939,126,263,49,4
77,"male","5622",2058,165,332,20,4
70,"male","8912",2484,95,437,41,6
61,"female","3024",2214,130,332,42,3
36,"male","3026",2236,149,404,26,3
52,"female","8927",2669,115,317,98,5
79,"female","3516",1704,30,310,56,2
89,"female","5025",1606,138,243,20,3
31,"female","1035",2224,84,368,20,3
27,"female","1028",1728,142,231,29,2
71,"female","1823",1349,47,297,20,5
42,"other","6224",2121,169,378,20,3
66,"female","9728",1903,136,219,28,5
62,"male","1033",2137,151,364,20,3
48,"female","1033",1873,107,256,62,3
29,"male","8912",2301,220,157,74,2
48,"male","6535",1745,52,328,34,5
52,"female","3511",2223,56,303,72,1
67,"male","4825",2162,220,237,31,6
35,"male","6211",3045,98,421,28,4
81,"female","4825",2096,220,216,20,6
74,"male","1023",2097,82,427,20,6
59,"male","1028",1758,55,217,52,2
35,"female","6221",2309,122,268,91,3
24,"male","9721",2176,35,388,102,3
53,"male","5634",2201,69,315,102,3
39,"other","5634",2116,199,342,20,5
55,"female","1028",2303,79,346,62,1
70,"female","1035",2135,137,291,57,3
25,"male","8912",2045,30,308,99,5
78,"female","5646",1815,191,154,53,0
85,"female","5012",2297,34,462,21,3
46,"female","4822",2164,55,462,62,2
70,"male","1823",1815,102,384,20,4
52,"male","2517",2474,220,213,27,3
27,"male","9711",2439,218,155,107,0
80,"male","4817",2303,118,207,111,5
23,"male","4811",2479,220,213,62,3
26,"male","1036",2004,30,351,20,1
41,"female","5033",2315,32,327,94,2
34,"male","8921",2911,98,385,88,2
53,"female","5644",1643,149,231,20,4
75,"female","8927",2592,160,392,45,6
50,"male","3515",2252,214,353,20,1
67,"female","8921",1882,37,308,69,3
62,"female","3542",2005,61,317,74,5
60,"female","3515",1974,30,402,20,6
67,"male","9721",2169,149,80,107,2
24,"female","1023",2057,176,231,42,5
80,"female","9728",1734,64,319,20,4
40,"male","2545",2418,48,114,180,4
23,"female","4811",2465,30,475,38,1
49,"male","1825",2148,45,323,79,4
21,"female","5033",1827,91,229,70,4
35,"male","3511",2800,160,151,152,0
83,"female","6535",1408,87,234,38,3
82,"female","3515",1800,153,335,20,4
22,"female","9711",2586,220,155,123,2
62,"female","3542",1597,30,376,22,1
71,"female","3514",2096,118,167,98,4
66,"female","3516",1822,92,242,49,2
58,"female","9711",2163,220,171,40,4
76,"male","2014",1976,57,414,20,5
72,"other","3035",2195,178,216,88,2
18,"male","9735",2423,103,163,144,0
79,"female","3516",1402,30,292,48,2
38,"female","1023",2212,137,186,102,3
44,"male","4825",1939,110,348,20,4
63,"female","8921",2015,49,236,85,1
87,"male","3514",2229,30,331,116,3
28,"male","1046",2286,182,175,93,1
32,"male","1046",2231,220,201,33,2
80,"male","4817",1918,58,317,69,6
28,"female","9712",2352,88,188,138,1
86,"male","1825",2078,81,299,45,5
60,"female","1813",1853,61,356,20,5
38,"male","8927",2553,94,374,48,2
81,"male","6535",1603,57,332,20,5
83,"male","5045",2199,176,297,27,3
49,"male","5644",2351,54,334,81,3
20,"female","3515",1956,56,387,29,3
70,"female","3534",1773,156,225,20,2
71,"female","5632",1961,70,214,107,2
69,"female","5622",1505,215,163,57,3
25,"male","5621",2311,34,369,45,2
41,"female","3511",2049,48,286,44,4
70,"male","5045",2205,114,387,20,7
57,"male","3534",2448,30,491,29,5
51,"male","4817",2271,85,236,107,4
22,"female","5646",1959,163,288,35,2
44,"female","4817",1991,62,261,82,3
75,"female","3515",1881,57,282,57,9
84,"female","4825",1830,76,319,28,7
26,"female","2517",2386,157,392,20,2
80,"female","2014",1845,56,237,77,4
20,"male","3041",2320,149,372,45,8
76,"female","3515",1939,30,425,20,3
38,"female","9731",1820,220,86,46,4
86,"male","1036",2178,124,281,59,5
64,"female","9728",2200,214,263,61,4
24,"male","3511",2315,166,248,111,1
43,"male","3511",2072,125,187,99,3
56,"other","3511",2140,83,372,45,1
85,"male","1031",1791,79,267,51,7
83,"male","5612",2340,119,304,45,3
29,"other","5644",2397,54,360,53,1
46,"male","5033",2160,30,291,93,2
30,"male","5634",2093,131,208,58,1
41,"male","6514",2046,99,352,25,1
28,"female","3534",2030,30,308,80,2
35,"female","1031",1809,48,312,46,3
64,"other","4822",2158,40,374,29,3
46,"male","1031",2044,174,219,72,3
27,"male","4811",2470,37,467,66,4
20,"female","1823",2191,144,388,20,8
82,"male","3024",2407,35,459,48,5
81,"male","6535",1603,139,143,72,6
24,"other","3514",2413,115,287,64,0
47,"male","5622",2423,39,522,20,6
87,"male","1033",2313,120,247,101,6
82,"male","9712",2199,184,118,76,4
56,"female","1825",2160,189,254,44,3
52,"male","6221",2378,154,421,48,6
72,"female","3548",2015,92,345,20,5
64,"male","1031",2068,111,271,55,1
35,"female","1036",2094,146,361,26,0
64,"male","3534",2023,220,192,22,2
53,"female","9735",2107,32,280,98,0
29,"female","5644",1946,30,221,89,5
26,"male","3035",2687,206,323,51,2
30,"female","3024",2456,49,374,76,2
82,"male","5621",2123,158,328,49,3
42,"male","5646",2004,74,324,78,3
82,"male","4811",2096,140,363,20,4
64,"male","5622",2617,220,268,57,5
41,"female","3026",1809,204,163,52,2
32,"female","3516",1825,182,90,20,1
81,"male","5646",2406,142,456,20,3
87,"female","5033",1550,41,133,75,1
44,"male","6221",2343,65,302,73,3
29,"male","5025",2366,87,488,20,6
34,"female","5612",2388,126,160,103,1
21,"male","1813",1828,116,298,20,7
89,"male","1028",1678,72,187,103,1
89,"male","5644",2122,179,389,26,5
81,"male","3514",2297,165,430,25,6
31,"male","9712",2800,220,396,40,2
62,"female","3542",1637,145,222,20,4
88,"female","5022",1949,125,169,58,7
21,"male","1813",1925,127,258,38,4
68,"male","1023",2133,124,313,41,5
21,"female","6224",2183,30,319,84,6
82,"male","8927",2480,190,361,20,6
72,"female","2517",2045,137,310,20,6
49,"male","5632",2415,45,401,91,2
56,"female","8921",2525,82,303,143,3
52,"male","9735",2282,197,229,54,3
78,"female","2014",1356,30,172,89,4
65,"female","5634",1844,119,277,35,10
62,"female","4825",1479,30,270,61,5
33,"male","5025",2000,220,258,26,8
24,"female","5634",2106,106,208,72,1
46,"male","5033",2160,30,512,40,2
62,"male","8927",2862,212,301,28,3
37,"male","1813",2456,126,272,20,7
66,"female","5644",1425,79,100,91,1
61,"other","9712",2214,160,136,104,1
86,"female","3026",1800,134,100,89,4
25,"male","1028",1968,108,155,90,1
52,"other","5022",2231,137,406,25,4
62,"male","8912",2146,95,310,58,3
74,"female","9712",1850,108,273,26,4
80,"male","3035",2423,220,304,20,5
47,"female","5634",1987,76,304,84,2
25,"female","1028",2190,67,118,139,1
18,"male","5634",2029,30,224,67,2
57,"male","8912",2071,220,210,20,4
30,"female","3542",1913,99,240,79,3
71,"male","6535",1634,88,266,20,3
79,"female","5014",1928,82,356,20,6
80,"female","8927",2296,220,261,20,4
38,"male","5646",2653,220,286,76,5
51,"male","1823",1819,61,404,20,7
25,"other","3511",2371,64,80,150,1
52,"female","3023",2340,82,365,32,1
79,"male","3023",2166,126,301,57,3
34,"male","4816",2384,220,288,30,2
83,"male","1031",1953,30,212,89,7
42,"male","6211",2270,85,333,80,1
61,"female","4811",2237,148,332,20,5
65,"male","3041",1859,38,333,40,6
71,"female","6216",1827,47,207,75,3
62,"female","2014",1878,41,325,22,3
35,"female","6221",2309,148,269,66,3
48,"female","5612",2260,172,364,20,6
84,"female","8912",1865,41,386,20,5
71,"other","6211",2113,39,305,81,2
35,"female","5612",2308,55,366,60,0
71,"female","1035",2491,181,359,22,6
33,"female","1028",2338,74,118,150,3
48,"female","1033",1411,51,208,43,3
57,"male","3542",2212,220,204,55,2
75,"male","3024",2268,142,297,49,6
77,"male","5621",1537,30,257,20,6
20,"male","5612",2298,220,142,62,5
89,"female","3511",2306,63,534,39,5
85,"female","3515",1543,30,292,20,8
62,"male","3023",2557,63,257,122,1
60,"male","1825",2544,79,501,20,4
28,"female","5033",2253,151,354,66,3
41,"male","1033",2427,197,264,131,1
49,"female","9712",2165,152,96,131,1
36,"female","1046",1697,30,244,77,3
53,"male","5634",2403,204,332,39,2
62,"female","8912",2140,185,247,47,2
80,"male","9721",1940,65,305,58,3
53,"female","3515",1988,218,236,26,2
75,"male","6224",1651,166,209,20,3
31,"female","6535",1634,99,247,24,6
48,"male","6211",2575,107,484,93,2
42,"female","3041",2095,30,285,93,7
72,"other","1023",2219,220,291,35,3
62,"male","1823",1817,201,192,20,3
29,"male","1028",2218,47,338,93,7
32,"female","3035",2483,49,435,113,0
55,"male","4811",2630,87,498,28,5
40,"female","5644",1783,74,131,105,0
71,"female","6216",1865,70,207,98,1
71,"female","2545",2789,155,434,67,2
54,"male","6224",1950,90,322,47,4
71,"male","5622",2482,220,281,21,5
62,"female","6224",1998,85,351,20,4
57,"female","6535",1379,30,185,38,4
27,"male","5022",2291,191,297,20,6
57,"male","3534",2159,33,333,86,0
30,"female","3024",2372,186,363,33,4
35,"female","5014",2285,220,275,20,3
34,"other","4825",2018,220,142,26,6
28,"other","5014",2199,30,319,70,1
78,"male","1823",2665,190,387,63,6
43,"male","1036",2282,122,303,67,5
20,"female","4811",2365,61,419,36,2
71,"female","2517",2001,180,332,20,2
40,"male","4825",1939,39,412,32,1
49,"male","4817",2271,207,257,34,0
39,"male","2014",2153,220,126,69,5
54,"male","3035",2020,44,360,39,2
47,"male","5022",2338,220,253,29,8
77,"female","3516",1402,30,376,41,1
80,"other","3026",1791,69,393,20,8
21,"female","1033",2038,174,355,20,4
52,"male","2517",2512,220,181,20,3
42,"female","5634",2012,102,260,60,4
35,"male","6535",1847,220,241,20,1
72,"female","3548",2015,86,349,20,2
36,"female","1046",2154,85,321,58,6
66,"male","5022",2482,150,380,31,8
60,"male","5012",2544,114,439,29,3
58,"male","1033",2257,40,435,56,2
78,"female","9712",1574,99,123,61,3
46,"female","5616",2011,134,335,20,9
83,"male","6224",1878,76,351,20,2
41,"female","5616",1657,64,247,85,7
70,"female","3534",1905,96,180,109,2
65,"female","1036",1888,79,287,35,5
74,"female","3511",2239,72,400,53,3
76,"male","4811",1878,30,367,30,3
53,"female","9731",1440,43,225,33,3
84,"female","9712",1692,52,126,105,5
79,"male","3023",2166,131,260,62,4
84,"female","9712",1720,183,194,20,4
30,"female","4816",2220,80,346,20,3
42,"female","2545",1710,58,159,112,8
69,"male","4825",2395,159,232,78,5
48,"male","1035",2474,38,506,20,3
62,"male","5632",2133,129,215,62,1
32,"female","9721",2142,35,322,93,2
57,"male","4816",1898,59,288,32,10
25,"male","4825",2302,147,282,43,1
71,"female","3516",1475,97,312,48,3
87,"male","5646",1977,145,333,20,3
49,"female","6514",1761,134,219,38,1
62,"male","1823",2068,195,236,35,5
51,"male","3514",2686,206,332,20,2
59,"female","3534",2341,192,381,53,2
52,"male","1031",1858,141,228,30,2
69,"female","1023",2219,103,460,22,6
44,"male","4825",2252,47,462,54,0
73,"female","4811",2662,181,379,31,2
62,"female","6216",2005,85,359,20,3
85,"female","5616",2142,60,341,55,7
69,"female","6216",1865,175,233,27,4
41,"male","1033",2148,89,161,140,3
87,"male","1825",1962,77,266,71,10
25,"male","3024",1972,89,359,27,3
22,"female","5646",2234,153,341,20,1
62,"male","6514",1995,220,186,20,6
24,"female","2014",2302,186,213,88,0
41,"male","6216",2208,53,366,36,1
75,"female","1028",1642,149,154,55,2
71,"female","2014",2440,71,257,141,1
19,"male","3023",2719,110,296,179,0
61,"male","5012",1985,33,300,58,3
27,"male","3026",1987,220,200,20,5
42,"male","3041",1857,38,333,20,4
52,"other","3026",2432,220,371,20,3
84,"female","1825",1543,69,171,77,8
60,"female","1813",1944,127,277,20,4
86,"female","4817",1793,62,218,50,2
61,"female","3024",2025,82,297,47,2
71,"female","5616",1773,52,290,42,3
25,"male","3035",2152,65,480,20,1
41,"male","5033",2431,32,98,173,1
35,"male","3516",2076,119,103,104,0
63,"female","1036",2348,89,237,111,7
19,"female","5045",2260,220,253,32,5
43,"female","8912",2130,69,343,26,2
44,"male","5014",2755,161,498,20,4
46,"male","2014",1951,35,309,50,3
66,"female","3041",1654,44,347,20,6
86,"male","5621",1944,50,325,57,2
35,"male","5632",2065,220,217,62,2
86,"male","3534",2089,142,393,28,6
34,"male","8921",2398,65,143,152,1
35,"male","3026",2304,85,503,20,6
57,"male","1028",2657,220,206,56,2
42,"female","3514",2333,115,187,137,8
18,"other","5622",2053,161,359,20,2
58,"male","1035",2087,114,320,72,5
63,"female","3514",2280,220,213,20,5
42,"other","6211",2853,174,439,20,0
53,"female","5632",2417,129,345,53,3
33,"male","5025",1862,85,341,20,3
24,"male","3531",2665,53,600,20,2
78,"male","3534",2060,106,190,91,2
30,"male","1823",2397,117,456,20,5
54,"male","3024",2384,104,458,20,2
79,"female","1023",2303,32,514,33,4
62,"male","1823",2243,126,388,23,4
25,"male","1028",2464,190,350,38,2
71,"female","5621",1612,36,343,35,3
89,"male","2517",2053,78,286,78,7
35,"female","9711",2553,220,154,129,2
62,"male","3511",2137,40,320,81,5
75,"male","1825",2665,220,86,43,4
37,"other","3023",2154,216,116,84,3
35,"female","8927",2437,220,194,22,4
64,"female","5646",1844,105,314,20,4
32,"female","9712",2627,58,551,27,4
21,"female","3516",2055,83,260,79,0
60,"male","5634",2403,153,232,119,3
20,"female","1825",2285,136,233,73,4
56,"female","8921",2208,30,305,86,1
34,"female","2517",2537,220,192,20,4
37,"female","6211",2622,220,286,30,3
58,"male","9711",2347,30,291,122,2
50,"male","5025",2432,170,439,20,2
71,"female","6216",1643,68,247,62,4
68,"female","9731",1536,99,171,62,2
47,"male","5622",2457,96,426,58,8
44,"male","1028",2116,80,225,108,0
30,"female","4816",2220,30,452,27,5
27,"male","3026",1987,220,246,20,1
86,"female","5634",1800,64,321,43,5
89,"male","8927",2009,220,182,20,3
72,"male","9728",2043,157,321,20,3
53,"other","5025",1668,172,248,20,3
42,"male","8912",2309,30,324,104,4
82,"female","3511",1720,96,246,52,4
84,"female","5612",2229,57,380,42,2
49,"male","3024",2153,149,349,20,2
51,"male","1823",1912,122,298,20,8
74,"female","1046",1802,140,242,47,1
48,"male","4817",2566,220,212,45,2
18,"male","6216",2109,105,358,23,1
75,"male","1825",2252,220,190,31,4
82,"male","8927",2756,190,216,121,5
42,"other","8912",1709,75,222,85,2
32,"male","3026",2074,68,323,79,1
42,"female","5622",1991,182,332,23,2
68,"male","9728",2920,84,406,67,4
67,"female","5014",1671,32,323,24,5
56,"male","6535",1822,78,245,58,2
53,"male","9728",1852,192,172,39,2
77,"male","6224",1634,30,312,44,4
72,"male","5612",2645,39,542,38,9
64,"male","4811",2450,80,458,47,5
37,"female","6216",2088,96,289,48,5
78,"female","1031",1859,78,146,102,2
41,"male","1033",2148,108,217,107,3
42,"male","6224",2003,57,403,24,5
80,"female","1035",1881,61,214,101,6
33,"male","5014",2031,220,305,20,6
69,"male","4811",2450,125,447,34,2
37,"other","6514",2147,61,202,121,3
83,"female","9731",1200,45,256,34,4
85,"female","5045",1872,30,474,20,3
55,"female","5012",1931,53,247,79,1
75,"male","9721",2223,147,80,104,3
40,"female","5012",1974,53,317,58,3
58,"female","4822",2020,86,357,62,0
57,"male","1033",2435,195,381,20,3
55,"female","5012",2064,33,255,85,3
50,"male","8921",2781,219,102,123,3
30,"female","5022",2622,220,372,31,4
52,"male","3515",2137,154,321,20,6
38,"female","3516",1822,38,247,83,4
71,"female","3516",1640,30,328,52,3
51,"male","2545",2305,126,408,20,3
70,"female","3534",1914,119,190,74,4
61,"female","3024",1908,61,223,88,0
59,"female","1813",1658,116,251,36,6
61,"male","6535",1806,70,223,69,2
35,"other","1033",1532,100,186,46,2
52,"female","3511",2140,70,168,145,4
82,"male","5634",1543,74,211,63,3
65,"female","3024",1956,165,127,52,5
69,"male","4816",2410,30,381,43,5
18,"female","3024",2100,83,408,20,1
20,"female","3023",2459,127,234,145,0
40,"male","3026",2169,60,319,95,6
84,"female","6224",1795,76,404,20,1
43,"male","3026",2482,71,444,20,2
70,"female","5632",1905,30,295,44,7
81,"female","5022",2135,220,161,47,7
23,"male","4811",2369,213,331,24,7
85,"female","8912",1358,75,141,78,7
25,"male","1033",1968,30,401,20,5
75,"female","4816",1906,82,295,22,4
87,"female","1035",1931,81,307,64,7
57,"male","4817",2779,30,551,32,4
25,"female","8912",2084,48,314,81,1
77,"female","5025",1392,57,294,20,4
83,"female","9735",1763,149,127,57,5
44,"female","3514",2467,48,370,90,2
43,"female","5025",1791,134,263,38,2
35,"female","1036",1534,65,100,75,4
22,"female","5646",2196,143,416,20,3
40,"female","9721",2223,97,118,83,3
35,"female","1825",1629,69,100,80,4
78,"male","1023",2462,90,406,50,2
33,"male","6535",1745,166,178,39,2
54,"male","9731",2432,195,154,102,4
26,"female","3511",1998,30,308,82,4
84,"male","3542",1960,30,156,166,7
47,"female","4816",2488,220,305,20,6
85,"female","6211",1936,130,228,37,6
88,"male","5646",1993,75,234,97,8
72,"female","3548",1683,69,306,41,2
64,"male","3041",1726,113,222,44,3
78,"female","8921",2229,220,263,47,2
79,"male","3023",1888,131,301,37,5
78,"other","5616",2059,96,242,79,2
38,"female","1035",2232,91,344,71,3
55,"male","3515",2411,45,511,20,5
75,"female","9731",1789,30,302,41,8
28,"other","5014",1998,89,311,25,4
70,"female","5022",1887,220,294,20,3
76,"female","3023",1776,117,353,29,9
79,"female","6535",1650,146,204,20,2
59,"male","5632",2305,160,324,45,2
26,"female","1028",2424,213,242,56,1
76,"female","9711",1979,53,263,82,2
83,"male","3511",2218,69,400,39,5
80,"female","6216",1515,68,208,30,3
49,"male","3035",2446,144,307,34,2
56,"female","3511",2140,108,219,91,1
24,"female","8921",2168,30,236,103,3
35,"other","6514",2083,30,402,55,7
48,"male","1035",2229,84,384,51,5
27,"male","9711",2439,220,154,119,1
84,"male","3024",2385,145,297,52,1
75,"male","3548",2272,217,213,21,5
89,"male","5033",1787,30,328,48,1
39,"male","2014",2281,147,423,20,3
43,"male","5632",2928,220,139,22,2
60,"female","3515",2055,30,379,70,5
69,"female","4816",2151,149,311,60,3
84,"male","3542",1605,145,218,29,5
55,"male","3026",1783,30,402,23,4
71,"female","2545",2024,37,270,86,2
42,"female","1823",1471,47,367,22,7
78,"female","5022",1777,77,352,27,8
79,"male","5616",2615,97,441,25,5
20,"female","8927",2437,220,194,37,3
20,"female","5012",2188,30,374,68,2
62,"other","9712",2077,30,323,62,0
83,"female","5632",2169,65,348,24,1
24,"male","8921",2191,80,304,74,1
65,"female","3515",1958,41,349,20,5
55,"female","3534",2206,105,192,99,4
30,"male","9712",2343,168,230,96,4
66,"female","6224",1844,139,122,54,3
