age,gender,zip_code,daily_kcal,protein_g,carbs_g,fat_g,fruit_portions
32.0,male,9710.0,2237,30,388,56,0
66.0,female,3027.0,1935,220,200,20,2
23.0,female,5026.0,1880,85,369,20,4
34.0,male,8911.0,2237,98,292,73,2
80.0,male,1032.0,2271,158,283,38,3
20.0,male,1824.0,2173,148,248,73,3
57.0,female,4820.0,2129,195,331,27,2
60.0,female,6532.0,1812,204,136,45,2
82.0,male,4810.0,2089,131,311,45,5
43.0,male,6213.0,2512,51,479,45,3
80.0,male,2543.0,2184,76,400,20,2
64.0,male,4815.0,2395,92,397,20,3
20.0,male,3024.0,2650,196,297,61,0
45.0,female,9728.0,2130,41,485,23,4
42.0,other,5026.0,2413,113,426,20,3
47.0,female,3515.0,2157,144,359,20,5
64.0,female,5620.0,1525,51,229,53,2
39.0,male,3515.0,2519,220,290,29,5
69.0,female,5631.0,1677,98,264,41,5
84.0,male,5049.0,1764,125,206,28,4
71.0,female,6216.0,2113,71,338,53,2
71.0,male,6516.0,1935,216,149,20,6
85.0,male,3542.0,2132,69,347,20,3
31.0,male,6515.0,1860,164,132,89,4
58.0,male,1046.0,2097,57,366,37,1
86.0,male,1028.0,1794,30,161,103,7
60.0,male,9734.0,2450,55,186,180,2
66.0,male,3532.0,2426,57,278,87,3
38.0,male,5632.0,2286,220,145,20,2
48.0,male,5609.0,1979,164,132,109,1
80.0,male,1023.0,2462,30,457,20,6
66.0,male,3024.0,2336,116,335,67,4
53.0,female,3531.0,2465,48,467,47,2
88.0,male,2517.0,1993,190,155,56,3
33.0,female,3513.0,2311,210,273,30,2
21.0,male,9736.0,2286,53,173,133,0
79.0,female,3511.0,1574,220,189,20,1
38.0,male,2016.0,1922,53,406,23,3
32.0,female,9729.0,2306,210,283,30,4
76.0,male,2546.0,2628,220,221,100,0
29.0,female,5611.0,2439,152,380,40,3
71.0,male,4816.0,2170,54,402,47,5
37.0,male,5028.0,2493,105,338,108,2
59.0,male,9732.0,1731,131,199,20,6
23.0,male,9729.0,2141,131,368,50,1
30.0,female,3024.0,2220,68,385,39,4
87.0,female,3023.0,1928,85,322,47,6
22.0,male,6216.0,2468,213,300,20,2
70.0,male,8922.0,1827,198,201,38,4
90.0,male,1023.0,2592,207,306,52,2
30.0,female,5620.0,2643,103,404,25,5
73.0,female,5643.0,2385,67,503,23,9
59.0,female,2543.0,2192,166,136,107,3
18.0,male,3026.0,2168,78,381,29,2
38.0,male,5616.0,2635,220,391,34,2
23.0,female,5622.0,2412,61,310,55,3
53.0,female,9732.0,1853,78,263,41,4
41.0,male,2516.0,2292,30,468,20,5
57.0,male,5010.0,2185,96,348,29,2
28.0,female,1039.0,2431,30,114,180,2
29.0,female,3530.0,2779,176,420,20,2
17.0,male,6222.0,2900,220,301,42,2
46.0,female,4816.0,2321,39,401,48,3
60.0,female,1825.0,1840,159,178,39,4
80.0,male,1038.0,2203,184,223,42,5
35.0,male,9728.0,2186,35,297,97,4
37.0,other,5635.0,1600,30,216,34,4
44.0,male,5012.0,2346,30,378,43,1
68.0,female,5014.0,1502,47,303,20,5
17.0,other,3533.0,2454,30,396,68,4
91.0,male,5616.0,2357,186,212,102,5
72.0,other,3543.0,2120,105,323,49,5
75.0,male,5610.0,2340,172,355,21,3
88.0,male,1031.0,2138,74,332,61,3
73.0,female,3516.0,2197,36,371,70,6
34.0,female,5632.0,1866,30,441,26,3
67.0,male,5021.0,2415,45,480,20,4
82.0,female,5634.0,1507,88,250,59,5
84.0,female,8910.0,1865,163,236,20,4
53.0,female,3533.0,2163,109,287,43,3
30.0,female,3516.0,1895,30,402,20,1
78.0,male,5623.0,2271,206,300,20,3
44.0,male,1822.0,2148,118,303,51,2
79.0,male,1034.0,2756,35,407,62,5
56.0,female,3508.0,2231,137,163,107,3
17.0,female,1031.0,2171,67,351,37,4
28.0,female,1027.0,2112,63,346,20,3
46.0,female,3532.0,2367,166,384,20,2
72.0,male,3547.0,2080,92,359,20,2
55.0,male,5045.0,2373,135,398,20,1
77.0,female,9722.0,1941,83,176,111,3
25.0,male,1036.0,1968,30,324,82,2
81.0,female,8911.0,1634,30,302,47,5
80.0,male,2011.0,2286,217,342,20,4
51.0,female,3540.0,1935,120,357,20,8
37.0,female,9724.0,2537,82,345,75,3
33.0,male,9715.0,2577,220,95,83,4
28.0,male,4818.0,2749,220,221,45,4
77.0,male,5618.0,1934,88,255,101,3
24.0,female,1035.0,2330,71,368,47,2
32.0,female,4821.0,1806,195,190,53,2
89.0,male,6216.0,1953,60,282,59,3
90.0,male,6210.0,1986,183,271,31,4
57.0,female,1046.0,1783,65,337,20,1
83.0,female,3510.0,2290,117,440,53,1
46.0,female,5012.0,1978,30,255,78,0
23.0,male,6214.0,2320,44,366,47,5
46.0,female,5014.0,2093,220,142,20,6
80.0,female,9721.0,1681,76,97,116,5
41.0,male,8927.0,2423,220,213,37,2
64.0,female,4822.0,1823,92,357,20,5
31.0,male,3547.0,1973,196,265,22,0
88.0,female,3514.0,1741,30,212,86,5
41.0,male,3025.0,2236,207,233,20,4
50.0,male,4818.0,2401,118,365,102,7
49.0,male,8917.0,2773,219,138,103,5
85.0,female,1035.0,1890,99,303,30,6
72.0,male,2545.0,2340,51,431,20,1
65.0,female,4821.0,1716,93,205,70,1
79.0,female,5014.0,1950,30,412,20,1
71.0,male,6221.0,1723,76,296,23,3
20.0,male,1027.0,2200,30,369,93,2
88.0,female,3510.0,1928,149,122,106,6
34.0,female,1033.0,2412,84,336,73,7
32.0,female,1823.0,2350,30,341,142,1
19.0,male,2014.0,2237,30,308,116,3
76.0,female,1035.0,1890,54,229,101,2
33.0,male,4815.0,2755,220,428,20,1
48.0,male,6214.0,2402,162,201,78,1
59.0,female,9715.0,1808,186,144,69,3
42.0,male,6224.0,1874,149,219,44,2
64.0,female,1823.0,1840,76,315,28,3
62.0,female,1035.0,2279,140,336,49,6
63.0,female,5025.0,1623,154,237,20,7
82.0,female,4824.0,2150,79,373,38,2
31.0,male,4808.0,2552,220,209,20,4
58.0,male,5631.0,2296,188,244,75,4
74.0,female,1037.0,1948,147,272,46,1
54.0,male,5630.0,2201,220,176,20,6
88.0,female,3025.0,1949,168,104,89,5
35.0,male,5027.0,1862,64,302,42,8
83.0,male,1816.0,1866,151,271,46,4
46.0,female,1809.0,2005,78,316,84,3
84.0,female,4823.0,1610,50,145,78,2
21.0,female,9713.0,2038,51,194,122,1
29.0,female,3533.0,2352,35,334,84,8
28.0,male,5012.0,2571,220,268,43,10
38.0,male,1811.0,2486,104,364,52,2
26.0,male,3022.0,2650,100,235,142,1
19.0,female,2514.0,2261,165,345,22,2
86.0,male,9728.0,1892,92,264,69,5
82.0,female,3513.0,1754,30,376,20,3
49.0,female,9722.0,2309,82,322,56,1
80.0,female,4810.0,1877,56,264,100,7
31.0,male,1034.0,2292,58,358,80,3
90.0,other,4819.0,2067,204,160,71,1
34.0,male,8924.0,2911,220,139,107,1
51.0,female,1812.0,1958,220,246,21,5
21.0,female,6216.0,1664,59,253,84,1
62.0,female,3531.0,2398,75,299,95,5
70.0,male,5021.0,2290,127,360,20,10
53.0,female,8928.0,2517,85,392,51,5
35.0,female,6221.0,2785,113,420,41,1
62.0,female,3036.0,2163,66,233,125,3
19.0,female,3515.0,2055,109,298,20,6
29.0,male,6216.0,2312,215,352,20,1
53.0,male,4811.0,2448,220,207,20,2
88.0,female,3022.0,1735,40,290,33,3
36.0,male,3548.0,2042,164,195,39,4
86.0,male,5643.0,1880,62,324,71,2
57.0,male,8911.0,1912,57,309,74,5
86.0,male,5025.0,1747,76,306,20,1
65.0,female,1036.0,1890,214,190,62,6
70.0,male,6221.0,2315,115,353,65,4
87.0,female,3035.0,1912,65,413,20,3
19.0,female,3039.0,1692,179,223,20,4
21.0,male,5630.0,2458,191,247,121,3
78.0,male,4816.0,2050,64,317,65,5
34.0,male,8919.0,2734,220,102,119,1
84.0,male,1037.0,2385,220,213,24,4
88.0,female,5618.0,1717,50,180,76,2
63.0,female,9729.0,2237,86,299,80,3
37.0,male,2515.0,2242,70,468,20,5
40.0,male,2014.0,2347,220,329,20,3
79.0,female,3542.0,1515,78,280,43,3
54.0,female,3548.0,2303,116,282,51,3
20.0,male,5024.0,1829,38,402,20,0
72.0,female,9731.0,1504,148,146,54,5
40.0,male,8912.0,1922,154,333,20,3
77.0,female,5619.0,1734,36,180,77,3
74.0,female,8926.0,2668,160,339,64,4
21.0,male,2545.0,2559,149,380,45,1
31.0,male,2014.0,2516,151,309,51,5
74.0,male,3514.0,2396,104,430,25,2
19.0,female,3041.0,1748,181,223,20,4
47.0,male,3025.0,2289,30,459,25,2
63.0,female,5646.0,1849,98,202,68,5
18.0,female,5022.0,2103,48,285,54,3
62.0,male,9713.0,2282,141,262,67,3
32.0,male,1818.0,1920,127,361,20,7
69.0,male,3026.0,2039,43,323,79,7
37.0,male,6222.0,2148,96,280,44,3
81.0,male,5047.0,2199,133,317,46,3
45.0,female,1822.0,1995,218,294,20,6
87.0,male,6219.0,2089,32,338,46,0
36.0,female,5010.0,2089,220,161,55,2
21.0,female,6225.0,2533,123,427,28,1
41.0,male,3043.0,1857,220,195,27,4
38.0,male,1037.0,2036,30,286,52,3
65.0,male,3509.0,2095,40,265,108,3
84.0,female,4817.0,2097,143,317,33,3
49.0,male,5631.0,2737,97,177,123,7
24.0,male,3034.0,2571,220,253,32,5
80.0,male,9712.0,1930,90,302,22,4
31.0,male,9732.0,1858,70,146,151,2
80.0,female,4820.0,1929,49,155,115,2
80.0,male,5023.0,2551,145,470,29,6
54.0,male,5046.0,2343,130,398,51,3
42.0,female,3510.0,2378,127,233,127,2
51.0,male,3544.0,2351,175,408,24,3
71.0,female,1824.0,1650,214,192,20,3
72.0,female,2517.0,2045,146,357,20,10
39.0,male,5635.0,2368,220,145,20,5
87.0,male,3023.0,1956,82,337,42,5
82.0,female,1027.0,1499,30,203,64,1
76.0,female,5629.0,1928,30,342,48,2
49.0,female,5033.0,2113,30,459,20,4
24.0,male,4816.0,2315,118,458,22,1
89.0,female,1823.0,1949,154,272,32,3
36.0,female,6209.0,2363,169,380,20,4
62.0,female,3513.0,1822,220,150,61,3
72.0,female,3022.0,2271,155,282,68,1
29.0,other,3041.0,2360,149,184,83,3
76.0,female,4811.0,1734,37,323,22,6
41.0,male,5610.0,2268,220,275,57,1
51.0,female,3512.0,2281,56,303,82,0
76.0,male,1822.0,1734,149,214,20,3
64.0,male,3041.0,2016,162,225,40,2
84.0,female,4825.0,2552,102,330,115,9
73.0,female,5634.0,1200,30,216,53,4
72.0,female,9722.0,1941,37,221,86,1
85.0,other,9735.0,1540,48,154,70,3
24.0,female,6514.0,2191,44,477,20,7
24.0,female,4811.0,2542,148,329,37,1
69.0,male,3024.0,2115,30,410,20,6
38.0,male,6223.0,1948,108,248,101,5
23.0,female,3036.0,2274,198,304,20,5
80.0,male,8917.0,2286,104,237,84,2
61.0,female,1027.0,1345,97,225,39,4
72.0,female,5627.0,2141,220,145,78,1
39.0,male,5022.0,2465,206,427,20,3
23.0,male,3026.0,2461,40,475,20,6
65.0,female,9732.0,1536,188,111,56,6
74.0,female,2544.0,2297,104,163,152,7
34.0,female,5033.0,1758,61,230,49,5
51.0,female,3024.0,2208,133,431,20,2
67.0,male,5021.0,2258,109,449,20,5
77.0,male,2014.0,2242,67,448,20,4
63.0,male,9728.0,2793,220,327,20,3
23.0,female,3022.0,2003,30,428,20,1
67.0,female,3534.0,2144,153,361,34,5
50.0,male,1042.0,2045,87,379,23,2
85.0,female,3023.0,1854,148,100,86,3
44.0,other,3035.0,2251,220,145,20,3
77.0,male,9721.0,2180,149,141,130,3
70.0,female,3534.0,1905,119,249,64,2
88.0,female,1046.0,1854,70,337,20,6
81.0,male,1823.0,2215,128,393,33,3
36.0,male,2014.0,2150,62,401,43,3
45.0,female,5613.0,2260,31,435,51,3
88.0,female,4817.0,1760,62,245,70,2
89.0,female,5011.0,1843,56,153,111,3
24.0,male,4815.0,2297,118,339,30,2
50.0,male,5033.0,2211,104,352,67,3
50.0,other,6222.0,2001,40,287,71,2
61.0,male,3531.0,2315,122,319,43,4
55.0,female,6221.0,2216,31,428,20,3
83.0,male,5620.0,2667,30,457,47,2
54.0,female,8920.0,2019,30,129,150,2
71.0,male,5626.0,2482,84,366,25,4
73.0,female,5614.0,1935,191,150,68,3
79.0,female,5014.0,2096,220,197,20,3
83.0,male,3533.0,2646,158,572,38,9
36.0,male,3520.0,2103,135,322,35,1
86.0,female,1028.0,1606,70,143,78,7
72.0,female,5623.0,1734,61,168,59,5
42.0,male,6213.0,2286,56,204,137,3
25.0,female,5644.0,2438,74,442,70,0
39.0,male,3024.0,2418,186,389,20,1
59.0,male,5015.0,2108,92,342,20,3
89.0,female,2543.0,2022,82,270,50,7
59.0,female,2547.0,2331,116,198,129,7
23.0,male,5648.0,2200,191,254,92,2
70.0,male,8912.0,2235,120,402,36,4
57.0,male,5025.0,1998,155,324,20,3
25.0,female,3513.0,1694,74,168,80,4
71.0,female,9727.0,1466,38,257,23,6
34.0,female,9713.0,2553,135,405,37,2
62.0,male,3511.0,2674,220,150,123,10
75.0,female,4816.0,1784,106,312,28,4
88.0,female,5621.0,1606,30,347,21,6
39.0,male,6221.0,2286,85,382,41,4
40.0,female,6210.0,2377,61,418,72,1
70.0,female,1037.0,1961,88,242,86,5
41.0,male,5022.0,2229,91,440,20,6
40.0,female,3023.0,2127,106,349,62,3
64.0,male,3025.0,1995,220,227,20,2
23.0,female,6222.0,2271,96,268,106,3
60.0,male,2546.0,2201,214,244,41,5
39.0,female,5044.0,2232,161,333,38,1
40.0,female,5024.0,2237,91,426,20,5
79.0,female,9728.0,1963,94,325,63,4
21.0,female,5020.0,2172,151,406,20,1
87.0,female,1823.0,2176,85,378,41,7
19.0,male,3026.0,2461,62,475,20,8
57.0,male,3520.0,2308,211,309,25,3
81.0,male,3024.0,2346,81,373,45,2
70.0,female,3513.0,2404,58,281,128,3
79.0,female,1034.0,1577,127,80,76,6
80.0,male,5025.0,2029,218,305,20,3
25.0,male,5620.0,2311,30,369,48,2
29.0,female,5011.0,2176,109,411,20,1
73.0,female,3533.0,1919,47,388,20,0
76.0,female,8926.0,2592,85,392,67,4
57.0,male,5025.0,1731,113,299,20,7
83.0,male,3515.0,2209,165,213,90,2
51.0,male,4814.0,2173,220,177,20,2
56.0,male,2517.0,2138,220,236,20,2
31.0,female,3509.0,2311,220,82,36,2
64.0,other,1825.0,1897,77,404,20,7
70.0,male,8908.0,2324,220,176,66,6
53.0,male,4816.0,2239,220,263,47,4
88.0,male,5014.0,2088,102,427,20,6
41.0,male,5634.0,2148,104,279,47,3
89.0,female,5016.0,1631,151,217,20,8
40.0,male,6225.0,2080,82,403,43,4
77.0,male,6223.0,1924,220,214,20,2
30.0,female,8920.0,2150,185,142,28,4
42.0,female,1812.0,2107,79,208,121,1
48.0,female,5617.0,1937,93,257,51,5
59.0,male,4825.0,2324,79,375,20,1
88.0,male,6532.0,1747,115,241,57,2
45.0,other,8914.0,2318,41,459,93,2
46.0,female,8929.0,2397,115,310,49,6
59.0,female,3512.0,1923,35,427,20,3
55.0,male,8912.0,2217,30,291,84,5
64.0,male,6212.0,2482,63,416,115,2
57.0,female,5044.0,1783,191,279,30,8
53.0,female,5631.0,2371,78,336,101,1
44.0,male,3023.0,2225,40,257,93,5
51.0,male,5634.0,2223,99,395,35,2
58.0,female,3036.0,2232,59,327,87,5
49.0,male,9735.0,2173,30,376,51,4
39.0,male,3041.0,2208,214,299,26,2
79.0,male,1028.0,1962,135,219,30,4
27.0,female,1032.0,1879,112,182,62,5
40.0,other,5646.0,2399,135,456,26,2
48.0,male,5611.0,2211,69,258,108,2
71.0,other,4823.0,1831,118,279,39,4
72.0,male,6224.0,1810,220,189,20,6
71.0,female,5635.0,2141,220,166,78,1
86.0,female,3511.0,1854,62,317,58,3
83.0,female,6209.0,1755,220,124,40,6
58.0,male,6536.0,2021,68,345,76,5
51.0,female,2014.0,2192,92,354,20,0
22.0,female,5643.0,2438,74,448,81,0
81.0,male,3033.0,2271,210,257,55,6
46.0,female,5634.0,2146,220,138,60,2
54.0,female,8913.0,1807,76,240,51,2
87.0,male,3041.0,2016,82,338,21,2
72.0,female,5621.0,1849,36,182,58,3
66.0,male,6209.0,2256,66,311,72,6
50.0,female,1814.0,2157,169,385,20,3
48.0,female,1823.0,1995,207,214,20,2
52.0,male,3035.0,1992,57,377,27,5
57.0,female,4817.0,2000,174,236,53,2
72.0,female,1021.0,1835,49,257,37,2
42.0,male,5044.0,2353,44,490,20,2
53.0,male,6512.0,1829,45,302,44,5
72.0,male,1823.0,1837,149,333,20,5
62.0,female,5615.0,1991,137,220,59,6
30.0,male,2015.0,2535,38,293,107,4
48.0,male,4818.0,2566,220,243,63,2
37.0,male,5022.0,2391,167,418,20,0
41.0,male,3516.0,2451,84,364,71,1
39.0,male,6215.0,2575,107,435,41,2
73.0,female,5632.0,1906,30,283,42,7
54.0,male,3031.0,1482,38,155,75,7
32.0,female,3530.0,2779,133,474,27,4
30.0,male,6208.0,2156,175,279,64,1
26.0,female,1820.0,1946,30,267,73,5
20.0,male,1029.0,2390,118,245,167,2
73.0,female,3515.0,1710,115,217,57,6
27.0,male,5646.0,2388,220,345,32,3
66.0,female,9732.0,1779,77,234,59,0
37.0,male,5645.0,2431,132,484,22,2
65.0,female,3027.0,1685,220,110,31,3
81.0,female,1033.0,1344,70,143,75,10
48.0,male,6516.0,2126,32,490,23,1
62.0,male,3026.0,1934,220,192,20,2
28.0,female,5622.0,2242,137,292,65,6
54.0,female,1821.0,1877,146,335,20,6
87.0,female,1827.0,1949,39,321,59,7
81.0,male,1034.0,2356,119,291,52,4
68.0,male,9719.0,2061,207,92,68,2
32.0,male,9726.0,2463,113,425,51,4
63.0,male,1026.0,1952,82,346,32,4
24.0,female,6535.0,1736,126,251,21,2
29.0,female,8920.0,2523,67,478,54,1
19.0,male,8914.0,2646,155,430,38,1
88.0,female,4823.0,1200,72,143,80,1
42.0,female,6211.0,2237,131,316,53,1
40.0,other,5646.0,2272,33,542,20,2
36.0,male,3035.0,2385,220,263,32,4
86.0,male,1825.0,2215,70,284,79,6
68.0,male,9727.0,2336,76,299,105,2
79.0,female,1034.0,1881,61,223,98,5
26.0,male,1825.0,1993,85,220,78,2
48.0,male,5015.0,2942,39,600,20,3
83.0,male,3510.0,2400,114,349,68,2
31.0,male,9711.0,2749,110,430,54,2
84.0,female,5612.0,2172,30,331,84,7
38.0,male,6214.0,2097,96,321,44,3
84.0,male,1045.0,2160,92,395,28,3
23.0,female,1035.0,1886,40,308,70,2
41.0,male,5011.0,2566,118,421,54,3
41.0,female,8924.0,2765,163,370,53,6
90.0,female,2519.0,1861,163,332,20,2
29.0,male,3512.0,2533,213,343,30,3
67.0,female,6224.0,1923,119,295,42,4
89.0,male,1028.0,1377,45,169,91,1
57.0,male,5022.0,2474,135,436,20,9
30.0,female,9727.0,1769,134,147,53,4
50.0,female,2015.0,2062,62,286,66,1
26.0,male,1811.0,2260,58,371,51,6
81.0,male,5621.0,2061,177,357,20,2
71.0,male,5009.0,2029,49,199,122,3
72.0,female,9711.0,2548,192,216,109,3
59.0,female,5015.0,2140,91,347,20,5
44.0,female,5616.0,1723,122,271,20,5
69.0,female,1022.0,2158,91,417,22,4
44.0,female,4820.0,2101,30,462,43,2
88.0,female,4813.0,1733,59,244,67,8
81.0,female,5014.0,2352,31,523,20,2
83.0,female,9713.0,1890,108,294,22,6
33.0,female,1030.0,2180,48,386,20,4
64.0,female,4813.0,2238,86,395,40,10
58.0,male,5646.0,2184,129,388,42,10
34.0,other,3023.0,1858,48,324,52,1
81.0,female,3531.0,1868,168,225,62,6
33.0,female,6221.0,1856,77,288,32,1
30.0,female,1029.0,2424,74,303,127,3
33.0,female,3515.0,1825,67,317,20,3
64.0,male,4818.0,2569,95,473,20,3
73.0,male,9712.0,1726,118,159,54,1
45.0,female,3513.0,2157,67,363,54,2
82.0,female,4816.0,2097,50,455,32,7
39.0,male,3515.0,2463,84,396,28,5
85.0,female,4823.0,1610,72,83,53,2
34.0,female,5045.0,2557,42,358,133,1
30.0,male,5023.0,2291,207,270,20,8
21.0,female,1821.0,1943,220,192,20,2
75.0,female,5025.0,1647,127,266,20,4
40.0,male,9736.0,2067,57,173,146,0
75.0,female,3040.0,1668,61,168,90,1
86.0,female,1035.0,1739,99,319,20,4
24.0,male,3527.0,2625,103,474,20,4
48.0,male,5610.0,2781,220,396,42,2
64.0,male,5622.0,2503,120,506,20,5
89.0,male,3021.0,2139,126,163,104,1
60.0,female,5630.0,2299,172,223,87,4
89.0,female,1036.0,1869,30,434,48,2
29.0,other,3543.0,1958,30,255,107,4
75.0,male,2016.0,2432,207,178,153,7
28.0,other,3035.0,2853,209,367,33,3
38.0,female,3511.0,2378,50,143,180,3
81.0,male,9734.0,2315,121,301,60,5
30.0,male,3548.0,1961,117,252,62,1
59.0,male,9713.0,2613,90,484,29,1
48.0,female,9733.0,1473,51,243,33,2
46.0,male,1032.0,2261,30,386,76,1
75.0,female,2015.0,2440,71,257,144,1
85.0,female,1038.0,2036,48,414,26,7
40.0,female,1823.0,1471,43,299,20,7
65.0,male,4825.0,2337,115,398,28,4
60.0,male,8927.0,2515,190,400,29,4
34.0,male,9721.0,2367,51,357,57,0
80.0,male,2013.0,2218,113,285,44,1
88.0,male,8923.0,2368,63,310,81,3
26.0,female,2516.0,2147,48,374,43,5
26.0,male,1033.0,2394,72,216,158,6
42.0,male,5617.0,2060,134,343,20,3
21.0,male,1029.0,2048,30,308,80,1
77.0,female,1032.0,1896,30,303,59,4
50.0,male,4810.0,2004,148,194,55,2
46.0,male,6533.0,1806,220,158,65,1
40.0,male,1035.0,2003,108,246,82,2
80.0,male,4811.0,2089,101,387,20,5
88.0,male,3034.0,2330,35,356,116,7
20.0,female,3516.0,2055,83,216,128,0
72.0,male,4826.0,2392,220,209,31,2
68.0,male,1023.0,2103,30,342,70,2
38.0,male,3531.0,2516,162,447,22,2
90.0,male,4822.0,2229,30,332,104,9
20.0,female,4812.0,1616,30,247,37,1
21.0,male,9711.0,2308,168,200,100,4
24.0,female,2519.0,2147,30,394,22,4
86.0,male,1036.0,2247,54,315,84,3
38.0,male,8912.0,2237,120,414,44,2
74.0,male,9710.0,1781,77,416,20,3
37.0,male,6228.0,1695,110,303,20,5
42.0,male,2011.0,1833,134,226,64,2
81.0,male,9722.0,1995,48,352,40,4
57.0,female,9720.0,1645,57,245,67,1
82.0,female,5643.0,1950,163,324,20,2
20.0,male,2013.0,2174,30,428,23,4
38.0,male,1823.0,2248,220,190,49,1
87.0,female,9710.0,2036,54,123,122,3
54.0,female,3550.0,1912,110,353,28,8
66.0,male,1825.0,2367,142,282,45,3
57.0,female,2545.0,2000,140,94,82,5
22.0,female,3513.0,1956,30,427,28,0
86.0,female,6211.0,1989,183,271,20,6
25.0,male,3516.0,1892,104,253,46,2
57.0,female,9728.0,2129,45,448,20,0
35.0,male,8920.0,2268,54,179,146,1
34.0,other,3549.0,1961,89,387,20,0
47.0,male,9735.0,2234,220,118,47,1
54.0,female,1033.0,2316,30,462,43,1
60.0,male,9728.0,2085,80,394,24,2
83.0,female,5634.0,1401,68,213,66,6
64.0,male,2546.0,2617,123,305,101,2
50.0,female,5015.0,1629,177,151,93,8
26.0,female,5646.0,2170,152,357,20,2
87.0,male,1030.0,2132,48,453,20,3
39.0,male,8908.0,2201,36,386,56,0
88.0,male,1825.0,1772,203,143,67,8
34.0,female,5622.0,2643,135,269,73,5
61.0,female,9728.0,2200,180,321,20,4
33.0,male,5024.0,2387,220,286,20,4
22.0,female,4811.0,2100,141,242,57,4
84.0,male,5025.0,1878,30,402,20,5
24.0,female,3034.0,2172,88,343,27,4
42.0,male,6224.0,2121,156,258,35,2
75.0,female,9732.0,1508,99,213,20,10
73.0,male,1033.0,1946,74,380,22,8
65.0,male,6211.0,2187,184,341,20,1
84.0,female,5615.0,2221,96,421,20,3
32.0,female,4817.0,2261,220,291,30,5
42.0,male,3543.0,2401,75,473,20,1
73.0,male,9721.0,1946,78,305,23,5
55.0,female,9711.0,2309,30,421,38,2
41.0,male,2013.0,2252,123,396,52,2
32.0,female,5624.0,2426,69,341,70,5
36.0,female,1028.0,1759,175,228,20,3
37.0,female,6220.0,2308,135,390,59,4
69.0,male,6511.0,2115,95,273,44,1
47.0,male,5622.0,2487,170,431,30,4
37.0,male,3041.0,2297,220,95,73,7
85.0,male,3515.0,2084,92,272,20,7
46.0,male,3550.0,2044,102,270,41,4
59.0,female,5012.0,2111,198,337,20,7
18.0,male,5617.0,2512,181,400,20,2
51.0,male,3516.0,1858,44,272,83,6
54.0,female,8927.0,2669,115,347,123,10
43.0,male,9727.0,2451,126,381,51,3
85.0,female,5034.0,1531,72,270,39,6
51.0,male,4817.0,2468,30,230,180,6
35.0,female,5013.0,2119,220,275,20,9
34.0,male,5615.0,2127,47,202,137,0
74.0,male,5622.0,2135,119,365,27,7
47.0,male,5024.0,2292,125,322,30,9
21.0,female,5013.0,2188,105,309,55,0
22.0,female,3513.0,2436,187,332,20,4
30.0,female,5648.0,2421,113,376,40,2
29.0,female,1025.0,2026,175,172,20,2
91.0,female,4814.0,1504,47,241,66,6
57.0,female,1045.0,1479,79,195,66,5
54.0,female,5613.0,2225,220,254,37,5
84.0,female,1826.0,2176,182,171,102,7
33.0,female,5020.0,2325,220,245,50,10
64.0,male,4809.0,2135,211,352,20,4
79.0,male,5623.0,2392,30,523,30,6
71.0,male,3532.0,2340,30,415,74,3
83.0,female,5616.0,1818,81,273,20,3
29.0,male,6222.0,2369,113,372,28,7
71.0,female,1814.0,1992,114,347,20,3
58.0,male,9713.0,1964,48,192,122,0
38.0,female,1813.0,2449,115,380,31,5
45.0,female,1824.0,1722,74,205,59,4
36.0,female,6207.0,2071,142,271,28,4
80.0,female,5646.0,1630,220,163,65,2
66.0,male,9737.0,2074,64,229,108,0
41.0,female,5040.0,2333,126,380,48,4
38.0,male,3531.0,2637,30,575,23,2
73.0,female,6216.0,1950,70,215,101,2
39.0,male,3511.0,1942,170,259,20,0
37.0,male,1024.0,2124,176,320,20,3
36.0,female,3029.0,1907,30,458,20,3
30.0,female,3522.0,1913,47,332,70,4
16.0,female,5034.0,1964,30,182,149,3
55.0,female,3508.0,2063,220,255,20,0
50.0,male,3511.0,2401,30,352,81,2
22.0,male,9728.0,2186,45,448,20,6
86.0,male,8926.0,2009,143,214,66,5
31.0,male,8910.0,2236,114,328,62,2
25.0,female,4818.0,2053,58,295,79,3
83.0,male,1028.0,1794,81,203,59,8
79.0,male,2544.0,2190,168,228,79,6
27.0,female,1036.0,2030,88,363,20,5
76.0,male,5022.0,2213,220,245,50,8
41.0,female,1822.0,1683,130,132,67,6
70.0,male,3511.0,1781,88,246,36,5
76.0,female,9724.0,1581,105,123,60,4
87.0,female,1823.0,1808,159,232,20,4
57.0,female,6216.0,1597,76,247,23,2
39.0,male,1032.0,2080,30,445,28,4
89.0,female,5024.0,2087,30,473,20,6
74.0,male,2015.0,2023,74,87,131,5
55.0,male,5632.0,2270,91,324,87,4
89.0,female,3548.0,2176,92,353,47,3
60.0,male,3535.0,2592,220,209,28,5
82.0,female,5611.0,2004,81,305,49,3
52.0,female,3037.0,2102,114,161,72,3
25.0,female,2015.0,2266,111,392,37,5
85.0,female,1825.0,1797,150,204,28,6
56.0,female,4817.0,2479,171,439,20,4
61.0,male,9731.0,1934,141,206,20,6
61.0,female,5620.0,2424,220,381,23,5
80.0,other,9734.0,2172,72,379,20,3
28.0,female,5014.0,1257,41,367,22,8
66.0,female,5622.0,2069,195,247,61,3
44.0,male,1031.0,2653,220,253,69,2
23.0,male,5632.0,2200,48,202,109,3
50.0,female,6514.0,1805,45,369,20,4
38.0,female,3023.0,2302,132,254,62,1
54.0,male,6535.0,1695,183,233,20,4
26.0,female,2517.0,2487,137,496,29,9
50.0,male,4811.0,2418,132,390,52,2
20.0,male,2546.0,2117,35,296,82,3
39.0,male,3513.0,2586,30,378,131,1
59.0,female,4826.0,1588,35,231,47,1
31.0,male,4812.0,2388,220,282,75,3
46.0,female,4818.0,2164,55,388,20,1
37.0,female,6535.0,1536,148,248,21,1
21.0,female,6213.0,2382,212,300,20,2
33.0,male,4824.0,2127,220,207,20,6
23.0,female,1823.0,1943,220,275,20,2
61.0,female,3023.0,2420,67,324,79,2
19.0,female,9712.0,2586,53,250,176,1
44.0,female,1823.0,1915,98,312,34,6
28.0,female,6221.0,2271,30,428,47,6
82.0,male,6226.0,1553,90,262,34,2
74.0,male,1814.0,2432,120,392,50,1
59.0,female,2547.0,2105,121,322,37,4
75.0,male,5647.0,2125,220,279,20,3
15.0,female,3516.0,1956,57,299,57,6
58.0,female,1026.0,2417,32,480,29,8
33.0,female,1041.0,1858,97,291,22,2
18.0,male,3026.0,2665,67,235,133,1
72.0,female,4815.0,1906,45,315,42,4
33.0,male,9729.0,2702,34,600,20,2
36.0,male,9731.0,2482,197,169,68,2
57.0,male,1045.0,2453,220,282,41,3
89.0,male,4826.0,2524,35,600,20,6
42.0,female,5035.0,2380,70,259,97,1
45.0,male,9734.0,2315,92,143,180,0
88.0,female,5623.0,1983,171,254,41,4
74.0,male,5610.0,2242,90,421,20,7
62.0,female,9728.0,2129,45,358,58,3
70.0,male,1027.0,1924,117,191,71,2
60.0,female,9721.0,1423,38,250,47,2
28.0,male,8912.0,2045,76,184,75,3
82.0,female,1825.0,1847,162,232,31,4
72.0,female,4817.0,2186,113,251,90,1
41.0,female,5025.0,1392,43,230,28,8
62.0,male,3533.0,2315,136,409,53,2
34.0,female,8912.0,2055,162,255,31,3
43.0,male,2011.0,2309,48,292,80,4
73.0,female,3023.0,1977,59,386,20,4
49.0,female,5645.0,1932,220,177,26,1
54.0,female,5620.0,1564,137,195,64,3
59.0,male,5014.0,2346,220,334,24,2
71.0,male,4816.0,2170,30,474,30,3
73.0,female,2518.0,1505,30,202,46,6
75.0,male,5616.0,1915,50,214,100,7
37.0,male,5014.0,2658,220,302,41,8
66.0,female,5611.0,2341,172,332,20,5
70.0,female,5623.0,2069,220,210,26,1
67.0,female,6225.0,1811,119,295,20,9
63.0,female,3531.0,2410,220,300,20,6
27.0,male,5023.0,1968,216,246,20,10
65.0,female,1034.0,2163,220,287,31,5
64.0,female,3041.0,2125,148,297,21,5
76.0,male,1043.0,2140,34,255,107,5
46.0,male,2015.0,2347,220,323,20,3
86.0,male,5622.0,2209,165,216,72,0
25.0,female,5621.0,2519,61,438,91,6
29.0,other,3036.0,2251,173,307,40,4
40.0,male,3027.0,2597,220,268,20,4
61.0,male,5632.0,2146,129,223,72,1
15.0,female,3512.0,2371,30,80,172,0
41.0,male,5646.0,2400,136,414,20,2
56.0,female,1033.0,1873,30,372,21,8
58.0,female,1825.0,2160,188,175,44,1
63.0,female,3516.0,1905,30,296,71,3
59.0,female,5010.0,2140,79,347,53,4
80.0,female,6211.0,1915,130,210,29,3
30.0,female,1029.0,2077,175,192,31,3
39.0,other,8924.0,2523,65,243,133,5
55.0,male,5622.0,2391,39,478,47,3
49.0,female,6222.0,2538,61,519,20,7
47.0,male,5622.0,2781,125,366,36,5
18.0,female,9733.0,1880,49,333,36,0
55.0,male,5635.0,1950,203,218,45,5
56.0,male,5025.0,1998,155,250,58,10
38.0,female,5623.0,1474,89,225,20,2
63.0,female,9712.0,2204,80,342,77,4
51.0,male,2519.0,2063,142,332,20,8
20.0,female,5636.0,1694,42,200,77,5
51.0,female,5628.0,1979,107,298,36,2
18.0,male,5043.0,2302,220,310,29,3
32.0,female,1044.0,1532,30,208,53,1
39.0,female,1036.0,2127,68,372,39,5
63.0,male,1036.0,2098,151,323,27,1
70.0,male,3027.0,2039,85,392,20,3
26.0,female,5621.0,2365,186,351,33,4
70.0,male,4811.0,2272,125,332,45,1
84.0,female,3023.0,2068,73,408,35,5
37.0,female,9734.0,2230,195,154,24,2
66.0,male,6539.0,1870,117,246,82,4
64.0,male,4810.0,2125,177,280,75,8
89.0,female,2517.0,1907,163,310,20,3
87.0,male,6212.0,2089,61,278,84,3
51.0,female,5623.0,1981,122,172,90,5
51.0,male,8913.0,2170,220,222,55,4
32.0,female,9711.0,2355,83,198,110,2
76.0,female,5620.0,1288,79,83,78,2
38.0,male,1023.0,2124,220,229,21,3
46.0,female,6536.0,1622,139,212,20,1
63.0,female,1029.0,1649,166,80,61,1
56.0,male,6224.0,2196,69,319,79,9
61.0,female,1034.0,2189,147,113,109,1
81.0,female,1023.0,2297,99,490,26,7
46.0,female,5633.0,2133,106,335,50,3
23.0,female,8928.0,2150,149,393,20,1
24.0,male,6221.0,2512,84,475,20,5
22.0,male,1813.0,2301,121,380,28,5
21.0,female,5022.0,2100,96,342,20,4
76.0,male,6226.0,2113,202,171,52,4
47.0,female,3533.0,2367,191,212,73,3
24.0,male,1033.0,2004,30,441,20,3
18.0,male,4818.0,2601,220,165,56,2
36.0,male,2519.0,2459,220,262,20,4
33.0,male,3515.0,1994,46,261,83,4
20.0,male,9721.0,2646,220,118,120,2
52.0,male,5014.0,2390,45,359,42,5
73.0,male,3022.0,2140,61,191,161,3
83.0,female,4823.0,2055,165,254,47,4
76.0,male,4815.0,2396,30,443,47,3
56.0,female,5015.0,1764,153,217,20,8
80.0,male,1037.0,2386,140,281,67,3
54.0,male,4817.0,2478,82,236,138,1
80.0,female,9736.0,1634,149,195,20,2
58.0,female,8908.0,1839,76,146,88,2
84.0,female,4822.0,1603,85,206,62,1
68.0,male,3027.0,1756,176,169,53,2
61.0,female,5033.0,1658,137,105,76,2
78.0,female,6515.0,1466,30,248,27,2
28.0,male,3514.0,1860,30,458,20,5
42.0,male,5633.0,2093,106,208,78,2
79.0,male,5646.0,2283,220,329,20,4
89.0,male,9716.0,2088,64,310,96,6
57.0,male,8919.0,2364,132,141,156,3
67.0,male,4824.0,2187,220,166,77,1
62.0,female,3025.0,1823,220,165,26,1
55.0,male,6216.0,1624,68,297,20,4
45.0,male,1816.0,2085,116,348,20,7
87.0,male,5614.0,2615,220,181,69,3
89.0,male,9728.0,2554,72,437,55,5
44.0,female,9728.0,2068,143,284,41,5
74.0,male,9711.0,2276,158,375,29,7
81.0,female,3511.0,2036,30,420,44,7
23.0,male,3511.0,2273,90,277,79,0
60.0,female,4816.0,2214,56,374,53,1
25.0,male,4812.0,1968,30,360,20,3
83.0,female,8912.0,1860,37,282,47,5
90.0,other,3022.0,2087,94,394,37,4
38.0,female,5012.0,1804,85,228,57,3
32.0,female,5022.0,2257,122,381,28,3
30.0,female,3546.0,2285,163,390,32,3
65.0,female,5634.0,1423,69,208,35,1
87.0,female,9727.0,1907,92,264,49,6
32.0,female,1827.0,2188,211,269,50,1
63.0,male,9728.0,2355,170,299,31,4
35.0,male,8925.0,2585,100,305,103,1
46.0,female,4821.0,1894,85,173,111,0
83.0,female,9713.0,1890,74,302,23,2
55.0,female,9734.0,1919,30,192,124,1
82.0,male,8926.0,2515,212,309,20,3
70.0,female,5022.0,2158,220,214,20,3
22.0,male,6221.0,1695,133,166,56,1
72.0,male,1037.0,2195,147,357,26,7
40.0,male,8911.0,2252,120,414,40,2
60.0,male,1824.0,1817,201,179,20,4
36.0,female,5012.0,1974,56,296,57,0
24.0,female,8927.0,2765,220,327,48,3
25.0,female,1028.0,2190,67,351,30,3
82.0,male,3531.0,2415,204,317,33,5
83.0,female,3036.0,1979,127,271,67,6
59.0,female,5622.0,2208,136,398,20,7
79.0,male,2541.0,2053,73,349,41,3
61.0,male,1819.0,2243,107,426,20,3
87.0,male,1034.0,2551,220,207,20,4
67.0,male,9734.0,2067,30,372,51,1
24.0,female,8920.0,2397,30,281,93,5
38.0,male,5612.0,3125,220,420,36,1
47.0,female,5013.0,1991,220,228,22,4
25.0,female,6536.0,1813,126,217,20,4
87.0,male,4811.0,2592,111,447,28,1
28.0,female,5013.0,1257,57,257,37,4
75.0,female,6223.0,1754,174,223,27,6
86.0,female,8912.0,1696,40,257,77,3
24.0,male,1824.0,2311,220,264,20,5
47.0,female,2545.0,2172,94,342,77,4
36.0,female,9730.0,1820,204,116,56,1
43.0,female,4825.0,2153,220,177,20,3
26.0,female,6513.0,2191,220,161,20,3
53.0,other,8912.0,2106,91,310,45,3
19.0,male,3026.0,2207,121,395,20,2
82.0,male,1031.0,1995,114,257,51,3
71.0,female,1028.0,2548,185,357,20,6
88.0,male,1045.0,1833,34,367,40,1
28.0,female,9728.0,1918,130,258,53,4
66.0,female,3535.0,2053,74,216,126,5
32.0,male,3544.0,2312,30,403,47,0
41.0,male,8928.0,3018,220,301,28,3
39.0,female,8919.0,2523,220,102,107,4
60.0,male,1824.0,2165,154,395,20,3
70.0,female,2517.0,1505,30,211,53,6
49.0,male,3041.0,2137,177,280,28,5
80.0,female,9732.0,1581,30,356,20,3
86.0,female,3509.0,1854,45,252,84,6
30.0,female,5627.0,1866,45,299,33,5
35.0,female,3025.0,2372,129,160,86,1
60.0,female,5033.0,1944,90,211,65,4
58.0,female,1044.0,1774,69,253,85,4
30.0,female,3548.0,1706,64,363,26,4
82.0,male,1035.0,2464,30,396,77,5
51.0,female,8927.0,2664,79,177,123,4
87.0,male,3547.0,2132,176,259,40,4
80.0,male,4816.0,2303,82,251,111,9
54.0,male,6536.0,1963,78,353,28,0
39.0,male,6225.0,2417,154,409,20,4
23.0,male,5633.0,1938,167,269,56,1
77.0,female,3514.0,1480,59,244,59,3
76.0,female,9731.0,1398,35,112,55,8
77.0,male,5646.0,2187,114,438,20,4
22.0,male,5649.0,2255,220,148,55,3
77.0,other,1034.0,2371,220,213,21,8
86.0,female,1035.0,1979,30,307,74,4
71.0,male,3026.0,1984,220,236,20,1
43.0,female,1814.0,2107,117,165,137,5
89.0,female,9712.0,2036,81,91,103,3
80.0,male,3516.0,1953,158,251,29,3
37.0,male,3040.0,2218,122,423,20,2
43.0,male,5623.0,2572,176,372,45,1
57.0,other,3511.0,2054,172,254,32,0
53.0,male,1027.0,1758,90,219,52,0
26.0,female,1022.0,2302,162,393,25,3
84.0,male,6220.0,2060,183,324,34,3
68.0,female,9733.0,1536,148,147,53,3
49.0,other,8913.0,1807,162,288,20,5
45.0,female,1824.0,1995,207,192,20,5
34.0,female,5621.0,2426,160,391,20,2
51.0,male,3512.0,2384,56,143,180,1
51.0,female,5024.0,2017,218,269,20,2
30.0,male,9710.0,2458,218,150,107,0
38.0,male,1030.0,1845,163,159,90,1
22.0,male,3041.0,2283,220,150,62,1
87.0,male,4814.0,2211,57,486,20,5
31.0,male,5021.0,2786,86,420,41,3
74.0,male,5647.0,2125,88,434,20,4
41.0,other,5623.0,2216,56,432,20,2
32.0,female,5622.0,2643,148,474,20,8
83.0,female,3547.0,1668,30,350,41,4
44.0,male,6210.0,2286,85,362,82,1
72.0,male,8911.0,1838,192,165,53,1
58.0,female,6210.0,2021,79,410,20,7
31.0,female,6215.0,2424,54,452,55,2
32.0,male,5025.0,2110,217,309,39,10
53.0,female,5632.0,1645,178,130,52,2
34.0,male,9720.0,2577,220,154,83,3
53.0,male,1023.0,2302,220,264,22,5
34.0,female,5026.0,1654,44,363,22,6
31.0,female,4815.0,2369,220,288,78,7
26.0,other,3511.0,1998,82,146,131,3
55.0,female,1022.0,2417,130,310,32,9
21.0,male,3026.0,1945,64,182,95,3
28.0,male,6514.0,1749,113,116,64,4
39.0,female,4813.0,2479,33,558,54,2
27.0,female,6516.0,2359,58,297,76,3
55.0,female,9733.0,1958,30,192,145,0
61.0,other,1823.0,2370,92,488,20,4
60.0,female,9731.0,1682,52,363,41,6
64.0,female,3024.0,2518,220,209,54,0
48.0,female,3510.0,2231,63,227,110,2
60.0,male,5634.0,1950,147,274,50,3
87.0,male,5633.0,1992,45,175,131,4
87.0,female,3035.0,2201,140,430,20,4
61.0,female,5033.0,1853,97,186,68,3
82.0,female,8910.0,1581,45,210,59,6
24.0,female,4811.0,2412,136,296,73,7
87.0,male,1038.0,2247,117,414,34,2
56.0,male,5015.0,2613,220,268,55,10
38.0,female,5011.0,2012,220,208,20,2
63.0,female,5029.0,1752,77,178,109,2
43.0,female,5035.0,2421,30,322,108,1
89.0,female,1825.0,1891,41,356,20,5
74.0,female,3023.0,1977,152,128,101,5
25.0,female,6212.0,2544,107,490,37,3
85.0,female,1822.0,1891,36,388,34,7
19.0,male,3040.0,2355,220,150,61,3
78.0,male,3534.0,2296,140,312,33,4
43.0,female,8926.0,2664,160,358,60,0
58.0,female,1030.0,1899,124,353,20,4
49.0,male,5633.0,2111,30,320,68,3
24.0,male,3023.0,2719,220,345,25,0
52.0,female,3511.0,2223,56,399,39,0
40.0,male,1046.0,2067,30,360,36,1
69.0,male,9731.0,2023,38,331,91,3
40.0,male,1031.0,2401,112,236,142,5
82.0,female,4823.0,1734,118,197,28,2
82.0,female,5631.0,2172,65,464,24,4
42.0,male,6518.0,2369,141,382,25,1
43.0,female,6211.0,1870,97,227,101,4
78.0,male,5635.0,2356,79,409,38,1
18.0,male,5647.0,2255,208,214,56,6
36.0,female,5645.0,1471,30,236,43,2
41.0,male,5616.0,2348,62,395,47,4
37.0,other,9711.0,2272,166,216,79,2
68.0,female,5632.0,2151,220,195,78,1
40.0,female,5014.0,1981,182,272,20,6
35.0,female,9721.0,2147,53,362,53,4
89.0,female,3511.0,2422,177,210,71,1
48.0,male,5608.0,2781,116,572,28,3
53.0,female,3547.0,1964,94,270,34,3
78.0,female,1030.0,1823,83,346,26,6
70.0,male,5045.0,1993,114,353,25,7
15.0,male,3027.0,2239,218,325,20,4
22.0,male,3037.0,2355,123,281,61,4
73.0,male,3510.0,1758,102,186,39,3
77.0,male,4817.0,2385,30,462,48,5
34.0,male,6225.0,1683,30,332,36,4
27.0,other,3025.0,2110,195,321,20,1
80.0,female,3512.0,1577,61,169,56,3
24.0,male,2518.0,2199,119,395,20,2
61.0,male,4825.0,1936,110,347,25,4
60.0,female,6534.0,1379,38,262,20,5
78.0,female,5033.0,2135,40,319,94,4
43.0,female,9728.0,2081,157,221,51,4
46.0,female,5033.0,2153,119,356,20,2
25.0,female,6211.0,2274,59,472,37,4
73.0,female,1823.0,1404,82,294,34,5
69.0,male,8910.0,2103,63,284,99,5
87.0,male,5632.0,2271,186,261,62,0
56.0,male,6210.0,1964,79,254,94,4
69.0,female,5016.0,1502,41,287,20,6
62.0,male,9732.0,1934,85,205,90,3
71.0,female,1028.0,1789,94,203,52,5
62.0,male,6515.0,1995,220,149,31,6
72.0,female,1027.0,1392,72,147,80,2
66.0,female,1822.0,1812,65,378,21,5
38.0,female,1046.0,1806,61,321,20,5
35.0,female,5025.0,1758,203,203,20,6
22.0,female,4827.0,2231,30,297,116,3
56.0,female,3027.0,1598,99,247,37,5
85.0,male,2014.0,2269,220,176,71,7
35.0,male,4820.0,2455,42,473,43,5
72.0,female,3515.0,1682,47,296,25,7
46.0,male,5634.0,1947,120,258,66,2
40.0,male,9728.0,2686,220,332,20,3
29.0,female,4812.0,2217,88,372,33,0
51.0,male,6221.0,2415,132,433,45,5
36.0,female,1031.0,1785,117,267,50,4
80.0,female,5013.0,1928,59,341,28,4
52.0,female,6515.0,1598,132,202,38,2
77.0,other,5610.0,2059,82,242,72,2
84.0,female,1044.0,2036,30,307,74,5
26.0,female,3513.0,1770,37,191,103,4
73.0,male,1025.0,1651,30,191,110,2
62.0,male,5011.0,2544,114,469,29,4
54.0,male,5634.0,2413,220,196,60,3
81.0,male,5646.0,2042,150,337,20,3
26.0,male,9728.0,2186,80,192,110,4
88.0,female,4817.0,1986,179,288,29,3
45.0,male,5013.0,2256,77,259,43,1
61.0,male,6219.0,2343,110,408,42,3
47.0,male,9729.0,2342,147,216,82,0
50.0,female,1022.0,2023,193,255,51,6
50.0,female,4817.0,1804,98,237,74,3
38.0,female,6222.0,2208,107,322,60,2
30.0,male,8937.0,2457,167,370,45,4
77.0,male,5622.0,2423,145,392,20,4
44.0,male,1032.0,2069,142,172,130,1
81.0,female,6212.0,1839,130,212,36,2
69.0,male,9728.0,2568,220,268,69,5
21.0,female,3034.0,2266,162,183,99,3
48.0,male,3027.0,2173,52,331,84,2
24.0,female,8913.0,2520,206,238,73,1
58.0,other,4818.0,1982,174,255,45,3
79.0,female,9729.0,1734,40,296,42,3
29.0,female,3535.0,2006,30,401,44,7
65.0,male,1046.0,2140,34,333,79,2
75.0,female,8911.0,2350,137,331,42,2
62.0,female,5631.0,1991,85,272,42,2
52.0,male,3542.0,2232,220,150,31,6
89.0,male,9736.0,2592,63,365,96,2
85.0,female,4826.0,1531,37,273,61,3
60.0,female,1815.0,1925,140,271,50,1
56.0,female,5014.0,2087,171,282,20,4
59.0,male,3542.0,2370,220,138,74,3
43.0,female,1045.0,1411,76,155,68,6
90.0,female,4817.0,1970,52,317,61,3
75.0,other,1034.0,2471,220,244,39,0
50.0,female,1029.0,2212,30,323,85,0
68.0,female,6217.0,1643,89,316,22,2
76.0,male,6224.0,1761,124,240,51,4
24.0,male,5622.0,2555,219,286,20,4
65.0,female,3038.0,1859,93,209,86,3
52.0,female,5033.0,2371,58,315,93,2
78.0,male,9718.0,2385,55,453,53,3
63.0,female,3027.0,2002,157,80,109,7
30.0,female,6216.0,1728,42,244,69,3
37.0,female,5013.0,2146,220,82,68,4
31.0,male,6217.0,2312,54,278,91,4
25.0,male,3035.0,2687,220,212,57,1
57.0,male,1825.0,2149,95,408,20,4
25.0,male,5633.0,2464,220,138,53,3
33.0,female,5631.0,2263,220,157,53,3
52.0,female,2547.0,1957,65,231,66,1
35.0,female,3516.0,2037,83,321,77,0
67.0,male,5020.0,2381,113,369,33,5
38.0,male,6221.0,2057,108,295,31,2
54.0,male,5013.0,2390,113,402,20,4
48.0,female,4816.0,2488,220,305,20,6
54.0,female,5044.0,1795,117,298,20,7
41.0,male,5009.0,2480,114,375,93,6
32.0,male,9731.0,1858,107,325,20,5
24.0,other,3513.0,2586,81,420,37,0
28.0,female,5612.0,2334,111,184,121,3
81.0,male,1028.0,1603,30,172,75,0
49.0,female,3041.0,1988,193,254,44,1
44.0,male,1030.0,2498,30,436,58,1
56.0,female,1829.0,1906,36,388,34,3
61.0,male,3034.0,2172,54,318,89,4
28.0,male,1826.0,2060,30,413,20,2
62.0,male,4817.0,2090,114,335,33,1
44.0,male,2015.0,2062,104,334,49,4
67.0,male,9719.0,2094,220,126,84,2
57.0,male,4825.0,1758,53,245,59,2
74.0,female,6220.0,2235,30,418,48,2
58.0,female,9721.0,1920,69,325,48,0
79.0,female,3543.0,1756,220,189,20,4
82.0,male,3534.0,2415,198,324,42,4
28.0,female,1029.0,2424,101,239,127,2
55.0,male,2547.0,2190,94,342,81,3
30.0,female,3511.0,2515,166,347,70,0
45.0,female,5622.0,1934,93,228,91,2
22.0,male,1035.0,2369,121,183,124,1
87.0,female,5646.0,1776,40,238,69,7
27.0,female,3512.0,2285,147,340,20,1
79.0,male,9710.0,2400,207,116,119,5
26.0,female,4810.0,2643,103,420,42,2
77.0,male,5623.0,2170,154,398,20,6
61.0,male,5612.0,2242,132,297,51,5
80.0,male,5641.0,1543,105,202,47,1
71.0,male,3022.0,2071,116,347,20,4
63.0,female,3513.0,1998,218,192,20,0
89.0,female,5014.0,1550,119,303,20,6
48.0,female,4821.0,1893,80,275,51,0
53.0,female,1043.0,1860,220,275,31,5
87.0,female,3026.0,1524,188,144,52,2
41.0,female,5635.0,1987,204,128,61,3
20.0,female,5021.0,2100,85,285,20,5
57.0,female,5016.0,2111,220,188,20,3
71.0,female,3025.0,2189,140,378,20,2
21.0,female,4825.0,1909,196,178,27,3
42.0,male,5619.0,2401,220,300,37,2
33.0,male,1032.0,2168,125,325,64,5
39.0,male,6215.0,2351,220,348,20,1
34.0,male,4815.0,2760,206,324,20,5
37.0,male,3024.0,2201,35,334,81,4
37.0,male,3531.0,2252,130,374,53,3
81.0,male,4817.0,2180,113,207,104,3
31.0,male,1045.0,2152,220,201,32,3
84.0,male,6219.0,2526,158,492,45,4
35.0,male,9720.0,2367,220,95,129,4
55.0,female,8928.0,2321,220,242,38,3
60.0,female,5632.0,1923,139,223,53,3
27.0,male,3513.0,2305,54,261,89,2
23.0,male,6224.0,2512,148,380,59,4
33.0,male,3019.0,2552,38,410,93,8
85.0,female,3024.0,1349,57,155,75,1
24.0,other,5627.0,2779,156,322,49,2
69.0,female,3515.0,1412,30,292,20,2
83.0,female,5634.0,1401,43,314,20,7
19.0,female,4816.0,2857,220,420,22,6
73.0,male,1822.0,2084,102,322,20,4
29.0,female,8913.0,2541,199,216,73,3
36.0,male,6221.0,2417,62,278,105,7
59.0,male,5010.0,2107,33,374,20,3
84.0,female,3548.0,1668,37,350,36,4
61.0,other,3510.0,2554,68,501,49,3
85.0,female,5044.0,1504,30,262,20,2
83.0,female,5634.0,2024,69,175,123,4
26.0,female,6214.0,2266,64,474,25,0
75.0,male,6223.0,1634,30,302,44,0
77.0,male,5023.0,2258,91,468,20,7
33.0,male,5034.0,2220,51,360,57,4
57.0,female,3542.0,1988,101,218,70,3
54.0,male,2013.0,2318,75,370,64,4
38.0,female,4823.0,1769,144,104,45,0
29.0,female,9725.0,2040,60,323,84,4
33.0,female,3534.0,2227,195,381,57,3
21.0,male,5645.0,2255,153,261,99,4
51.0,male,1826.0,2411,220,209,36,5
53.0,female,8926.0,2479,115,294,110,8
75.0,male,4822.0,2178,113,252,84,4
85.0,male,3534.0,2060,85,410,40,3
26.0,male,1036.0,2591,190,330,61,2
41.0,female,9727.0,1709,49,247,67,2
16.0,female,1023.0,2191,135,320,40,4
80.0,male,1821.0,1734,118,323,20,4
21.0,female,5032.0,1909,122,260,39,7
85.0,female,1035.0,1598,149,208,31,3
34.0,female,5025.0,1392,47,284,20,6
22.0,female,4812.0,2542,53,496,36,4
90.0,female,5012.0,1843,92,279,50,3
76.0,male,9735.0,2037,103,294,57,4
64.0,male,4818.0,2187,220,150,69,3
60.0,male,9732.0,2053,99,343,20,5
55.0,female,1823.0,1912,154,279,32,2
61.0,female,3019.0,1954,106,257,66,4
78.0,male,3542.0,2080,47,156,110,1
27.0,female,5632.0,2429,220,82,93,3
73.0,female,8921.0,1961,158,258,33,0
61.0,female,3512.0,2054,87,281,74,3
84.0,female,3531.0,2129,30,352,58,5
24.0,male,5022.0,2139,108,457,20,5
25.0,male,5026.0,2298,70,488,29,4
35.0,male,3024.0,2036,30,456,20,3
47.0,female,3510.0,2090,62,273,93,1
63.0,female,6211.0,2011,39,405,21,6
71.0,female,1030.0,2124,51,552,20,5
57.0,female,5621.0,2019,218,243,23,5
31.0,other,6224.0,2139,31,347,56,3
21.0,female,6222.0,2180,64,410,28,1
75.0,female,5622.0,2009,62,253,90,1
76.0,female,8927.0,2296,220,291,42,3
83.0,female,5015.0,2068,220,160,55,7
41.0,female,6514.0,1285,70,314,23,1
81.0,female,5616.0,2135,205,309,20,4
60.0,female,3516.0,1844,59,307,66,2
31.0,male,5026.0,2074,220,247,20,7
69.0,female,1028.0,1799,84,228,44,8
87.0,other,3026.0,1944,136,262,31,8
79.0,male,4817.0,2180,165,353,35,3
22.0,male,3508.0,2683,64,430,63,0
70.0,female,1035.0,2240,103,336,71,5
42.0,male,3040.0,2177,220,202,55,7
17.0,female,4819.0,2456,165,372,60,1
31.0,female,5622.0,2428,113,435,20,7
41.0,male,5014.0,2108,220,129,56,1
50.0,female,6210.0,2457,132,401,45,2
36.0,female,5026.0,1952,30,401,21,4
73.0,male,6515.0,1736,129,204,38,3
62.0,male,5634.0,1838,54,282,36,4
52.0,male,2518.0,2383,62,435,20,8
74.0,female,3035.0,1978,30,412,23,2
33.0,male,3534.0,2384,30,338,84,4
18.0,female,5043.0,2534,220,309,29,2
18.0,male,2012.0,2405,151,237,97,2
34.0,female,1031.0,1785,33,225,64,3
58.0,male,9728.0,1907,117,263,93,3
28.0,male,1028.0,1411,77,225,42,4
40.0,male,1026.0,2063,72,414,20,3
43.0,male,8908.0,2201,30,357,50,2
43.0,male,1032.0,2057,30,441,22,3
90.0,male,3540.0,2051,69,298,74,1
34.0,female,8925.0,2397,220,293,64,4
53.0,male,3036.0,2454,63,491,37,1
80.0,male,5644.0,2330,79,414,20,2
24.0,female,3032.0,2046,53,418,20,0
28.0,female,5621.0,1908,122,135,106,2
81.0,female,3545.0,2024,124,333,38,9
42.0,female,9731.0,2221,30,280,98,2
50.0,female,5633.0,2129,148,345,20,3
68.0,female,2545.0,2491,139,273,78,3
44.0,male,3509.0,2401,127,234,130,1
55.0,male,2549.0,2390,116,237,116,2
38.0,female,9730.0,1894,30,419,20,7
54.0,male,9713.0,2534,90,484,52,1
71.0,male,4816.0,2118,131,332,50,7
41.0,male,3022.0,2400,192,212,153,2
86.0,female,5645.0,1752,138,276,31,5
31.0,male,5612.0,2507,139,492,20,3
70.0,male,1826.0,1815,192,204,28,4
21.0,male,9713.0,2366,72,334,97,1
14.0,female,9709.0,2233,40,322,86,0
53.0,other,6220.0,1943,143,288,41,6
59.0,male,5014.0,2108,120,365,20,4
51.0,female,1022.0,2023,220,305,20,5
48.0,female,1034.0,1923,108,183,72,3
48.0,male,5644.0,2160,30,432,38,5
41.0,female,3511.0,2224,56,399,52,2
41.0,female,6208.0,2457,122,457,73,3
83.0,male,8923.0,2286,139,80,130,2
33.0,male,5033.0,2049,82,281,77,5
19.0,male,5623.0,1808,91,225,44,4
70.0,female,1031.0,1770,77,231,36,3
60.0,female,1826.0,2280,116,375,25,7
76.0,female,2515.0,2001,137,357,20,3
64.0,female,3517.0,1654,30,379,41,1
46.0,male,2013.0,2302,48,401,64,3
77.0,female,9716.0,1551,147,80,59,3
66.0,female,5612.0,2238,63,341,76,5
74.0,female,3514.0,1936,92,322,67,5
26.0,female,3512.0,1257,100,131,36,3
51.0,male,9733.0,2315,130,231,84,3
79.0,female,5645.0,1734,57,296,34,5
65.0,other,3507.0,2518,58,393,74,2
45.0,male,6222.0,2443,132,364,53,3
66.0,male,6213.0,2256,220,177,20,5
34.0,male,5008.0,2065,220,282,20,7
41.0,male,3024.0,2413,107,286,114,1
87.0,male,6208.0,2159,183,261,72,4
28.0,male,5024.0,1945,30,414,20,2
83.0,female,8910.0,1696,62,190,75,5
53.0,male,4818.0,2483,118,365,91,6
36.0,male,1032.0,2165,57,242,100,4
71.0,female,6223.0,2127,47,352,58,0
40.0,female,6212.0,2185,53,390,43,1
55.0,male,9721.0,2186,69,339,53,1
38.0,female,5033.0,2052,65,216,97,3
63.0,male,3028.0,1639,64,255,32,2
56.0,male,6532.0,1806,140,193,20,0
45.0,female,6211.0,2065,109,155,91,0
40.0,female,1033.0,2204,30,314,78,2
81.0,female,2014.0,1941,65,87,123,5
56.0,female,1035.0,1906,173,158,31,9
22.0,female,4817.0,2100,85,165,101,2
81.0,female,4810.0,1955,85,324,33,6
74.0,female,6223.0,1514,30,292,40,6
28.0,female,4812.0,2426,74,369,60,7
66.0,male,2546.0,2070,111,348,20,4
21.0,male,5045.0,2511,152,459,20,2
34.0,male,4817.0,2755,220,438,20,1
52.0,male,2518.0,2370,131,392,25,10
90.0,other,4824.0,2057,104,288,45,1
69.0,female,5621.0,1612,77,203,28,1
27.0,female,1038.0,2108,106,186,80,4
42.0,female,9710.0,2399,220,118,119,3
35.0,male,3020.0,1858,45,338,36,3
50.0,male,3035.0,2611,220,329,38,2
19.0,male,5634.0,1894,109,275,31,1
43.0,female,3022.0,1991,101,386,32,2
42.0,female,2547.0,1995,156,100,86,0
77.0,male,1036.0,2043,44,203,109,2
33.0,female,4810.0,2242,197,299,20,2
43.0,female,1032.0,1809,112,262,39,4
84.0,male,5615.0,2053,157,256,49,1
29.0,female,5026.0,2212,113,457,20,9
30.0,female,4814.0,2449,194,360,20,3
31.0,female,1823.0,1946,108,291,25,3
70.0,male,4823.0,2319,220,235,49,5
34.0,female,4808.0,2537,30,496,65,2
53.0,male,4816.0,2373,82,305,81,1
75.0,female,5621.0,2116,31,453,23,5
35.0,female,5647.0,1788,220,110,55,1
61.0,female,3024.0,2011,82,345,20,4
60.0,male,9722.0,2174,35,422,40,1
89.0,other,5021.0,1869,59,352,39,7
74.0,male,2545.0,2340,51,80,176,1
44.0,male,5013.0,2658,97,420,22,8
49.0,male,2518.0,2174,220,236,20,4
86.0,male,1038.0,2247,168,303,68,3
21.0,female,3036.0,2653,220,259,32,2
62.0,male,6208.0,1814,74,280,20,2
86.0,male,4813.0,2141,90,395,20,7
68.0,female,3533.0,2135,47,385,58,7
71.0,female,3531.0,2548,30,458,29,4
35.0,female,9734.0,2449,36,394,77,2
54.0,male,5623.0,2773,125,470,20,7
58.0,male,3034.0,2020,78,384,20,4
35.0,female,9731.0,2101,51,327,93,3
61.0,male,1825.0,2548,175,195,76,3
65.0,male,1827.0,1837,162,233,22,4
59.0,female,6210.0,2021,72,299,95,6
73.0,female,3528.0,1916,35,156,151,2
81.0,female,3531.0,1916,65,184,95,2
63.0,female,4821.0,1783,92,145,108,1
88.0,male,3517.0,2096,180,325,20,1
16.0,female,1810.0,2070,83,363,20,3
57.0,male,9728.0,1482,87,211,28,3
59.0,female,5015.0,2030,155,276,20,2
87.0,female,5010.0,1604,98,237,20,6
52.0,male,8921.0,2525,220,138,103,5
81.0,male,3515.0,2271,102,378,51,1
42.0,female,5033.0,1646,41,230,90,2
24.0,female,8911.0,2564,206,353,34,2
79.0,female,5639.0,1991,30,354,60,3
43.0,male,2012.0,2318,84,385,51,5
49.0,male,6512.0,2085,152,219,40,1
29.0,male,3515.0,1860,30,385,20,4
80.0,male,1034.0,1995,78,260,57,10
82.0,male,3025.0,2385,150,335,42,1
63.0,male,5026.0,2557,219,286,20,3
57.0,male,2518.0,2383,30,522,20,6
41.0,male,8912.0,1957,45,314,54,4
28.0,female,3514.0,2436,153,539,20,1
71.0,male,9735.0,1634,48,335,41,2
41.0,male,1826.0,2537,220,255,31,1
17.0,female,1808.0,2028,79,332,95,3
86.0,male,1023.0,2702,133,406,52,4
36.0,male,9731.0,2482,220,286,29,1
65.0,female,8921.0,2002,155,284,35,3
29.0,other,3547.0,1978,209,140,56,4
79.0,female,3510.0,1344,30,212,23,6
72.0,female,3515.0,1663,30,244,69,7
97.0,female,9728.0,1650,111,306,20,4
63.0,male,5021.0,2282,149,292,51,5
35.0,female,3515.0,2253,45,286,111,3
58.0,male,2516.0,2138,220,237,20,4
42.0,male,6224.0,1838,57,351,20,3
54.0,male,1024.0,2318,220,245,24,2
85.0,female,3534.0,2271,198,263,47,4
36.0,male,3511.0,2586,45,421,104,3
83.0,male,9731.0,2028,95,282,35,0
44.0,male,5012.0,2224,47,194,151,3
90.0,female,5013.0,1631,59,317,20,1
20.0,male,6211.0,2320,193,352,51,2
62.0,male,6514.0,1534,132,248,20,6
69.0,female,8927.0,2213,92,438,20,2
51.0,female,6211.0,2433,135,457,20,0
40.0,female,3044.0,1799,85,219,57,3
87.0,female,5044.0,2250,132,304,38,7
52.0,male,1030.0,1858,30,247,66,2
32.0,female,5044.0,2380,167,160,93,6
61.0,male,3515.0,1971,174,217,58,3
28.0,female,3035.0,2483,126,496,65,2
80.0,male,3022.0,1888,142,132,86,4
85.0,male,1037.0,2178,124,323,33,3
74.0,male,1029.0,1924,117,210,80,3
25.0,male,3022.0,2390,166,234,84,0
82.0,female,8912.0,1860,163,276,20,4
85.0,female,8911.0,1540,30,243,74,4
25.0,male,5619.0,2252,30,483,47,4
30.0,male,8928.0,2553,220,268,50,3
30.0,male,1823.0,1866,201,216,20,4
71.0,female,5011.0,2019,155,324,20,3
47.0,female,3026.0,2017,30,456,20,1
36.0,female,3543.0,2082,88,279,49,0
20.0,male,9731.0,2141,131,250,39,1
72.0,female,3517.0,1528,147,97,23,3
22.0,female,9734.0,2302,133,234,123,0
82.0,female,5621.0,1349,30,210,20,5
79.0,male,1823.0,2665,190,387,41,5
52.0,female,5632.0,2129,148,359,20,8
86.0,male,5646.0,2089,100,374,33,7
88.0,female,5045.0,1504,76,154,69,7
49.0,male,2516.0,2274,62,477,20,5
44.0,female,3547.0,1965,184,218,27,1
24.0,female,1022.0,2171,150,291,57,1
64.0,female,1827.0,1947,154,268,20,3
76.0,male,6224.0,2029,106,215,123,2
33.0,male,2014.0,2259,124,392,49,4
57.0,male,9730.0,2053,152,299,20,9
62.0,female,3516.0,1859,169,217,71,4
63.0,female,3024.0,2280,128,282,60,1
25.0,female,3035.0,2861,151,475,27,2
80.0,male,5621.0,1777,196,215,31,5
79.0,male,5623.0,2056,30,373,49,6
89.0,male,5645.0,1678,30,178,98,2
86.0,female,5032.0,1806,70,230,63,1
52.0,female,3540.0,1988,132,325,20,6
71.0,female,1823.0,1404,43,297,20,5
53.0,male,3530.0,2062,94,312,42,4
45.0,other,5617.0,2401,65,442,48,3
38.0,male,5045.0,2704,126,396,68,4
87.0,male,1814.0,2551,35,396,20,6
33.0,female,3530.0,2429,133,269,78,2
72.0,female,5013.0,1571,42,303,20,3
71.0,female,5032.0,1640,173,181,29,5
31.0,female,1823.0,2438,123,366,20,7
46.0,female,5622.0,1628,88,211,28,3
61.0,female,1823.0,2055,178,209,35,5
66.0,female,9727.0,2151,45,327,95,0
86.0,female,2517.0,1907,36,454,20,5
39.0,female,3516.0,2080,151,236,104,1
63.0,male,1032.0,2243,137,327,30,4
81.0,female,2013.0,1581,77,149,99,7
45.0,female,4811.0,2664,47,568,23,4
60.0,male,6536.0,1806,220,136,57,2
69.0,male,1022.0,2324,125,391,28,3
84.0,female,6537.0,1524,188,143,53,6
69.0,male,3532.0,2569,105,405,67,3
18.0,male,4826.0,2511,220,253,36,2
57.0,male,5035.0,2529,220,304,48,5
72.0,male,6224.0,1810,139,180,37,5
42.0,male,5633.0,2097,30,314,97,3
41.0,male,2016.0,2225,68,289,80,2
40.0,male,3041.0,2218,73,318,92,4
80.0,female,3548.0,2181,220,145,20,4
70.0,female,6513.0,1874,63,363,20,2
25.0,female,1037.0,1939,114,306,31,2
24.0,male,3023.0,1912,64,204,95,1
77.0,male,1023.0,2317,90,366,39,8
60.0,female,3025.0,1716,129,206,21,8
61.0,female,5027.0,1682,114,287,25,7
82.0,female,4824.0,1734,45,145,103,2
36.0,female,5646.0,1770,105,253,41,6
73.0,female,3023.0,1893,70,264,39,3
17.0,male,5023.0,2646,155,498,45,10
36.0,female,6530.0,1622,38,370,20,3
86.0,female,1826.0,1408,47,244,20,7
59.0,female,8911.0,1839,192,110,43,1
39.0,female,3024.0,2068,199,128,63,4
44.0,female,6221.0,2232,195,309,33,2
70.0,female,1037.0,2067,44,317,56,3
81.0,male,8929.0,2356,185,363,30,5
81.0,female,4825.0,1822,162,221,20,2
33.0,female,1825.0,2080,162,307,41,4
85.0,male,6220.0,2207,162,285,49,5
84.0,male,6224.0,2060,32,376,39,1
28.0,male,3513.0,2186,120,318,58,1
70.0,male,9711.0,1758,173,148,54,1
83.0,female,6212.0,1989,183,308,20,4
35.0,female,3540.0,2088,199,235,20,0
50.0,male,3542.0,1819,141,284,36,5
86.0,female,4824.0,1928,57,294,47,5
38.0,male,2014.0,2095,47,263,100,8
64.0,female,3519.0,1923,30,318,36,3
83.0,male,1028.0,1790,30,224,71,8
59.0,female,4812.0,2237,97,414,20,7
49.0,male,5630.0,2748,116,392,40,1
82.0,female,8912.0,1356,45,112,126,6
46.0,male,4815.0,2468,98,426,68,2
86.0,male,9711.0,2002,220,198,22,4
23.0,male,9712.0,2366,166,136,132,2
25.0,male,3026.0,2199,214,358,20,2
20.0,female,4824.0,1964,117,275,31,5
56.0,other,9713.0,2165,116,264,59,4
82.0,female,1032.0,1604,166,161,69,5
36.0,male,2518.0,2367,43,507,20,4
25.0,male,1031.0,1808,79,312,37,5
28.0,male,8915.0,2398,30,80,173,1
41.0,male,5635.0,1600,58,248,47,1
40.0,male,5010.0,2085,220,149,75,1
57.0,male,5045.0,2378,135,394,20,1
77.0,male,5623.0,2482,207,451,22,4
58.0,female,5633.0,1423,184,195,23,3
78.0,female,3512.0,2296,63,344,52,2
64.0,male,3040.0,2190,36,480,20,4
62.0,male,9712.0,2415,126,291,89,1
20.0,male,2012.0,2591,219,231,113,1
48.0,male,6536.0,1847,164,290,20,8
52.0,male,6514.0,2224,184,321,29,1
36.0,male,3027.0,1968,78,330,33,4
71.0,female,1037.0,2033,140,268,41,3
43.0,male,3513.0,2391,213,332,20,1
73.0,male,2015.0,2023,74,146,151,3
25.0,female,3025.0,1616,178,172,39,1
55.0,female,3514.0,2222,63,297,82,3
50.0,male,5634.0,2177,69,315,93,3
33.0,male,4814.0,2031,79,294,40,3
20.0,male,5613.0,2191,143,242,76,3
64.0,female,1046.0,1812,77,321,30,3
60.0,other,9711.0,2057,30,323,44,6
48.0,female,3029.0,2017,98,287,20,3
58.0,male,5646.0,2435,159,224,78,2
21.0,male,1037.0,2398,220,231,28,6
41.0,male,3515.0,2252,97,439,20,4
24.0,male,3024.0,2719,220,259,48,1
83.0,male,3025.0,2362,123,231,133,3
57.0,female,1034.0,2324,112,216,101,4
59.0,female,1033.0,1818,30,409,22,7
23.0,other,3028.0,1769,64,241,75,1
78.0,male,4817.0,1940,30,380,53,4
41.0,male,3533.0,2233,144,336,26,2
68.0,female,3534.0,1912,119,202,76,6
69.0,female,3531.0,1505,127,215,46,6
74.0,female,4818.0,2186,113,335,43,5
19.0,female,5021.0,2274,165,285,20,5
88.0,male,6535.0,1878,70,273,59,6
64.0,female,1029.0,1200,97,163,59,2
87.0,female,3024.0,1818,52,231,77,7
21.0,female,3034.0,2031,43,332,81,1
34.0,male,8921.0,3125,174,347,45,4
26.0,female,2515.0,2269,192,303,20,2
36.0,male,3511.0,1942,134,251,71,3
87.0,female,2518.0,1988,82,286,48,7
31.0,male,5026.0,1987,193,294,20,7
52.0,female,6211.0,1992,76,237,93,4
34.0,male,1022.0,2067,133,375,20,4
23.0,male,6223.0,1785,168,209,37,2
42.0,female,5014.0,2015,220,243,20,3
83.0,female,8911.0,1865,37,252,99,3
63.0,female,1034.0,2046,111,202,81,5
79.0,male,4825.0,2165,142,394,25,0
54.0,male,5609.0,2355,183,228,66,4
22.0,female,2011.0,2191,85,408,20,6
78.0,female,5021.0,2280,30,435,20,4
57.0,male,3036.0,2228,64,383,38,5
26.0,male,6216.0,2539,220,341,20,4
26.0,male,9710.0,2112,108,205,80,1
32.0,female,6533.0,1642,74,274,27,0
63.0,male,5633.0,1802,30,401,32,1
33.0,male,3514.0,2769,168,374,33,5
25.0,female,1022.0,2162,83,431,21,6
42.0,male,5644.0,2493,220,304,20,4
32.0,male,5019.0,2459,180,451,20,2
73.0,female,5615.0,2141,47,328,78,10
79.0,female,9728.0,1581,30,321,42,4
32.0,other,3023.0,1806,101,238,84,3
41.0,male,1032.0,2593,160,334,42,2
26.0,male,5034.0,2486,151,281,95,5
50.0,male,5033.0,2448,56,315,82,2
86.0,male,5023.0,2547,220,270,20,5
39.0,other,1028.0,2093,108,237,81,1
53.0,male,5045.0,2674,220,428,48,4
34.0,female,5610.0,2230,161,299,20,3
80.0,male,8918.0,2269,51,306,84,2
46.0,male,3027.0,2432,220,279,20,4
80.0,female,8911.0,1963,42,324,65,4
56.0,female,3547.0,1906,37,216,107,4
88.0,female,1031.0,1843,90,370,37,5
78.0,male,3020.0,1791,108,291,32,6
52.0,other,8911.0,2035,116,233,98,3
20.0,male,1812.0,2260,141,406,20,3
34.0,male,9721.0,2242,220,159,71,3
42.0,female,3550.0,1883,74,310,38,1
70.0,female,1027.0,1499,51,134,78,1
22.0,female,1039.0,2108,88,268,78,2
24.0,male,9714.0,2415,102,163,177,1
81.0,female,5634.0,2097,220,145,49,3
38.0,male,8929.0,2553,126,375,51,3
64.0,female,9710.0,2133,177,124,84,3
72.0,female,1825.0,1743,40,341,20,5
54.0,male,3033.0,2228,173,344,20,6
55.0,male,3542.0,2241,144,291,46,2
27.0,male,4816.0,2506,30,469,33,4
61.0,female,4815.0,1954,119,232,68,4
44.0,female,3037.0,2095,125,308,35,0
88.0,female,4816.0,1708,76,247,52,2
52.0,male,5017.0,1964,59,378,28,7
34.0,female,1030.0,2157,120,361,62,5
51.0,female,9726.0,2374,30,320,116,5
57.0,male,3532.0,2445,30,533,32,2
79.0,female,4823.0,1367,62,96,73,2
66.0,male,4811.0,2272,102,395,28,1
29.0,male,3515.0,2769,220,212,41,1
69.0,male,4816.0,2613,135,410,24,5
78.0,female,4816.0,2097,83,414,20,1
70.0,female,5644.0,1797,106,122,86,5
43.0,male,5024.0,2374,149,402,33,2
69.0,female,6215.0,2239,220,213,29,6
37.0,male,3509.0,1942,170,209,52,4
38.0,female,1038.0,2086,201,195,63,2
24.0,female,3022.0,2084,220,95,67,2
62.0,other,1034.0,2324,152,336,34,4
45.0,male,5011.0,2256,120,419,20,1
79.0,female,4823.0,2352,181,277,20,3
30.0,female,3514.0,2111,124,161,89,3
67.0,male,3025.0,1945,78,329,39,0
29.0,female,1036.0,2108,199,210,41,2
66.0,female,8927.0,2296,220,253,24,2
55.0,female,9711.0,2052,144,299,57,6
84.0,male,1031.0,1529,166,161,38,7
24.0,male,1825.0,2252,207,358,20,3
85.0,female,5032.0,2006,41,274,85,2
72.0,female,3535.0,1928,164,204,53,5
79.0,male,5622.0,2165,220,237,20,1
19.0,male,1815.0,2236,67,292,70,6
27.0,other,3025.0,1769,45,296,26,4
43.0,female,3533.0,1951,57,221,87,4
83.0,male,4817.0,1995,41,355,20,2
70.0,female,3534.0,2141,131,247,104,7
82.0,female,1824.0,1650,149,237,20,2
50.0,male,3541.0,1794,141,218,29,1
57.0,male,2517.0,2138,188,354,20,2
71.0,female,5620.0,2151,31,380,58,6
74.0,male,1048.0,2140,30,415,23,8
48.0,male,1032.0,2159,107,426,62,1
86.0,male,3532.0,2110,79,323,33,3
89.0,male,1022.0,2298,30,359,76,9
39.0,male,3540.0,2065,190,176,74,1
33.0,female,5636.0,1913,136,211,47,2
40.0,male,3516.0,2179,30,308,84,3
29.0,male,5634.0,2464,213,367,23,4
46.0,male,4829.0,2575,205,242,82,4
65.0,female,8928.0,2296,220,253,32,2
80.0,male,1020.0,2196,192,333,20,0
32.0,male,3515.0,2702,220,195,21,3
62.0,male,3514.0,2196,180,177,62,3
32.0,male,3516.0,2129,163,365,20,2
37.0,other,9710.0,2216,40,327,84,2
23.0,female,1046.0,2171,115,221,101,4
17.0,male,1814.0,2375,220,129,56,2
71.0,female,5022.0,2096,189,319,20,6
61.0,female,2518.0,2078,188,357,20,3
28.0,male,5631.0,2512,220,227,57,3
72.0,female,1812.0,1571,118,155,72,7
67.0,female,3034.0,2033,43,391,58,2
85.0,female,5623.0,1800,96,203,54,1
51.0,female,3544.0,1855,141,306,27,2
54.0,female,1814.0,2286,54,348,41,8
22.0,male,2545.0,2527,158,405,74,4
55.0,male,8912.0,2100,109,310,63,7
70.0,female,1035.0,2195,220,197,52,6
52.0,female,5633.0,2085,71,301,91,2
17.0,female,3512.0,2055,89,346,20,3
48.0,male,5614.0,2781,97,420,42,5
82.0,female,8916.0,1860,37,274,49,5
24.0,male,3024.0,2719,107,257,127,1
39.0,male,3543.0,1994,155,255,74,1
78.0,male,2548.0,2053,131,301,71,2
46.0,female,3515.0,1549,51,246,90,1
62.0,female,2547.0,1886,104,257,39,4
23.0,male,6214.0,2355,212,249,57,2
82.0,male,3531.0,2071,30,156,110,5
88.0,female,3025.0,1971,65,345,20,6
30.0,male,5032.0,2435,89,338,88,1
57.0,male,9722.0,2383,162,243,96,3
63.0,female,5643.0,1716,63,217,59,5
34.0,female,5622.0,2242,220,291,23,3
66.0,female,5033.0,1944,30,434,43,1
32.0,female,5025.0,1500,43,367,20,4
30.0,female,1829.0,2188,119,303,48,5
27.0,male,1815.0,2260,83,316,37,6
56.0,male,5612.0,2355,207,361,29,6
75.0,male,1023.0,2203,121,320,48,7
60.0,female,9711.0,2424,63,303,128,2
88.0,male,1031.0,2051,69,345,36,1
40.0,male,5631.0,2756,139,371,34,2
54.0,male,4817.0,2221,95,426,27,5
89.0,male,3025.0,2089,94,275,67,3
34.0,female,5029.0,2053,46,224,111,3
48.0,female,2547.0,2062,105,359,23,5
51.0,male,8921.0,2773,159,486,74,2
80.0,female,9727.0,1941,193,265,45,3
77.0,male,1039.0,2276,43,376,68,3
84.0,female,5631.0,2221,220,204,49,6
47.0,female,3026.0,1364,38,208,20,2
87.0,female,5634.0,1949,70,337,33,6
19.0,other,8923.0,2673,110,242,145,4
41.0,female,3511.0,1755,37,245,64,6
41.0,female,6517.0,1474,38,250,34,1
38.0,male,2016.0,2486,192,203,109,2
38.0,male,5020.0,2168,93,457,20,4
27.0,female,6518.0,2359,58,283,92,0
37.0,male,5021.0,2474,168,492,20,3
39.0,other,6515.0,2360,126,288,65,0
53.0,male,3038.0,2208,113,398,38,5
44.0,female,1049.0,1736,35,290,44,3
51.0,female,3027.0,1884,203,214,20,1
72.0,male,2014.0,1818,97,291,20,5
38.0,female,5023.0,2257,136,360,28,6
67.0,male,6210.0,2013,53,419,22,3
48.0,male,3518.0,1819,220,151,28,5
85.0,male,5647.0,1878,70,315,28,2
78.0,female,6214.0,2385,220,241,21,8
40.0,female,3028.0,1694,100,316,20,6
70.0,female,5033.0,1921,43,358,20,4
25.0,male,1828.0,2660,220,244,50,4
35.0,female,3514.0,2285,112,349,52,1
37.0,female,5643.0,1694,74,131,101,1
37.0,male,9713.0,2271,98,270,77,0
38.0,male,3025.0,2236,129,393,23,3
30.0,male,9720.0,2387,55,360,39,0
77.0,male,5635.0,1915,53,207,101,4
80.0,female,3550.0,1668,64,289,30,2
42.0,female,1824.0,2094,30,327,66,3
22.0,female,1824.0,1701,130,230,35,2
60.0,female,1826.0,1840,49,182,66,3
65.0,male,9722.0,1957,79,304,28,6
65.0,female,8921.0,2280,54,329,84,4
26.0,other,3512.0,2371,90,219,110,0
63.0,female,3530.0,2410,220,206,56,3
66.0,female,5613.0,2238,155,332,20,4
67.0,male,2545.0,2451,52,230,162,1
17.0,female,3510.0,2233,30,261,112,6
48.0,female,1822.0,1932,220,258,20,7
81.0,male,5025.0,1778,157,276,20,4
64.0,female,2547.0,2331,141,230,115,2
23.0,male,3027.0,2435,137,436,20,3
75.0,female,1027.0,1835,155,236,53,2
85.0,female,1825.0,1200,89,171,76,6
42.0,female,8912.0,1757,30,257,72,7
67.0,male,9737.0,2125,30,376,61,2
25.0,female,8924.0,2607,96,345,121,1
70.0,male,9727.0,2568,220,309,20,3
62.0,female,3542.0,1637,90,133,123,2
71.0,female,6226.0,2297,59,474,35,5
33.0,male,3041.0,2208,117,392,38,2
73.0,female,6224.0,1514,32,265,37,0
36.0,male,5025.0,1968,130,271,62,2
32.0,male,9720.0,2367,41,338,106,1
82.0,female,6532.0,1408,31,262,20,10
52.0,female,6216.0,1935,164,271,33,6
56.0,female,5044.0,1951,220,221,39,5
63.0,male,5013.0,2067,212,220,20,6
24.0,female,9707.0,2515,30,263,126,3
32.0,female,5012.0,2402,30,388,88,1
40.0,male,6211.0,2348,30,382,56,3
79.0,female,5634.0,1200,75,256,39,5
23.0,other,5014.0,2016,161,255,39,8
47.0,female,5631.0,2012,79,287,93,6
27.0,male,9716.0,1931,54,186,131,2
60.0,female,6536.0,1542,132,185,35,4
42.0,female,3517.0,1785,203,195,28,3
24.0,female,5009.0,2285,186,116,84,3
72.0,other,1033.0,2102,103,237,79,4
59.0,female,5626.0,1435,100,199,20,3
47.0,female,1825.0,2151,220,190,20,0
25.0,female,4825.0,2245,77,372,72,6
62.0,female,3514.0,2047,79,321,45,4
79.0,other,5013.0,2330,130,273,68,4
62.0,male,4815.0,2090,167,311,32,3
20.0,male,2544.0,2847,110,385,131,2
62.0,female,8923.0,2213,92,391,34,5
34.0,female,4809.0,2514,160,447,29,4
27.0,female,3516.0,2111,124,323,45,1
72.0,male,4819.0,1976,81,298,20,4
49.0,male,4811.0,2307,136,364,37,4
55.0,female,1825.0,1733,49,302,40,0
57.0,female,8921.0,1956,30,165,120,2
70.0,male,5629.0,1992,135,258,49,3
41.0,male,8918.0,2281,128,289,44,3
26.0,female,9731.0,1736,64,258,67,1
86.0,female,3510.0,1971,30,420,20,6
34.0,other,9715.0,2119,30,388,20,0
32.0,male,3543.0,2066,220,230,20,2
31.0,male,1047.0,2488,137,322,64,1
87.0,male,5016.0,2159,220,287,20,3
54.0,female,1035.0,2208,84,344,42,0
58.0,male,3514.0,2687,175,227,102,1
60.0,male,1037.0,2474,104,366,47,5
80.0,female,9728.0,1963,184,209,63,2
25.0,male,4809.0,2535,220,244,20,5
53.0,female,3515.0,2316,64,262,125,1
87.0,male,1032.0,2313,220,243,20,4
78.0,female,9711.0,1574,132,97,45,3
38.0,female,6534.0,1642,146,238,20,1
40.0,male,1024.0,2037,72,410,20,3
70.0,female,1032.0,2548,181,400,26,3
78.0,female,8921.0,2102,158,183,81,2
48.0,female,1032.0,1747,90,241,57,3
18.0,male,5644.0,2286,220,212,53,2
40.0,female,5022.0,2457,180,427,20,1
51.0,male,4826.0,2108,102,395,25,7
53.0,male,5047.0,2779,217,406,50,3
24.0,male,5615.0,2185,216,341,20,3
79.0,female,6536.0,1804,98,258,52,2
79.0,male,9711.0,1769,54,215,52,5
71.0,other,3542.0,2158,152,186,72,3
59.0,male,2012.0,2048,85,283,47,5
73.0,male,3550.0,2080,102,265,58,3
43.0,male,6211.0,2571,107,479,37,2
85.0,female,5612.0,1801,99,299,20,5
37.0,male,6226.0,2139,82,247,104,4
76.0,male,5633.0,2343,220,127,45,3
63.0,female,3025.0,2087,79,265,69,3
50.0,male,1032.0,2225,69,426,32,6
72.0,female,9739.0,1921,30,323,59,2
72.0,male,9712.0,2276,91,251,100,3
30.0,female,3539.0,1816,76,263,29,4
23.0,male,3022.0,2387,127,248,142,0
50.0,female,6212.0,2097,88,354,53,3
20.0,female,5622.0,2310,136,392,30,4
62.0,male,6536.0,1745,52,332,22,4
82.0,female,1825.0,1889,37,383,20,8
55.0,other,1032.0,1747,107,206,55,4
78.0,male,5617.0,2352,94,339,67,3
56.0,male,1045.0,2315,71,409,43,4
78.0,male,1823.0,2665,220,359,27,4
92.0,female,3516.0,1928,62,274,85,7
62.0,male,5633.0,2103,178,216,45,4
78.0,male,5644.0,2330,119,414,20,5
74.0,male,3531.0,2242,43,256,110,5
36.0,female,4811.0,2599,135,492,22,2
66.0,male,1815.0,2137,84,315,50,2
46.0,female,5625.0,1761,75,219,59,0
79.0,male,5621.0,2396,207,414,22,4
87.0,male,5612.0,2330,186,325,24,4
66.0,male,5021.0,2279,109,427,20,9
76.0,male,6227.0,1759,220,156,55,2
55.0,other,4817.0,2184,220,243,38,6
42.0,male,1813.0,2050,58,436,20,5
61.0,male,3533.0,2568,220,282,25,4
33.0,female,5631.0,2263,185,177,71,1
54.0,female,1032.0,1795,173,194,31,6
77.0,female,6514.0,1874,63,392,20,5
39.0,male,9736.0,2152,220,202,35,3
33.0,male,8922.0,2507,72,380,108,2
34.0,male,2518.0,2459,42,451,20,8
72.0,male,9727.0,2097,35,332,91,3
53.0,male,3024.0,1904,86,204,98,4
81.0,female,3542.0,1756,117,280,43,5
30.0,male,3515.0,2359,220,167,20,2
54.0,male,3026.0,1568,132,208,31,7
52.0,male,3510.0,2620,30,497,80,1
64.0,female,3513.0,2125,33,265,91,2
40.0,male,2516.0,2497,42,425,27,8
35.0,male,6225.0,2179,35,392,40,1
54.0,male,5014.0,2658,64,568,20,2
83.0,female,4817.0,2172,90,395,28,10
63.0,male,6215.0,1964,101,200,90,3
41.0,male,3028.0,2482,57,496,20,6
19.0,male,4817.0,2720,198,350,38,4
62.0,male,5025.0,2094,102,374,20,5
85.0,male,5611.0,2198,143,317,20,3
81.0,female,4816.0,2102,50,486,20,6
54.0,female,4809.0,2664,140,572,28,3
29.0,female,4813.0,2671,220,213,50,5
20.0,female,2015.0,2051,220,234,57,3
53.0,female,1826.0,2349,116,328,61,6
64.0,female,1825.0,2063,220,190,35,6
31.0,female,1822.0,2118,56,374,51,2
45.0,female,4817.0,1710,129,258,34,2
51.0,male,4816.0,2087,30,344,51,4
25.0,female,5013.0,2102,215,299,47,0
35.0,female,6534.0,1642,99,316,39,4
59.0,male,2513.0,2234,220,242,20,4
41.0,female,2014.0,2127,168,373,20,3
57.0,male,3516.0,2118,108,163,104,3
70.0,female,5616.0,1928,127,213,41,4
78.0,female,5616.0,2280,147,429,20,5
72.0,female,1032.0,2204,220,287,30,3
73.0,female,1032.0,1770,70,179,103,4
63.0,male,9731.0,1568,146,146,26,10
62.0,female,1023.0,2324,32,550,33,4
41.0,female,9720.0,2399,220,169,123,2
80.0,female,1031.0,2127,51,419,20,3
21.0,female,4814.0,2270,128,289,48,0
36.0,female,6216.0,2082,57,297,79,2
60.0,female,5032.0,1779,56,195,46,3
29.0,female,4810.0,2428,62,441,54,8
49.0,female,6223.0,2212,149,313,20,6
27.0,male,9714.0,2388,136,300,57,0
60.0,male,5012.0,2548,114,468,29,3
85.0,male,4816.0,1810,62,182,108,2
48.0,male,9728.0,2227,208,309,20,1
82.0,male,1046.0,2547,198,297,27,6
36.0,other,9710.0,2216,30,357,43,4
56.0,female,3534.0,2206,91,325,56,3
64.0,female,6224.0,1998,94,215,94,2
63.0,male,4818.0,2172,107,391,28,7
22.0,female,4811.0,2465,44,458,59,8
56.0,male,1036.0,2246,218,237,60,4
21.0,female,5022.0,2861,106,420,31,8
24.0,male,4809.0,2404,220,282,51,7
57.0,female,1036.0,2465,63,80,150,4
71.0,female,1035.0,2204,128,236,68,5
61.0,male,1824.0,1863,149,343,20,5
29.0,female,5622.0,2754,53,474,47,7
30.0,female,3511.0,2794,81,337,131,2
60.0,male,2544.0,2242,195,223,42,1
37.0,female,3548.0,1629,76,247,37,0
23.0,male,1822.0,1974,136,288,20,5
70.0,female,1813.0,1571,127,190,62,7
25.0,male,4816.0,2282,117,372,52,5
19.0,female,4817.0,2003,78,288,49,3
46.0,female,4824.0,1894,104,273,68,3
26.0,male,4810.0,2435,144,405,37,7
19.0,female,5013.0,2233,47,427,27,4
81.0,other,3513.0,1692,196,215,20,4
34.0,female,2515.0,2147,194,325,20,2
86.0,female,2517.0,1618,49,204,35,6
88.0,male,5647.0,1696,59,290,20,2
78.0,male,8920.0,2242,60,344,57,2
33.0,male,6536.0,1847,220,185,20,2
60.0,male,1034.0,2413,38,485,54,3
40.0,male,6224.0,1770,170,201,37,3
20.0,other,3024.0,2270,168,335,30,3
84.0,female,5606.0,2221,68,283,70,9
65.0,female,1039.0,1741,51,347,68,1
78.0,male,1024.0,2484,220,314,20,10
83.0,female,5615.0,1854,119,239,60,2
29.0,male,8912.0,1925,106,378,24,3
51.0,male,6513.0,2256,88,379,42,1
87.0,male,9713.0,2225,113,403,34,1
77.0,female,5025.0,1384,57,303,20,1
52.0,female,3033.0,2222,178,280,52,3
26.0,male,6211.0,2840,107,429,22,3
70.0,male,1824.0,1863,102,337,20,5
32.0,female,1031.0,2380,139,282,72,1
19.0,female,3512.0,1748,40,332,20,1
89.0,male,1036.0,2141,46,358,58,1
41.0,female,1823.0,1654,103,257,52,6
24.0,male,5621.0,2271,46,386,47,5
86.0,male,5010.0,1880,85,205,87,1
68.0,female,1036.0,2046,104,190,75,5
36.0,male,5025.0,1858,126,263,20,2
78.0,male,1037.0,2397,121,323,43,3
62.0,female,3022.0,2002,137,156,70,6
20.0,female,5646.0,2386,180,269,73,0
68.0,female,3513.0,1840,87,322,22,3
35.0,female,1037.0,2270,122,312,41,5
27.0,male,3542.0,2330,46,359,62,1
29.0,female,5024.0,2082,89,418,20,6
66.0,male,4812.0,2074,193,220,42,5
60.0,female,3024.0,2025,206,234,57,5
59.0,female,2014.0,2200,92,338,20,7
49.0,male,5031.0,2448,77,278,122,5
84.0,female,5036.0,1800,34,230,71,4
27.0,male,4816.0,2232,151,269,58,2
24.0,female,4811.0,2412,30,297,84,6
53.0,male,3512.0,2370,102,237,127,0
71.0,male,3024.0,2173,74,236,107,1
67.0,male,3531.0,2646,57,575,30,5
46.0,female,1826.0,2137,220,201,52,3
34.0,other,1032.0,1858,68,309,22,3
22.0,male,1825.0,2173,85,284,44,1
31.0,male,1046.0,2398,72,409,48,6
48.0,male,5622.0,3118,220,281,20,4
79.0,male,1823.0,2665,190,363,20,3
59.0,female,4817.0,1912,145,195,34,9
46.0,female,5634.0,1987,156,299,20,0
57.0,female,6211.0,1906,141,284,30,6
64.0,male,3036.0,2268,109,387,37,2
51.0,female,3540.0,1988,174,235,72,6
33.0,male,5049.0,2541,217,181,94,7
35.0,male,1036.0,2220,48,222,104,3
83.0,female,6224.0,1704,65,166,55,2
83.0,male,5645.0,2160,149,359,20,3
24.0,male,3541.0,2324,46,550,20,2
47.0,male,5034.0,2160,51,422,43,2
39.0,female,5012.0,1974,57,383,20,3
68.0,female,2013.0,2662,164,396,27,6
69.0,male,6507.0,2189,184,319,20,2
53.0,female,3545.0,2064,216,195,20,4
21.0,male,5633.0,1998,107,353,26,2
70.0,female,2545.0,2195,131,248,78,1
86.0,female,5033.0,1550,36,270,52,1
65.0,female,3036.0,1953,45,377,20,4
60.0,female,8925.0,2025,136,258,46,7
84.0,female,8914.0,1681,62,190,72,3
47.0,female,1823.0,1914,98,333,25,3
33.0,female,1048.0,1858,97,312,30,6
85.0,female,3514.0,1661,30,375,34,7
20.0,male,2543.0,2552,110,478,37,3
78.0,female,9735.0,1951,57,259,82,1
29.0,male,6213.0,2312,220,242,74,3
71.0,female,8929.0,2335,118,393,51,5
38.0,male,8927.0,2555,220,301,78,4
34.0,female,6539.0,1622,48,359,20,0
43.0,male,3021.0,2656,116,309,121,2
30.0,female,3512.0,2557,209,247,20,2
42.0,male,5647.0,2151,168,385,20,0
43.0,male,2011.0,2149,30,435,23,3
63.0,male,1823.0,1952,220,246,20,3
77.0,female,3514.0,1950,113,297,45,8
66.0,female,5643.0,1716,130,122,57,4
36.0,female,1035.0,1785,170,272,33,2
57.0,male,4816.0,1898,183,177,30,9
48.0,male,1029.0,1908,30,247,66,1
21.0,male,1032.0,1905,97,378,20,4
35.0,male,9731.0,2169,99,374,33,1
46.0,male,5623.0,2572,220,356,20,3
45.0,female,1031.0,1873,30,295,39,3
57.0,male,6213.0,2386,41,305,100,8
53.0,male,1030.0,2289,120,217,104,3
46.0,female,4821.0,1769,85,263,72,2
81.0,male,1047.0,2108,92,414,20,5
75.0,male,5044.0,1986,146,268,51,3
66.0,female,3024.0,1925,89,308,49,4
87.0,male,1028.0,2551,220,282,56,4
78.0,female,3534.0,1714,98,94,93,4
48.0,female,5027.0,1473,82,230,33,4
65.0,female,1031.0,1200,97,240,32,4
73.0,male,6514.0,1845,220,228,20,5
69.0,female,4825.0,1802,76,310,20,4
58.0,female,5621.0,1227,99,211,20,3
59.0,male,3025.0,1610,40,332,20,5
31.0,male,5612.0,2381,129,306,48,5
52.0,female,5033.0,2273,116,246,79,3
39.0,female,9731.0,1894,86,205,92,0
78.0,female,2546.0,1992,56,297,65,1
37.0,male,3535.0,2369,220,282,32,4
55.0,male,6215.0,1976,76,353,43,3
70.0,male,5046.0,2010,44,369,43,4
69.0,male,5011.0,1761,153,236,20,3
41.0,male,3533.0,2611,123,322,117,2
83.0,female,1827.0,1543,69,200,33,6
31.0,male,5611.0,2398,220,361,24,4
90.0,female,6210.0,1836,130,232,41,6
39.0,female,9727.0,1820,107,325,20,2
68.0,female,3534.0,2050,39,308,57,0
53.0,female,3548.0,1906,37,349,24,4
73.0,female,5044.0,2221,132,355,53,7
65.0,female,8927.0,2314,220,245,37,2
34.0,female,6221.0,2309,122,411,25,2
47.0,female,2546.0,1957,61,387,47,2
52.0,female,3515.0,2044,172,228,62,4
25.0,male,3512.0,2415,81,277,132,0
80.0,male,3026.0,1791,154,203,27,4
64.0,female,4826.0,1787,220,104,93,2
44.0,male,3022.0,2097,220,222,20,2
62.0,male,5013.0,2019,218,305,20,6
70.0,male,4813.0,2067,101,312,23,3
52.0,male,3516.0,1819,44,296,46,5
61.0,male,5622.0,2264,157,285,65,4
66.0,other,3510.0,2026,64,274,78,5
50.0,male,3025.0,2100,114,414,20,3
39.0,male,8913.0,2161,212,381,20,2
26.0,female,8911.0,2270,192,264,111,5
21.0,male,1022.0,2260,138,320,20,4
36.0,female,3531.0,2227,220,242,82,7
72.0,male,3512.0,2272,109,468,22,2
25.0,male,3019.0,2479,220,364,26,2
69.0,female,3532.0,1905,175,131,84,4
90.0,male,6514.0,2028,220,195,26,3
86.0,female,5650.0,1444,82,290,46,1
33.0,female,5022.0,2622,220,371,20,1
42.0,female,2542.0,1991,30,330,58,4
72.0,male,9713.0,2074,136,156,107,4
42.0,male,6212.0,2402,69,409,53,2
78.0,male,3534.0,2089,131,167,109,4
75.0,female,9721.0,2134,147,226,75,3
57.0,male,1033.0,2481,195,235,94,0
87.0,male,3515.0,2230,132,312,39,0
72.0,male,9729.0,1845,146,185,34,5
51.0,male,3516.0,2006,218,243,20,0
71.0,female,1031.0,2146,184,229,31,5
71.0,female,2548.0,2517,220,243,100,1
85.0,male,1031.0,1960,30,156,115,7
64.0,male,1035.0,2480,104,502,20,3
23.0,female,3031.0,2653,220,231,69,2
79.0,female,3511.0,1948,90,229,73,4
41.0,male,3023.0,2315,162,182,115,0
39.0,female,1822.0,1952,141,263,21,5
60.0,female,3536.0,2341,75,245,129,7
26.0,female,3023.0,2857,207,396,20,0
37.0,other,6507.0,1668,129,254,23,2
21.0,other,1035.0,2454,62,474,25,3
69.0,female,3533.0,2033,85,260,90,5
87.0,female,4814.0,1708,145,100,61,4
79.0,female,8927.0,2668,85,339,92,3
33.0,male,5024.0,2036,186,300,20,2
57.0,male,5612.0,2527,220,311,23,4
55.0,other,3514.0,2223,95,219,110,4
31.0,female,5645.0,1761,195,126,50,2
83.0,male,6222.0,1603,166,146,54,5
86.0,female,3035.0,2196,132,312,20,3
43.0,male,6216.0,2575,30,457,54,3
72.0,female,5025.0,1887,220,200,20,3
65.0,female,3021.0,2420,32,351,107,3
28.0,male,1047.0,2423,137,218,63,3
40.0,female,5013.0,2084,176,149,55,2
24.0,male,1812.0,2281,220,161,25,2
80.0,female,3509.0,1467,62,172,73,4
73.0,male,1032.0,1903,117,232,74,3
73.0,male,5643.0,2381,220,228,69,2
62.0,male,5027.0,2125,92,438,20,3
52.0,male,3536.0,2441,88,239,138,2
55.0,male,6210.0,2163,99,437,20,2
43.0,female,3548.0,2080,220,221,46,0
85.0,female,5631.0,1991,30,267,86,6
51.0,male,1825.0,1857,159,172,24,3
18.0,male,5634.0,1903,156,219,39,1
19.0,male,5023.0,1769,135,263,23,4
88.0,other,6222.0,1660,30,279,39,2
90.0,female,3510.0,2036,87,208,125,0
50.0,male,4818.0,2586,220,275,38,2
20.0,male,5035.0,2200,125,273,57,1
79.0,male,3513.0,2028,200,295,24,4
80.0,female,3024.0,1574,178,232,39,2
87.0,female,1033.0,2235,122,236,113,6
43.0,male,1036.0,2497,38,366,54,3
21.0,female,5009.0,1840,59,255,39,0
72.0,female,3022.0,1850,70,388,20,5
38.0,female,3023.0,2302,58,242,176,1
60.0,male,5012.0,2013,155,288,20,0
30.0,male,3516.0,2186,96,217,110,2
30.0,male,6222.0,2288,190,319,20,7
36.0,male,9721.0,2222,35,322,86,4
38.0,male,9722.0,2338,69,239,133,2
85.0,female,5013.0,1631,130,299,20,6
48.0,female,1028.0,1877,107,155,90,0
38.0,male,1045.0,2341,71,451,33,5
25.0,male,3532.0,2650,103,457,20,2
42.0,female,4825.0,2153,220,213,20,6
33.0,female,5611.0,1918,191,127,52,2
49.0,female,6514.0,1474,38,211,38,3
33.0,male,3516.0,2495,30,289,132,2
84.0,male,1031.0,1878,30,221,86,7
49.0,male,3516.0,2095,56,303,84,5
68.0,male,9707.0,2169,148,216,77,5
49.0,female,3028.0,1473,43,195,33,9
20.0,male,3026.0,2168,121,427,20,2
37.0,male,4818.0,2257,139,426,20,2
66.0,female,1035.0,1953,220,202,39,6
74.0,female,1037.0,1969,150,299,20,2
44.0,female,4823.0,2112,182,177,40,1
30.0,male,2014.0,2516,113,293,123,4
48.0,other,3034.0,2251,100,380,47,3
27.0,male,1048.0,2286,137,347,57,3
20.0,male,5046.0,2263,129,396,52,7
81.0,female,9737.0,1865,44,302,55,2
65.0,male,4818.0,2277,81,315,79,4
28.0,female,1033.0,2235,122,343,61,0
87.0,male,5012.0,1747,98,295,37,6
42.0,male,3037.0,2611,79,375,55,3
63.0,male,9712.0,2218,113,297,97,1
63.0,male,6215.0,2080,200,220,20,4
34.0,male,3544.0,2065,220,155,20,3
59.0,male,6538.0,1745,166,261,20,4
28.0,male,8913.0,2236,77,437,45,5
63.0,female,8920.0,2015,136,307,48,2
27.0,male,1812.0,2045,44,436,36,4
30.0,male,5038.0,2132,72,329,72,2
78.0,female,5014.0,1928,76,257,62,6
38.0,female,1040.0,2258,115,304,37,2
76.0,female,8927.0,2335,85,262,106,8
25.0,other,4822.0,2080,72,104,133,1
25.0,female,5022.0,2172,151,385,20,3
83.0,female,3034.0,1814,52,352,27,2
25.0,male,8925.0,2550,97,380,93,3
79.0,male,5036.0,2042,64,414,48,4
42.0,male,5045.0,2714,44,374,93,2
31.0,other,9711.0,1994,203,127,92,3
33.0,female,6223.0,2314,105,456,20,0
48.0,male,3035.0,2611,220,228,60,1
37.0,male,5021.0,2292,220,249,82,7
24.0,female,1037.0,1886,40,406,20,2
34.0,male,6212.0,2156,188,244,74,1
57.0,female,4818.0,2020,116,312,26,5
40.0,female,5044.0,2419,94,363,70,1
80.0,male,3509.0,2423,132,282,64,6
38.0,male,2013.0,2637,220,263,42,3
89.0,male,4809.0,2702,207,247,131,3
62.0,female,6535.0,1787,134,219,23,2
82.0,male,3516.0,1910,92,299,32,4
70.0,female,1823.0,1404,47,303,20,6
51.0,female,9731.0,2286,122,234,95,2
54.0,female,5632.0,2137,194,272,33,4
86.0,male,5648.0,1878,149,228,38,5
23.0,male,5027.0,1916,59,363,28,4
89.0,female,9718.0,1861,30,153,121,3
53.0,female,3518.0,1733,188,154,76,3
26.0,female,5612.0,2604,139,492,23,2
87.0,female,5646.0,1986,89,342,20,8
70.0,female,1033.0,2158,136,319,20,3
75.0,female,3034.0,1978,30,343,27,4
35.0,male,5015.0,2760,208,395,33,7
60.0,male,3041.0,2102,37,356,46,3
65.0,female,4809.0,2200,36,381,20,4
75.0,female,6217.0,2024,86,353,33,10
50.0,male,5614.0,2598,135,517,20,4
70.0,female,1023.0,1799,195,138,109,4
53.0,female,9730.0,2221,57,280,93,1
66.0,female,4810.0,2151,92,398,20,4
86.0,male,5015.0,2350,220,359,20,3
48.0,male,1047.0,2234,220,279,31,3
25.0,other,5632.0,2416,152,391,20,3
56.0,female,4818.0,2062,116,212,80,3
44.0,other,1028.0,2093,108,351,36,2
71.0,male,5647.0,2013,35,307,93,5
40.0,male,5609.0,2771,42,568,29,5
65.0,female,8928.0,2684,79,347,110,7
64.0,female,2545.0,2105,47,204,111,1
39.0,male,5032.0,2148,62,278,112,1
50.0,male,6224.0,1606,153,195,29,1
25.0,female,2516.0,2261,206,353,20,3
68.0,female,2014.0,2151,129,322,38,2
83.0,male,5614.0,2071,30,410,20,2
80.0,female,3511.0,1485,30,336,32,6
81.0,female,6210.0,1815,130,212,43,2
49.0,male,1046.0,2282,57,311,82,3
54.0,male,4815.0,2529,79,558,23,3
46.0,male,6223.0,2548,220,323,34,1
29.0,male,8911.0,1927,106,334,72,1
79.0,male,3532.0,2096,153,161,83,6
59.0,male,3519.0,2102,177,325,20,2
84.0,female,5610.0,2097,159,304,20,3
31.0,female,4817.0,2369,199,389,20,1
61.0,female,6211.0,2130,71,370,39,4
76.0,female,4825.0,1734,30,124,110,2
86.0,female,1029.0,1349,30,310,58,6
53.0,female,1037.0,2301,197,222,63,5
55.0,female,3022.0,1853,140,300,20,9
46.0,female,4815.0,2255,151,364,38,6
34.0,female,2518.0,1863,106,315,20,6
56.0,male,5045.0,2480,220,194,78,4
35.0,female,6223.0,2048,44,351,22,5
50.0,male,9731.0,1833,123,330,20,7
87.0,male,5610.0,1992,137,236,52,2
43.0,female,5612.0,2057,157,192,56,2
81.0,female,6515.0,1392,38,314,44,3
23.0,male,3509.0,2297,64,342,71,1
84.0,female,1036.0,1979,30,243,101,1
37.0,female,5623.0,1818,37,247,66,4
90.0,female,5631.0,1504,69,155,47,1
74.0,male,1022.0,2403,220,249,21,2
89.0,male,5045.0,2068,220,142,49,4
49.0,other,3033.0,2413,82,374,49,5
14.0,male,3027.0,1916,78,187,82,1
22.0,other,9710.0,1994,220,192,20,2
48.0,female,4822.0,2517,220,287,28,6
85.0,male,8927.0,2198,67,474,33,1
85.0,male,3514.0,2524,122,392,40,4
83.0,female,8911.0,1540,46,257,66,2
40.0,female,5022.0,1683,32,284,22,6
64.0,male,1023.0,1802,146,100,86,5
51.0,male,5033.0,2160,30,512,40,2
80.0,male,5633.0,2268,220,222,25,6
38.0,female,5014.0,2207,68,343,47,4
25.0,other,5644.0,2427,101,259,143,2
29.0,female,5633.0,1798,79,393,26,3
87.0,female,2014.0,2172,120,370,38,6
66.0,male,5023.0,2282,211,202,43,7
28.0,male,3023.0,2625,48,233,176,2
34.0,female,1824.0,1761,118,363,20,3
81.0,male,6515.0,1607,44,195,39,2
75.0,female,3531.0,1916,126,263,46,8
20.0,female,3025.0,2218,50,411,22,3
36.0,male,3516.0,1915,97,255,50,1
68.0,male,4814.0,2409,90,466,23,2
32.0,male,6515.0,2208,66,289,79,3
70.0,male,8926.0,2330,130,262,68,6
40.0,female,3026.0,1783,30,425,20,2
46.0,male,6219.0,2588,45,444,25,5
58.0,female,1825.0,1991,210,190,52,3
20.0,female,5022.0,2266,155,381,20,7
85.0,male,3026.0,2362,63,191,145,3
63.0,female,1046.0,1774,30,340,20,2
22.0,male,3026.0,2207,161,393,20,2
49.0,female,3516.0,1965,55,383,56,2
38.0,male,3546.0,2076,216,230,20,0
51.0,male,6219.0,2111,45,256,108,3
24.0,male,5616.0,2742,210,428,20,0
56.0,male,4817.0,2478,118,286,106,4
44.0,female,8928.0,2479,184,382,20,6
24.0,male,1824.0,2173,220,201,50,6
84.0,male,4816.0,2060,140,218,52,1
19.0,male,6215.0,2468,74,442,87,2
51.0,male,3036.0,2160,31,480,23,2
86.0,female,5646.0,1793,47,393,20,1
57.0,female,5622.0,2525,181,351,51,4
51.0,male,6221.0,2548,30,444,35,6
58.0,male,3041.0,2102,167,341,20,8
58.0,male,9713.0,2390,98,163,162,0
89.0,other,5642.0,1654,30,154,103,3
53.0,female,6210.0,2208,109,365,39,6
81.0,male,1825.0,2078,52,413,32,7
55.0,other,3512.0,2223,104,219,104,3
74.0,other,1033.0,2158,198,210,38,2
33.0,female,5616.0,1534,122,223,33,1
56.0,male,3023.0,2306,30,359,102,1
38.0,male,1811.0,2178,66,329,78,7
42.0,female,9729.0,1757,37,303,36,2
69.0,male,8909.0,2324,94,414,25,4
57.0,male,5618.0,2157,128,96,85,2
23.0,female,1039.0,1910,30,286,85,2
73.0,male,5626.0,2154,220,236,20,3
89.0,male,1031.0,1654,30,115,119,5
40.0,female,3516.0,2180,30,474,20,1
81.0,female,3515.0,1714,35,375,20,4
39.0,male,6223.0,2273,34,439,38,3
25.0,other,3542.0,1974,30,332,40,4
69.0,male,6221.0,2920,105,420,44,2
24.0,male,3509.0,2330,30,286,110,0
85.0,female,9712.0,2154,34,291,93,3
19.0,female,1045.0,2051,30,445,23,2
76.0,male,4811.0,2292,210,272,51,3
75.0,male,5624.0,2135,181,207,59,1
76.0,female,4811.0,1630,36,356,20,6
65.0,female,9734.0,1944,103,275,49,0
71.0,female,5632.0,2050,139,293,33,4
68.0,female,5619.0,1919,127,211,41,3
53.0,female,3028.0,1628,88,264,34,0
79.0,male,3517.0,1529,30,241,33,3
44.0,male,3532.0,2309,92,344,70,3
82.0,male,3530.0,2623,202,306,45,5
64.0,female,5644.0,2015,57,386,20,7
28.0,female,8921.0,2396,73,396,52,3
48.0,female,8922.0,1991,42,192,140,2
43.0,female,1824.0,1694,130,230,23,7
89.0,male,4822.0,2226,56,207,123,5
72.0,female,5635.0,2155,88,309,48,3
79.0,female,4813.0,2271,220,216,24,2
71.0,female,2518.0,1624,44,214,53,7
31.0,male,4817.0,2369,194,324,20,4
91.0,male,5637.0,2122,158,282,60,3
63.0,female,6215.0,1597,30,290,52,5
60.0,male,9732.0,2053,30,297,59,5
49.0,male,2517.0,2087,128,358,20,10
43.0,male,8915.0,2170,151,251,73,2
42.0,other,4823.0,2139,87,378,32,1
46.0,male,2015.0,1833,134,158,78,2
33.0,male,8921.0,2911,110,486,49,5
62.0,male,1030.0,1789,39,161,101,0
26.0,male,4822.0,1683,192,127,48,2
44.0,female,5613.0,1935,208,208,55,1
82.0,other,3510.0,1720,149,211,20,4
31.0,female,3514.0,1965,56,272,59,4
69.0,female,6218.0,1827,139,300,26,4
42.0,male,2014.0,2656,220,299,34,4
36.0,male,6224.0,2179,51,464,24,5
57.0,male,5012.0,2163,86,348,68,2
43.0,male,8912.0,2225,36,362,100,4
43.0,female,9734.0,2286,207,169,20,4
54.0,male,1031.0,2190,30,401,43,7
79.0,male,2545.0,2594,155,303,71,3
32.0,female,5621.0,2643,135,390,20,3
76.0,female,3022.0,1776,117,252,41,5
33.0,female,1813.0,2388,187,257,109,0
57.0,other,6513.0,2360,141,324,50,4
49.0,male,4825.0,1847,53,296,52,0
82.0,male,6534.0,1603,139,131,67,5
80.0,male,8921.0,2491,220,213,29,5
76.0,male,1825.0,2252,70,375,56,4
45.0,female,5015.0,2207,42,334,85,2
67.0,female,5018.0,2235,102,468,20,6
46.0,male,5013.0,2178,33,309,92,5
56.0,female,3514.0,2047,58,348,32,1
66.0,female,5033.0,1658,65,280,31,3
89.0,male,1037.0,2330,111,311,52,1
22.0,male,9727.0,2463,156,373,28,4
58.0,female,1031.0,2099,109,439,37,0
26.0,female,1028.0,2112,54,341,93,1
34.0,male,9729.0,2186,60,327,95,4
21.0,male,5043.0,2419,220,167,57,6
65.0,male,3532.0,2070,220,241,52,2
22.0,male,1814.0,2301,131,406,20,7
65.0,female,2544.0,2319,59,204,173,3
30.0,male,5644.0,2049,35,295,93,3
44.0,female,4818.0,2517,219,364,20,6
74.0,female,3534.0,1680,147,204,20,0
86.0,female,4816.0,1970,92,304,37,4
73.0,female,4821.0,1425,51,134,70,1
68.0,female,3530.0,2207,113,379,53,7
43.0,male,5647.0,2282,213,203,43,4
71.0,female,2543.0,2204,47,267,112,2
51.0,female,1817.0,1985,57,332,54,6
32.0,female,3038.0,2108,112,167,109,3
69.0,male,8919.0,1769,76,122,108,4
55.0,female,3540.0,2177,140,378,20,4
29.0,male,5614.0,2508,220,181,20,2
56.0,male,2517.0,2087,156,335,20,0
27.0,female,9721.0,1863,53,261,78,4
71.0,female,5011.0,2348,30,325,92,2
31.0,female,5026.0,1500,47,132,76,3
52.0,male,1031.0,2095,107,339,33,2
70.0,male,6223.0,2024,135,343,30,4
53.0,male,6217.0,2163,135,282,28,4
87.0,female,1826.0,2024,61,252,87,7
60.0,male,3542.0,2157,220,195,26,10
60.0,female,9731.0,1704,125,246,23,7
18.0,female,3038.0,2055,152,268,39,3
47.0,male,3511.0,2451,80,347,79,3
49.0,male,5612.0,2354,220,249,51,5
76.0,male,4822.0,2187,165,323,39,2
54.0,male,9734.0,1904,63,390,20,7
42.0,male,9729.0,2179,95,239,95,2
29.0,male,5022.0,2786,86,517,20,6
64.0,female,1022.0,2324,99,397,26,3
25.0,male,4815.0,2683,90,430,32,2
78.0,male,5621.0,2269,76,481,20,2
25.0,female,1048.0,2509,137,365,64,4
14.0,male,1825.0,2208,57,385,22,5
67.0,female,5022.0,2391,61,457,20,8
65.0,male,4810.0,2272,220,177,38,0
67.0,female,1031.0,2102,218,237,45,5
59.0,male,3541.0,2157,106,410,20,3
31.0,male,5022.0,2387,152,414,26,3
70.0,female,2521.0,1624,103,214,38,10
28.0,male,6209.0,2518,35,585,65,3
82.0,male,3510.0,2269,30,306,82,4
55.0,male,3520.0,1858,188,102,61,6
36.0,female,9728.0,2627,220,332,20,1
41.0,male,5634.0,2093,135,208,54,2
59.0,male,3542.0,1971,97,251,67,1
70.0,male,1822.0,1863,102,215,82,3
54.0,female,6514.0,1970,174,176,39,4
20.0,male,3025.0,2246,85,468,20,6
23.0,female,6225.0,1664,90,240,57,4
30.0,male,1047.0,2286,62,302,82,3
80.0,male,1827.0,2421,112,328,61,3
61.0,male,9730.0,2417,205,194,94,2
82.0,male,3020.0,1892,92,322,33,0
17.0,male,1028.0,1894,30,401,44,1
31.0,female,5623.0,2426,30,507,20,6
22.0,female,6214.0,2382,213,361,20,3
41.0,female,3535.0,1657,59,236,52,5
75.0,female,8904.0,1921,154,344,20,7
53.0,female,3035.0,2312,116,384,53,7
86.0,female,2013.0,1416,40,169,123,5
66.0,female,3531.0,2033,74,146,123,2
34.0,female,3512.0,2224,80,241,101,1
86.0,female,3024.0,2108,60,334,68,9
66.0,male,6217.0,2178,149,215,94,1
49.0,male,4812.0,2470,220,207,20,1
40.0,female,4825.0,2052,220,148,26,6
41.0,female,5619.0,1829,41,247,43,5
38.0,female,3511.0,1955,82,286,37,3
67.0,male,5615.0,2426,220,268,62,5
54.0,male,5045.0,2343,220,253,37,5
27.0,male,5615.0,2302,220,253,53,5
28.0,female,6536.0,1880,54,310,21,3
65.0,male,5622.0,1936,220,192,20,5
54.0,female,1810.0,2221,220,222,20,4
49.0,female,4817.0,2066,79,288,49,5
55.0,other,3510.0,2231,108,268,81,0
18.0,male,9732.0,2117,201,183,28,2
70.0,male,1031.0,2233,108,426,32,5
87.0,female,5631.0,1504,95,223,34,2
75.0,male,6515.0,1752,177,149,67,3
60.0,male,3515.0,2241,45,273,98,2
33.0,female,5021.0,2257,171,261,99,7
74.0,male,9729.0,2592,84,373,67,3
82.0,male,4811.0,2207,113,398,20,5
51.0,male,3529.0,2063,109,263,91,6
55.0,male,6534.0,1822,130,220,35,6
46.0,female,5613.0,2153,80,373,59,0
83.0,female,1020.0,2032,73,408,20,3
65.0,female,3516.0,1923,35,425,20,3
51.0,male,3518.0,1829,87,303,20,1
58.0,female,6534.0,1227,75,273,20,6
32.0,female,5011.0,1746,177,133,93,5
54.0,female,9711.0,2222,160,246,79,3
68.0,male,5019.0,2195,121,330,20,9
69.0,female,3514.0,1643,40,290,25,5
52.0,male,1814.0,1836,116,353,28,4
55.0,female,3027.0,1853,123,320,20,10
81.0,other,1033.0,2337,112,352,67,4
52.0,female,1824.0,2071,220,160,20,4
66.0,male,9722.0,2048,111,191,69,2
40.0,female,6221.0,2224,48,452,20,2
23.0,male,6215.0,2517,204,317,20,0
29.0,male,1044.0,2527,79,380,81,1
76.0,female,4811.0,1480,89,287,41,7
57.0,male,3542.0,2118,220,222,20,4
86.0,male,4812.0,2702,30,568,23,6
70.0,male,3031.0,2039,98,353,20,6
40.0,female,5022.0,2131,92,447,20,6
70.0,female,9711.0,2024,157,225,38,7
45.0,female,4818.0,1991,30,252,100,1
29.0,female,5621.0,2217,107,477,20,7
72.0,male,3515.0,2135,39,331,78,4
71.0,female,3532.0,2789,30,575,30,4
28.0,male,3515.0,1958,30,393,20,2
41.0,male,1023.0,2062,133,375,20,3
55.0,female,3515.0,1935,57,349,43,1
73.0,female,2520.0,1624,103,204,46,5
56.0,female,3033.0,2027,78,384,33,5
55.0,male,1824.0,2212,57,382,20,5
43.0,female,6209.0,2065,90,269,75,3
39.0,female,5611.0,2006,80,315,84,3
75.0,female,4818.0,1891,38,401,20,3
79.0,male,1034.0,2385,197,171,93,6
74.0,female,5634.0,1847,30,224,94,8
28.0,female,9710.0,2407,30,326,86,0
21.0,male,4821.0,2558,206,367,37,2
33.0,male,5031.0,2466,30,293,125,0
42.0,female,3025.0,1654,220,165,48,2
84.0,male,8918.0,2400,63,352,93,3
61.0,male,5613.0,2110,157,355,20,2
35.0,male,3024.0,2223,184,319,20,2
40.0,female,1812.0,2449,115,272,20,3
67.0,female,5022.0,2158,220,237,20,3
55.0,male,6220.0,1950,90,333,42,6
33.0,female,8912.0,1918,46,406,24,3
38.0,female,5011.0,1978,56,383,47,3
59.0,female,2517.0,1979,201,164,46,3
21.0,male,5043.0,2168,96,165,135,2
88.0,male,1029.0,2000,125,228,71,2
42.0,male,3041.0,1999,122,253,81,4
57.0,female,1032.0,2234,72,458,32,0
71.0,female,5633.0,2197,122,395,28,2
57.0,female,1033.0,1799,30,441,20,7
42.0,female,1823.0,1783,204,230,20,3
73.0,female,3515.0,1839,87,257,48,2
25.0,other,3516.0,2194,114,245,94,5
91.0,male,1035.0,1974,185,195,75,4
18.0,female,5022.0,2103,96,326,75,1
15.0,male,1813.0,2646,81,380,37,2
87.0,male,5633.0,2356,143,341,29,4
20.0,male,1811.0,1828,116,353,22,5
25.0,male,1824.0,2173,211,175,21,3
33.0,female,9712.0,2227,67,334,86,1
77.0,male,4822.0,2272,97,402,36,1
73.0,male,2013.0,2223,30,443,20,2
87.0,male,3018.0,2174,30,476,20,4
32.0,male,9713.0,2234,208,300,44,1
18.0,female,5032.0,1909,137,185,61,5
43.0,female,5012.0,1974,53,312,58,0
51.0,male,6513.0,2531,90,429,20,3
15.0,female,5033.0,1827,91,106,116,2
